scenario_id,horizon_scenario,charger_power_kw,capacity_scenario,forecast_signal_scenario,site_capacity_kw,strategy,sessions_scheduled,sites_scheduled,total_energy_requested_kwh,total_energy_delivered_kwh,unserved_energy_kwh,unserved_energy_percent,sessions_fully_served_percent,peak_load_kw,capacity_violation_hours,capacity_violation_percent,max_capacity_violation_kw,load_std_kw,load_factor,average_delay_hours,peak_reduction_kw_vs_uncontrolled,peak_reduction_percent_vs_uncontrolled
1,original_calendar_aligned,6.6,capacity_p90,eahpa_point,73.01362463386315,peak_sensitive,9110,1,79676.49483542707,79644.65950209375,31.835333333334223,0.03995574027081708,98.81448957189902,116.85454933050836,129,3.819958543085579,43.84092469664522,24.597127788825645,0.2832531169520487,2.640300230698001,105.98347827010475,47.560768425062626
1,original_calendar_aligned,6.6,capacity_p90,eahpa_point,73.01362463386315,point_forecast,9110,1,79676.49483542707,79644.65950209375,31.835333333334223,0.03995574027081708,98.81448957189902,116.85454933050836,129,3.819958543085579,43.84092469664522,24.597127788825645,0.2832531169520487,2.640300230698001,105.98347827010475,47.560768425062626
1,original_calendar_aligned,6.6,capacity_p90,eahpa_point,73.01362463386315,uncertainty_aware,9110,1,79676.49483542707,79644.65950209375,31.835333333334237,0.039955740270817094,98.81448957189902,116.85454933050836,129,3.819958543085579,43.84092469664522,24.602054316188564,0.28333861691494805,2.639653410549262,105.98347827010475,47.560768425062626
1,original_calendar_aligned,6.6,capacity_p90,eahpa_point,73.01362463386315,uncontrolled,9110,1,79676.49483542707,79644.65950209375,31.835333333334248,0.03995574027081711,98.81448957189902,222.83802760061312,338,10.008883624518804,149.82440296674997,34.11591533239056,0.1490267749373955,0.16378837130530452,0.0,0.0
1,original_calendar_aligned,6.6,capacity_p90,eahpa_point,73.01362463386315,valley_filling,9110,1,79676.49483542707,79644.65950209375,31.83533333333431,0.039955740270817185,98.81448957189902,108.48534130043687,78,2.3097423748889545,35.47171666657373,20.778444618391127,0.3156741410347398,2.8672780244764215,114.35268630017625,51.316504427658835
2,original_calendar_aligned,6.6,capacity_p90,prc_peak_sensitive,73.01362463386315,peak_sensitive,9110,1,79676.49483542707,79644.65950209375,31.835333333334223,0.03995574027081708,98.81448957189902,116.85454933050836,129,3.819958543085579,43.84092469664522,24.597127788825645,0.2832531169520487,2.640300230698001,105.98347827010475,47.560768425062626
2,original_calendar_aligned,6.6,capacity_p90,prc_peak_sensitive,73.01362463386315,point_forecast,9110,1,79676.49483542707,79644.65950209375,31.835333333334223,0.03995574027081708,98.81448957189902,116.85454933050836,129,3.819958543085579,43.84092469664522,24.597127788825645,0.2832531169520487,2.640300230698001,105.98347827010475,47.560768425062626
2,original_calendar_aligned,6.6,capacity_p90,prc_peak_sensitive,73.01362463386315,uncertainty_aware,9110,1,79676.49483542707,79644.65950209375,31.835333333334237,0.039955740270817094,98.81448957189902,116.85454933050836,129,3.819958543085579,43.84092469664522,24.602054316188564,0.28333861691494805,2.639653410549262,105.98347827010475,47.560768425062626
2,original_calendar_aligned,6.6,capacity_p90,prc_peak_sensitive,73.01362463386315,uncontrolled,9110,1,79676.49483542707,79644.65950209375,31.835333333334248,0.03995574027081711,98.81448957189902,222.83802760061312,338,10.008883624518804,149.82440296674997,34.11591533239056,0.1490267749373955,0.16378837130530452,0.0,0.0
2,original_calendar_aligned,6.6,capacity_p90,prc_peak_sensitive,73.01362463386315,valley_filling,9110,1,79676.49483542707,79644.65950209375,31.83533333333431,0.039955740270817185,98.81448957189902,108.48534130043687,78,2.3097423748889545,35.47171666657373,20.778444618391127,0.3156741410347398,2.8672780244764215,114.35268630017625,51.316504427658835
3,original_calendar_aligned,6.6,capacity_p90,upper_bound,73.01362463386315,peak_sensitive,9110,1,79676.49483542707,79644.65950209375,31.835333333334223,0.03995574027081708,98.81448957189902,116.85454933050836,129,3.819958543085579,43.84092469664522,24.597127788825645,0.2832531169520487,2.640300230698001,105.98347827010475,47.560768425062626
3,original_calendar_aligned,6.6,capacity_p90,upper_bound,73.01362463386315,point_forecast,9110,1,79676.49483542707,79644.65950209375,31.835333333334223,0.03995574027081708,98.81448957189902,116.85454933050836,129,3.819958543085579,43.84092469664522,24.597127788825645,0.2832531169520487,2.640300230698001,105.98347827010475,47.560768425062626
3,original_calendar_aligned,6.6,capacity_p90,upper_bound,73.01362463386315,uncertainty_aware,9110,1,79676.49483542707,79644.65950209375,31.835333333334237,0.039955740270817094,98.81448957189902,116.85454933050836,129,3.819958543085579,43.84092469664522,24.602054316188564,0.28333861691494805,2.639653410549262,105.98347827010475,47.560768425062626
3,original_calendar_aligned,6.6,capacity_p90,upper_bound,73.01362463386315,uncontrolled,9110,1,79676.49483542707,79644.65950209375,31.835333333334248,0.03995574027081711,98.81448957189902,222.83802760061312,338,10.008883624518804,149.82440296674997,34.11591533239056,0.1490267749373955,0.16378837130530452,0.0,0.0
3,original_calendar_aligned,6.6,capacity_p90,upper_bound,73.01362463386315,valley_filling,9110,1,79676.49483542707,79644.65950209375,31.83533333333431,0.039955740270817185,98.81448957189902,108.48534130043687,78,2.3097423748889545,35.47171666657373,20.778444618391127,0.3156741410347398,2.8672780244764215,114.35268630017625,51.316504427658835
4,original_calendar_aligned,6.6,capacity_p95,eahpa_point,112.21842513944816,peak_sensitive,9110,1,79676.49483542707,79644.65950209375,31.83533333333426,0.039955740270817115,98.81448957189902,129.60282362617193,5,0.14806040864672787,17.384398486723768,27.47357864794522,0.2564452826362762,2.551537054334541,93.23520397444119,41.83989823386171
4,original_calendar_aligned,6.6,capacity_p95,eahpa_point,112.21842513944816,point_forecast,9110,1,79676.49483542707,79644.65950209375,31.83533333333426,0.039955740270817115,98.81448957189902,129.60282362617193,5,0.14806040864672787,17.384398486723768,27.47357864794522,0.2564452826362762,2.551537054334541,93.23520397444119,41.83989823386171
4,original_calendar_aligned,6.6,capacity_p95,eahpa_point,112.21842513944816,uncertainty_aware,9110,1,79676.49483542707,79644.65950209375,31.835333333334255,0.039955740270817115,98.81448957189902,129.60282362617193,5,0.14806040864672787,17.384398486723768,27.48532990980354,0.2565549034152522,2.550454815654502,93.23520397444119,41.83989823386171
4,original_calendar_aligned,6.6,capacity_p95,eahpa_point,112.21842513944816,uncontrolled,9110,1,79676.49483542707,79644.65950209375,31.835333333334248,0.03995574027081711,98.81448957189902,222.83802760061312,169,5.004441812259402,110.61960246116496,34.11591533239056,0.1490267749373955,0.16378837130530452,0.0,0.0
4,original_calendar_aligned,6.6,capacity_p95,eahpa_point,112.21842513944816,valley_filling,9110,1,79676.49483542707,79644.65950209375,31.83533333333432,0.0399557402708172,98.81448957189902,108.48534130043687,0,0.0,0.0,20.777668402732463,0.31566545748317226,2.8676836990219297,114.35268630017625,51.316504427658835
5,original_calendar_aligned,6.6,capacity_p95,prc_peak_sensitive,112.21842513944816,peak_sensitive,9110,1,79676.49483542707,79644.65950209375,31.83533333333426,0.039955740270817115,98.81448957189902,129.60282362617193,5,0.14806040864672787,17.384398486723768,27.47357864794522,0.2564452826362762,2.551537054334541,93.23520397444119,41.83989823386171
5,original_calendar_aligned,6.6,capacity_p95,prc_peak_sensitive,112.21842513944816,point_forecast,9110,1,79676.49483542707,79644.65950209375,31.83533333333426,0.039955740270817115,98.81448957189902,129.60282362617193,5,0.14806040864672787,17.384398486723768,27.47357864794522,0.2564452826362762,2.551537054334541,93.23520397444119,41.83989823386171
5,original_calendar_aligned,6.6,capacity_p95,prc_peak_sensitive,112.21842513944816,uncertainty_aware,9110,1,79676.49483542707,79644.65950209375,31.835333333334255,0.039955740270817115,98.81448957189902,129.60282362617193,5,0.14806040864672787,17.384398486723768,27.48532990980354,0.2565549034152522,2.550454815654502,93.23520397444119,41.83989823386171
5,original_calendar_aligned,6.6,capacity_p95,prc_peak_sensitive,112.21842513944816,uncontrolled,9110,1,79676.49483542707,79644.65950209375,31.835333333334248,0.03995574027081711,98.81448957189902,222.83802760061312,169,5.004441812259402,110.61960246116496,34.11591533239056,0.1490267749373955,0.16378837130530452,0.0,0.0
5,original_calendar_aligned,6.6,capacity_p95,prc_peak_sensitive,112.21842513944816,valley_filling,9110,1,79676.49483542707,79644.65950209375,31.83533333333432,0.0399557402708172,98.81448957189902,108.48534130043687,0,0.0,0.0,20.777668402732463,0.31566545748317226,2.8676836990219297,114.35268630017625,51.316504427658835
6,original_calendar_aligned,6.6,capacity_p95,upper_bound,112.21842513944816,peak_sensitive,9110,1,79676.49483542707,79644.65950209375,31.83533333333426,0.039955740270817115,98.81448957189902,129.60282362617193,5,0.14806040864672787,17.384398486723768,27.47357864794522,0.2564452826362762,2.551537054334541,93.23520397444119,41.83989823386171
6,original_calendar_aligned,6.6,capacity_p95,upper_bound,112.21842513944816,point_forecast,9110,1,79676.49483542707,79644.65950209375,31.83533333333426,0.039955740270817115,98.81448957189902,129.60282362617193,5,0.14806040864672787,17.384398486723768,27.47357864794522,0.2564452826362762,2.551537054334541,93.23520397444119,41.83989823386171
6,original_calendar_aligned,6.6,capacity_p95,upper_bound,112.21842513944816,uncertainty_aware,9110,1,79676.49483542707,79644.65950209375,31.835333333334255,0.039955740270817115,98.81448957189902,129.60282362617193,5,0.14806040864672787,17.384398486723768,27.48532990980354,0.2565549034152522,2.550454815654502,93.23520397444119,41.83989823386171
6,original_calendar_aligned,6.6,capacity_p95,upper_bound,112.21842513944816,uncontrolled,9110,1,79676.49483542707,79644.65950209375,31.835333333334248,0.03995574027081711,98.81448957189902,222.83802760061312,169,5.004441812259402,110.61960246116496,34.11591533239056,0.1490267749373955,0.16378837130530452,0.0,0.0
6,original_calendar_aligned,6.6,capacity_p95,upper_bound,112.21842513944816,valley_filling,9110,1,79676.49483542707,79644.65950209375,31.83533333333432,0.0399557402708172,98.81448957189902,108.48534130043687,0,0.0,0.0,20.777668402732463,0.31566545748317226,2.8676836990219297,114.35268630017625,51.316504427658835
7,original_calendar_aligned,6.6,capacity_p95_plus_10percent,eahpa_point,123.44026765339298,peak_sensitive,9110,1,79676.49483542707,79644.65950209375,31.83533333333425,0.03995574027081711,98.81448957189902,130.10541515367953,5,0.14806040864672787,6.665147500286551,27.711997501211417,0.25556986940657456,2.544668048212541,92.73261244693359,41.61435704911904
7,original_calendar_aligned,6.6,capacity_p95_plus_10percent,eahpa_point,123.44026765339298,point_forecast,9110,1,79676.49483542707,79644.65950209375,31.83533333333425,0.03995574027081711,98.81448957189902,130.10541515367953,5,0.14806040864672787,6.665147500286551,27.711997501211417,0.25556986940657456,2.544668048212541,92.73261244693359,41.61435704911904
7,original_calendar_aligned,6.6,capacity_p95_plus_10percent,eahpa_point,123.44026765339298,uncertainty_aware,9110,1,79676.49483542707,79644.65950209375,31.835333333334248,0.03995574027081711,98.81448957189902,130.10541515367953,5,0.14806040864672787,6.665147500286551,27.72364002196553,0.25567906672527657,2.5435858095325017,92.73261244693359,41.61435704911904
7,original_calendar_aligned,6.6,capacity_p95_plus_10percent,eahpa_point,123.44026765339298,uncontrolled,9110,1,79676.49483542707,79644.65950209375,31.835333333334248,0.03995574027081711,98.81448957189902,222.83802760061312,137,4.056855196920344,99.39775994722014,34.11591533239056,0.1490267749373955,0.16378837130530452,0.0,0.0
7,original_calendar_aligned,6.6,capacity_p95_plus_10percent,eahpa_point,123.44026765339298,valley_filling,9110,1,79676.49483542707,79644.65950209375,31.83533333333432,0.0399557402708172,98.81448957189902,108.48534130043687,0,0.0,0.0,20.777668402732463,0.31566545748317226,2.8676836990219297,114.35268630017625,51.316504427658835
8,original_calendar_aligned,6.6,capacity_p95_plus_10percent,prc_peak_sensitive,123.44026765339298,peak_sensitive,9110,1,79676.49483542707,79644.65950209375,31.83533333333425,0.03995574027081711,98.81448957189902,130.10541515367953,5,0.14806040864672787,6.665147500286551,27.711997501211417,0.25556986940657456,2.544668048212541,92.73261244693359,41.61435704911904
8,original_calendar_aligned,6.6,capacity_p95_plus_10percent,prc_peak_sensitive,123.44026765339298,point_forecast,9110,1,79676.49483542707,79644.65950209375,31.83533333333425,0.03995574027081711,98.81448957189902,130.10541515367953,5,0.14806040864672787,6.665147500286551,27.711997501211417,0.25556986940657456,2.544668048212541,92.73261244693359,41.61435704911904
8,original_calendar_aligned,6.6,capacity_p95_plus_10percent,prc_peak_sensitive,123.44026765339298,uncertainty_aware,9110,1,79676.49483542707,79644.65950209375,31.835333333334248,0.03995574027081711,98.81448957189902,130.10541515367953,5,0.14806040864672787,6.665147500286551,27.72364002196553,0.25567906672527657,2.5435858095325017,92.73261244693359,41.61435704911904
8,original_calendar_aligned,6.6,capacity_p95_plus_10percent,prc_peak_sensitive,123.44026765339298,uncontrolled,9110,1,79676.49483542707,79644.65950209375,31.835333333334248,0.03995574027081711,98.81448957189902,222.83802760061312,137,4.056855196920344,99.39775994722014,34.11591533239056,0.1490267749373955,0.16378837130530452,0.0,0.0
8,original_calendar_aligned,6.6,capacity_p95_plus_10percent,prc_peak_sensitive,123.44026765339298,valley_filling,9110,1,79676.49483542707,79644.65950209375,31.83533333333432,0.0399557402708172,98.81448957189902,108.48534130043687,0,0.0,0.0,20.777668402732463,0.31566545748317226,2.8676836990219297,114.35268630017625,51.316504427658835
9,original_calendar_aligned,6.6,capacity_p95_plus_10percent,upper_bound,123.44026765339298,peak_sensitive,9110,1,79676.49483542707,79644.65950209375,31.83533333333425,0.03995574027081711,98.81448957189902,130.10541515367953,5,0.14806040864672787,6.665147500286551,27.711997501211417,0.25556986940657456,2.544668048212541,92.73261244693359,41.61435704911904
9,original_calendar_aligned,6.6,capacity_p95_plus_10percent,upper_bound,123.44026765339298,point_forecast,9110,1,79676.49483542707,79644.65950209375,31.83533333333425,0.03995574027081711,98.81448957189902,130.10541515367953,5,0.14806040864672787,6.665147500286551,27.711997501211417,0.25556986940657456,2.544668048212541,92.73261244693359,41.61435704911904
9,original_calendar_aligned,6.6,capacity_p95_plus_10percent,upper_bound,123.44026765339298,uncertainty_aware,9110,1,79676.49483542707,79644.65950209375,31.835333333334248,0.03995574027081711,98.81448957189902,130.10541515367953,5,0.14806040864672787,6.665147500286551,27.72364002196553,0.25567906672527657,2.5435858095325017,92.73261244693359,41.61435704911904
9,original_calendar_aligned,6.6,capacity_p95_plus_10percent,upper_bound,123.44026765339298,uncontrolled,9110,1,79676.49483542707,79644.65950209375,31.835333333334248,0.03995574027081711,98.81448957189902,222.83802760061312,137,4.056855196920344,99.39775994722014,34.11591533239056,0.1490267749373955,0.16378837130530452,0.0,0.0
9,original_calendar_aligned,6.6,capacity_p95_plus_10percent,upper_bound,123.44026765339298,valley_filling,9110,1,79676.49483542707,79644.65950209375,31.83533333333432,0.0399557402708172,98.81448957189902,108.48534130043687,0,0.0,0.0,20.777668402732463,0.31566545748317226,2.8676836990219297,114.35268630017625,51.316504427658835
10,original_calendar_aligned,6.6,capacity_historical_peak,eahpa_point,222.83802760061312,peak_sensitive,9110,1,79676.49483542707,79644.65950209375,31.835333333334244,0.0399557402708171,98.81448957189902,165.8111420013892,0,0.0,0.0,27.970708654814924,0.20051482569072177,2.5425368154689725,57.02688559922393,25.59118217534745
10,original_calendar_aligned,6.6,capacity_historical_peak,eahpa_point,222.83802760061312,point_forecast,9110,1,79676.49483542707,79644.65950209375,31.835333333334244,0.0399557402708171,98.81448957189902,165.8111420013892,0,0.0,0.0,27.970708654814924,0.20051482569072177,2.5425368154689725,57.02688559922393,25.59118217534745
10,original_calendar_aligned,6.6,capacity_historical_peak,eahpa_point,222.83802760061312,uncertainty_aware,9110,1,79676.49483542707,79644.65950209375,31.835333333334244,0.0399557402708171,98.81448957189902,165.8111420013892,0,0.0,0.0,27.98224527665781,0.20060050848810138,2.541454576788934,57.02688559922393,25.59118217534745
10,original_calendar_aligned,6.6,capacity_historical_peak,eahpa_point,222.83802760061312,uncontrolled,9110,1,79676.49483542707,79644.65950209375,31.835333333334248,0.03995574027081711,98.81448957189902,222.83802760061312,0,0.0,0.0,34.11591533239056,0.1490267749373955,0.16378837130530452,0.0,0.0
10,original_calendar_aligned,6.6,capacity_historical_peak,eahpa_point,222.83802760061312,valley_filling,9110,1,79676.49483542707,79644.65950209375,31.83533333333432,0.0399557402708172,98.81448957189902,108.48534130043687,0,0.0,0.0,20.777668402732463,0.31566545748317226,2.8676836990219297,114.35268630017625,51.316504427658835
11,original_calendar_aligned,6.6,capacity_historical_peak,prc_peak_sensitive,222.83802760061312,peak_sensitive,9110,1,79676.49483542707,79644.65950209375,31.835333333334244,0.0399557402708171,98.81448957189902,165.8111420013892,0,0.0,0.0,27.970708654814924,0.20051482569072177,2.5425368154689725,57.02688559922393,25.59118217534745
11,original_calendar_aligned,6.6,capacity_historical_peak,prc_peak_sensitive,222.83802760061312,point_forecast,9110,1,79676.49483542707,79644.65950209375,31.835333333334244,0.0399557402708171,98.81448957189902,165.8111420013892,0,0.0,0.0,27.970708654814924,0.20051482569072177,2.5425368154689725,57.02688559922393,25.59118217534745
11,original_calendar_aligned,6.6,capacity_historical_peak,prc_peak_sensitive,222.83802760061312,uncertainty_aware,9110,1,79676.49483542707,79644.65950209375,31.835333333334244,0.0399557402708171,98.81448957189902,165.8111420013892,0,0.0,0.0,27.98224527665781,0.20060050848810138,2.541454576788934,57.02688559922393,25.59118217534745
11,original_calendar_aligned,6.6,capacity_historical_peak,prc_peak_sensitive,222.83802760061312,uncontrolled,9110,1,79676.49483542707,79644.65950209375,31.835333333334248,0.03995574027081711,98.81448957189902,222.83802760061312,0,0.0,0.0,34.11591533239056,0.1490267749373955,0.16378837130530452,0.0,0.0
11,original_calendar_aligned,6.6,capacity_historical_peak,prc_peak_sensitive,222.83802760061312,valley_filling,9110,1,79676.49483542707,79644.65950209375,31.83533333333432,0.0399557402708172,98.81448957189902,108.48534130043687,0,0.0,0.0,20.777668402732463,0.31566545748317226,2.8676836990219297,114.35268630017625,51.316504427658835
12,original_calendar_aligned,6.6,capacity_historical_peak,upper_bound,222.83802760061312,peak_sensitive,9110,1,79676.49483542707,79644.65950209375,31.835333333334244,0.0399557402708171,98.81448957189902,165.8111420013892,0,0.0,0.0,27.970708654814924,0.20051482569072177,2.5425368154689725,57.02688559922393,25.59118217534745
12,original_calendar_aligned,6.6,capacity_historical_peak,upper_bound,222.83802760061312,point_forecast,9110,1,79676.49483542707,79644.65950209375,31.835333333334244,0.0399557402708171,98.81448957189902,165.8111420013892,0,0.0,0.0,27.970708654814924,0.20051482569072177,2.5425368154689725,57.02688559922393,25.59118217534745
12,original_calendar_aligned,6.6,capacity_historical_peak,upper_bound,222.83802760061312,uncertainty_aware,9110,1,79676.49483542707,79644.65950209375,31.835333333334244,0.0399557402708171,98.81448957189902,165.8111420013892,0,0.0,0.0,27.98224527665781,0.20060050848810138,2.541454576788934,57.02688559922393,25.59118217534745
12,original_calendar_aligned,6.6,capacity_historical_peak,upper_bound,222.83802760061312,uncontrolled,9110,1,79676.49483542707,79644.65950209375,31.835333333334248,0.03995574027081711,98.81448957189902,222.83802760061312,0,0.0,0.0,34.11591533239056,0.1490267749373955,0.16378837130530452,0.0,0.0
12,original_calendar_aligned,6.6,capacity_historical_peak,upper_bound,222.83802760061312,valley_filling,9110,1,79676.49483542707,79644.65950209375,31.83533333333432,0.0399557402708172,98.81448957189902,108.48534130043687,0,0.0,0.0,20.777668402732463,0.31566545748317226,2.8676836990219297,114.35268630017625,51.316504427658835
13,original_calendar_aligned,6.6,capacity_mean_plus_2std,eahpa_point,101.44066325151081,peak_sensitive,9110,1,79676.49483542707,79644.65950209375,31.83533333333427,0.039955740270817136,98.81448957189902,126.44532991817746,11,0.3257328990228013,25.00466666666665,27.037351892011383,0.2626686190655036,2.560910101647535,96.39269768243565,43.256843870112604
13,original_calendar_aligned,6.6,capacity_mean_plus_2std,eahpa_point,101.44066325151081,point_forecast,9110,1,79676.49483542707,79644.65950209375,31.83533333333427,0.039955740270817136,98.81448957189902,126.44532991817746,11,0.3257328990228013,25.00466666666665,27.037351892011383,0.2626686190655036,2.560910101647535,96.39269768243565,43.256843870112604
13,original_calendar_aligned,6.6,capacity_mean_plus_2std,eahpa_point,101.44066325151081,uncertainty_aware,9110,1,79676.49483542707,79644.65950209375,31.835333333334265,0.03995574027081713,98.81448957189902,126.44532991817746,11,0.3257328990228013,25.00466666666665,27.051038419267524,0.26278097720868365,2.5598195176581813,96.39269768243565,43.256843870112604
13,original_calendar_aligned,6.6,capacity_mean_plus_2std,eahpa_point,101.44066325151081,uncontrolled,9110,1,79676.49483542707,79644.65950209375,31.835333333334248,0.03995574027081711,98.81448957189902,222.83802760061312,209,6.188925081433225,121.3973643491023,34.11591533239056,0.1490267749373955,0.16378837130530452,0.0,0.0
13,original_calendar_aligned,6.6,capacity_mean_plus_2std,eahpa_point,101.44066325151081,valley_filling,9110,1,79676.49483542707,79644.65950209375,31.835333333334322,0.039955740270817205,98.81448957189902,108.48534130043687,4,0.11844832691738229,7.044678048926059,20.777668402732463,0.31566545748317226,2.8676836990219297,114.35268630017625,51.316504427658835
14,original_calendar_aligned,6.6,capacity_mean_plus_2std,prc_peak_sensitive,101.44066325151081,peak_sensitive,9110,1,79676.49483542707,79644.65950209375,31.83533333333427,0.039955740270817136,98.81448957189902,126.44532991817746,11,0.3257328990228013,25.00466666666665,27.037351892011383,0.2626686190655036,2.560910101647535,96.39269768243565,43.256843870112604
14,original_calendar_aligned,6.6,capacity_mean_plus_2std,prc_peak_sensitive,101.44066325151081,point_forecast,9110,1,79676.49483542707,79644.65950209375,31.83533333333427,0.039955740270817136,98.81448957189902,126.44532991817746,11,0.3257328990228013,25.00466666666665,27.037351892011383,0.2626686190655036,2.560910101647535,96.39269768243565,43.256843870112604
14,original_calendar_aligned,6.6,capacity_mean_plus_2std,prc_peak_sensitive,101.44066325151081,uncertainty_aware,9110,1,79676.49483542707,79644.65950209375,31.835333333334265,0.03995574027081713,98.81448957189902,126.44532991817746,11,0.3257328990228013,25.00466666666665,27.051038419267524,0.26278097720868365,2.5598195176581813,96.39269768243565,43.256843870112604
14,original_calendar_aligned,6.6,capacity_mean_plus_2std,prc_peak_sensitive,101.44066325151081,uncontrolled,9110,1,79676.49483542707,79644.65950209375,31.835333333334248,0.03995574027081711,98.81448957189902,222.83802760061312,209,6.188925081433225,121.3973643491023,34.11591533239056,0.1490267749373955,0.16378837130530452,0.0,0.0
14,original_calendar_aligned,6.6,capacity_mean_plus_2std,prc_peak_sensitive,101.44066325151081,valley_filling,9110,1,79676.49483542707,79644.65950209375,31.835333333334322,0.039955740270817205,98.81448957189902,108.48534130043687,4,0.11844832691738229,7.044678048926059,20.777668402732463,0.31566545748317226,2.8676836990219297,114.35268630017625,51.316504427658835
15,original_calendar_aligned,6.6,capacity_mean_plus_2std,upper_bound,101.44066325151081,peak_sensitive,9110,1,79676.49483542707,79644.65950209375,31.83533333333427,0.039955740270817136,98.81448957189902,126.44532991817746,11,0.3257328990228013,25.00466666666665,27.037351892011383,0.2626686190655036,2.560910101647535,96.39269768243565,43.256843870112604
15,original_calendar_aligned,6.6,capacity_mean_plus_2std,upper_bound,101.44066325151081,point_forecast,9110,1,79676.49483542707,79644.65950209375,31.83533333333427,0.039955740270817136,98.81448957189902,126.44532991817746,11,0.3257328990228013,25.00466666666665,27.037351892011383,0.2626686190655036,2.560910101647535,96.39269768243565,43.256843870112604
15,original_calendar_aligned,6.6,capacity_mean_plus_2std,upper_bound,101.44066325151081,uncertainty_aware,9110,1,79676.49483542707,79644.65950209375,31.835333333334265,0.03995574027081713,98.81448957189902,126.44532991817746,11,0.3257328990228013,25.00466666666665,27.051038419267524,0.26278097720868365,2.5598195176581813,96.39269768243565,43.256843870112604
15,original_calendar_aligned,6.6,capacity_mean_plus_2std,upper_bound,101.44066325151081,uncontrolled,9110,1,79676.49483542707,79644.65950209375,31.835333333334248,0.03995574027081711,98.81448957189902,222.83802760061312,209,6.188925081433225,121.3973643491023,34.11591533239056,0.1490267749373955,0.16378837130530452,0.0,0.0
15,original_calendar_aligned,6.6,capacity_mean_plus_2std,upper_bound,101.44066325151081,valley_filling,9110,1,79676.49483542707,79644.65950209375,31.835333333334322,0.039955740270817205,98.81448957189902,108.48534130043687,4,0.11844832691738229,7.044678048926059,20.777668402732463,0.31566545748317226,2.8676836990219297,114.35268630017625,51.316504427658835
16,original_calendar_aligned,7.2,capacity_p90,eahpa_point,73.18169577974746,peak_sensitive,9110,1,79676.49483542707,79669.1858354271,7.309000000000847,0.009173345307292557,99.97804610318332,118.15460780743186,120,3.553449807521469,44.9729120276844,24.809446849630806,0.28215987967254436,2.638751664254476,118.83491979318123,50.143532077690764
16,original_calendar_aligned,7.2,capacity_p90,eahpa_point,73.18169577974746,point_forecast,9110,1,79676.49483542707,79669.1858354271,7.309000000000847,0.009173345307292557,99.97804610318332,118.15460780743186,120,3.553449807521469,44.9729120276844,24.809446849630806,0.28215987967254436,2.638751664254476,118.83491979318123,50.143532077690764
16,original_calendar_aligned,7.2,capacity_p90,eahpa_point,73.18169577974746,uncertainty_aware,9110,1,79676.49483542707,79669.1858354271,7.309000000000861,0.009173345307292574,99.97804610318332,118.15460780743186,120,3.553449807521469,44.9729120276844,24.817096489001067,0.2821708691894691,2.63983982447954,118.83491979318123,50.143532077690764
16,original_calendar_aligned,7.2,capacity_p90,eahpa_point,73.18169577974746,uncontrolled,9110,1,79676.49483542707,79669.18583542708,7.309000000001024,0.009173345307292781,99.97804610318332,236.9895276006131,338,10.008883624518804,163.80783182086563,35.449088056752295,0.14210352993725073,0.10884823594868538,0.0,0.0
16,original_calendar_aligned,7.2,capacity_p90,eahpa_point,73.18169577974746,valley_filling,9110,1,79676.49483542707,79669.18583542708,7.309000000000929,0.009173345307292661,99.97804610318332,103.58755629577448,79,2.3393544566183,30.40586051602702,20.832348899579877,0.33343703482171794,2.867719750480884,133.4019713048386,56.29023892129717
17,original_calendar_aligned,7.2,capacity_p90,prc_peak_sensitive,73.18169577974746,peak_sensitive,9110,1,79676.49483542707,79669.1858354271,7.309000000000847,0.009173345307292557,99.97804610318332,118.15460780743186,120,3.553449807521469,44.9729120276844,24.809446849630806,0.28215987967254436,2.638751664254476,118.83491979318123,50.143532077690764
17,original_calendar_aligned,7.2,capacity_p90,prc_peak_sensitive,73.18169577974746,point_forecast,9110,1,79676.49483542707,79669.1858354271,7.309000000000847,0.009173345307292557,99.97804610318332,118.15460780743186,120,3.553449807521469,44.9729120276844,24.809446849630806,0.28215987967254436,2.638751664254476,118.83491979318123,50.143532077690764
17,original_calendar_aligned,7.2,capacity_p90,prc_peak_sensitive,73.18169577974746,uncertainty_aware,9110,1,79676.49483542707,79669.1858354271,7.309000000000861,0.009173345307292574,99.97804610318332,118.15460780743186,120,3.553449807521469,44.9729120276844,24.817096489001067,0.2821708691894691,2.63983982447954,118.83491979318123,50.143532077690764
17,original_calendar_aligned,7.2,capacity_p90,prc_peak_sensitive,73.18169577974746,uncontrolled,9110,1,79676.49483542707,79669.18583542708,7.309000000001024,0.009173345307292781,99.97804610318332,236.9895276006131,338,10.008883624518804,163.80783182086563,35.449088056752295,0.14210352993725073,0.10884823594868538,0.0,0.0
17,original_calendar_aligned,7.2,capacity_p90,prc_peak_sensitive,73.18169577974746,valley_filling,9110,1,79676.49483542707,79669.18583542708,7.309000000000929,0.009173345307292661,99.97804610318332,103.58755629577448,79,2.3393544566183,30.40586051602702,20.832348899579877,0.33343703482171794,2.867719750480884,133.4019713048386,56.29023892129717
18,original_calendar_aligned,7.2,capacity_p90,upper_bound,73.18169577974746,peak_sensitive,9110,1,79676.49483542707,79669.1858354271,7.309000000000847,0.009173345307292557,99.97804610318332,118.15460780743186,120,3.553449807521469,44.9729120276844,24.809446849630806,0.28215987967254436,2.638751664254476,118.83491979318123,50.143532077690764
18,original_calendar_aligned,7.2,capacity_p90,upper_bound,73.18169577974746,point_forecast,9110,1,79676.49483542707,79669.1858354271,7.309000000000847,0.009173345307292557,99.97804610318332,118.15460780743186,120,3.553449807521469,44.9729120276844,24.809446849630806,0.28215987967254436,2.638751664254476,118.83491979318123,50.143532077690764
18,original_calendar_aligned,7.2,capacity_p90,upper_bound,73.18169577974746,uncertainty_aware,9110,1,79676.49483542707,79669.1858354271,7.309000000000861,0.009173345307292574,99.97804610318332,118.15460780743186,120,3.553449807521469,44.9729120276844,24.817096489001067,0.2821708691894691,2.63983982447954,118.83491979318123,50.143532077690764
18,original_calendar_aligned,7.2,capacity_p90,upper_bound,73.18169577974746,uncontrolled,9110,1,79676.49483542707,79669.18583542708,7.309000000001024,0.009173345307292781,99.97804610318332,236.9895276006131,338,10.008883624518804,163.80783182086563,35.449088056752295,0.14210352993725073,0.10884823594868538,0.0,0.0
18,original_calendar_aligned,7.2,capacity_p90,upper_bound,73.18169577974746,valley_filling,9110,1,79676.49483542707,79669.18583542708,7.309000000000929,0.009173345307292661,99.97804610318332,103.58755629577448,79,2.3393544566183,30.40586051602702,20.832348899579877,0.33343703482171794,2.867719750480884,133.4019713048386,56.29023892129717
19,original_calendar_aligned,7.2,capacity_p95,eahpa_point,116.06594903965382,peak_sensitive,9110,1,79676.49483542707,79669.1858354271,7.309000000000811,0.009173345307292514,99.97804610318332,133.24759833373392,5,0.14806040864672787,17.181649294080103,28.036106928292856,0.2515604656443482,2.550459705872898,103.74192926687917,43.77490023175639
19,original_calendar_aligned,7.2,capacity_p95,eahpa_point,116.06594903965382,point_forecast,9110,1,79676.49483542707,79669.1858354271,7.309000000000811,0.009173345307292514,99.97804610318332,133.24759833373392,5,0.14806040864672787,17.181649294080103,28.036106928292856,0.2515604656443482,2.550459705872898,103.74192926687917,43.77490023175639
19,original_calendar_aligned,7.2,capacity_p95,eahpa_point,116.06594903965382,uncertainty_aware,9110,1,79676.49483542707,79669.1858354271,7.309000000000816,0.009173345307292519,99.97804610318332,133.24759833373392,5,0.14806040864672787,17.181649294080103,28.052943700425484,0.2516025766537012,2.5509730825292993,103.74192926687917,43.77490023175639
19,original_calendar_aligned,7.2,capacity_p95,eahpa_point,116.06594903965382,uncontrolled,9110,1,79676.49483542707,79669.18583542708,7.309000000001024,0.009173345307292781,99.97804610318332,236.9895276006131,169,5.004441812259402,120.92357856095927,35.449088056752295,0.14210352993725073,0.10884823594868538,0.0,0.0
19,original_calendar_aligned,7.2,capacity_p95,eahpa_point,116.06594903965382,valley_filling,9110,1,79676.49483542707,79669.18583542708,7.3090000000009265,0.009173345307292658,99.97804610318332,103.58755629577448,0,0.0,0.0,20.828968256362653,0.3334212400625167,2.867760286895047,133.4019713048386,56.29023892129717
20,original_calendar_aligned,7.2,capacity_p95,prc_peak_sensitive,116.06594903965382,peak_sensitive,9110,1,79676.49483542707,79669.1858354271,7.309000000000811,0.009173345307292514,99.97804610318332,133.24759833373392,5,0.14806040864672787,17.181649294080103,28.036106928292856,0.2515604656443482,2.550459705872898,103.74192926687917,43.77490023175639
20,original_calendar_aligned,7.2,capacity_p95,prc_peak_sensitive,116.06594903965382,point_forecast,9110,1,79676.49483542707,79669.1858354271,7.309000000000811,0.009173345307292514,99.97804610318332,133.24759833373392,5,0.14806040864672787,17.181649294080103,28.036106928292856,0.2515604656443482,2.550459705872898,103.74192926687917,43.77490023175639
20,original_calendar_aligned,7.2,capacity_p95,prc_peak_sensitive,116.06594903965382,uncertainty_aware,9110,1,79676.49483542707,79669.1858354271,7.309000000000816,0.009173345307292519,99.97804610318332,133.24759833373392,5,0.14806040864672787,17.181649294080103,28.052943700425484,0.2516025766537012,2.5509730825292993,103.74192926687917,43.77490023175639
20,original_calendar_aligned,7.2,capacity_p95,prc_peak_sensitive,116.06594903965382,uncontrolled,9110,1,79676.49483542707,79669.18583542708,7.309000000001024,0.009173345307292781,99.97804610318332,236.9895276006131,169,5.004441812259402,120.92357856095927,35.449088056752295,0.14210352993725073,0.10884823594868538,0.0,0.0
20,original_calendar_aligned,7.2,capacity_p95,prc_peak_sensitive,116.06594903965382,valley_filling,9110,1,79676.49483542707,79669.18583542708,7.3090000000009265,0.009173345307292658,99.97804610318332,103.58755629577448,0,0.0,0.0,20.828968256362653,0.3334212400625167,2.867760286895047,133.4019713048386,56.29023892129717
21,original_calendar_aligned,7.2,capacity_p95,upper_bound,116.06594903965382,peak_sensitive,9110,1,79676.49483542707,79669.1858354271,7.309000000000811,0.009173345307292514,99.97804610318332,133.24759833373392,5,0.14806040864672787,17.181649294080103,28.036106928292856,0.2515604656443482,2.550459705872898,103.74192926687917,43.77490023175639
21,original_calendar_aligned,7.2,capacity_p95,upper_bound,116.06594903965382,point_forecast,9110,1,79676.49483542707,79669.1858354271,7.309000000000811,0.009173345307292514,99.97804610318332,133.24759833373392,5,0.14806040864672787,17.181649294080103,28.036106928292856,0.2515604656443482,2.550459705872898,103.74192926687917,43.77490023175639
21,original_calendar_aligned,7.2,capacity_p95,upper_bound,116.06594903965382,uncertainty_aware,9110,1,79676.49483542707,79669.1858354271,7.309000000000816,0.009173345307292519,99.97804610318332,133.24759833373392,5,0.14806040864672787,17.181649294080103,28.052943700425484,0.2516025766537012,2.5509730825292993,103.74192926687917,43.77490023175639
21,original_calendar_aligned,7.2,capacity_p95,upper_bound,116.06594903965382,uncontrolled,9110,1,79676.49483542707,79669.18583542708,7.309000000001024,0.009173345307292781,99.97804610318332,236.9895276006131,169,5.004441812259402,120.92357856095927,35.449088056752295,0.14210352993725073,0.10884823594868538,0.0,0.0
21,original_calendar_aligned,7.2,capacity_p95,upper_bound,116.06594903965382,valley_filling,9110,1,79676.49483542707,79669.18583542708,7.3090000000009265,0.009173345307292658,99.97804610318332,103.58755629577448,0,0.0,0.0,20.828968256362653,0.3334212400625167,2.867760286895047,133.4019713048386,56.29023892129717
22,original_calendar_aligned,7.2,capacity_p95_plus_10percent,eahpa_point,127.6725439436192,peak_sensitive,9110,1,79676.49483542707,79669.1858354271,7.3090000000008235,0.00917334530729253,99.97804610318332,135.6215439436192,5,0.14806040864672787,7.948999999999998,28.25360930771719,0.24723160468230673,2.5453318019661144,101.36798365699389,42.773191154600056
22,original_calendar_aligned,7.2,capacity_p95_plus_10percent,eahpa_point,127.6725439436192,point_forecast,9110,1,79676.49483542707,79669.1858354271,7.3090000000008235,0.00917334530729253,99.97804610318332,135.6215439436192,5,0.14806040864672787,7.948999999999998,28.25360930771719,0.24723160468230673,2.5453318019661144,101.36798365699389,42.773191154600056
22,original_calendar_aligned,7.2,capacity_p95_plus_10percent,eahpa_point,127.6725439436192,uncertainty_aware,9110,1,79676.49483542707,79669.1858354271,7.309000000000829,0.009173345307292535,99.97804610318332,135.6215439436192,5,0.14806040864672787,7.948999999999998,28.270314538153322,0.24727297857244634,2.545845178622516,101.36798365699389,42.773191154600056
22,original_calendar_aligned,7.2,capacity_p95_plus_10percent,eahpa_point,127.6725439436192,uncontrolled,9110,1,79676.49483542707,79669.18583542708,7.309000000001024,0.009173345307292781,99.97804610318332,236.9895276006131,131,3.87918270654427,109.31698365699388,35.449088056752295,0.14210352993725073,0.10884823594868538,0.0,0.0
22,original_calendar_aligned,7.2,capacity_p95_plus_10percent,eahpa_point,127.6725439436192,valley_filling,9110,1,79676.49483542707,79669.18583542708,7.3090000000009265,0.009173345307292658,99.97804610318332,103.58755629577448,0,0.0,0.0,20.828968256362653,0.3334212400625167,2.867760286895047,133.4019713048386,56.29023892129717
23,original_calendar_aligned,7.2,capacity_p95_plus_10percent,prc_peak_sensitive,127.6725439436192,peak_sensitive,9110,1,79676.49483542707,79669.1858354271,7.3090000000008235,0.00917334530729253,99.97804610318332,135.6215439436192,5,0.14806040864672787,7.948999999999998,28.25360930771719,0.24723160468230673,2.5453318019661144,101.36798365699389,42.773191154600056
23,original_calendar_aligned,7.2,capacity_p95_plus_10percent,prc_peak_sensitive,127.6725439436192,point_forecast,9110,1,79676.49483542707,79669.1858354271,7.3090000000008235,0.00917334530729253,99.97804610318332,135.6215439436192,5,0.14806040864672787,7.948999999999998,28.25360930771719,0.24723160468230673,2.5453318019661144,101.36798365699389,42.773191154600056
23,original_calendar_aligned,7.2,capacity_p95_plus_10percent,prc_peak_sensitive,127.6725439436192,uncertainty_aware,9110,1,79676.49483542707,79669.1858354271,7.309000000000829,0.009173345307292535,99.97804610318332,135.6215439436192,5,0.14806040864672787,7.948999999999998,28.270314538153322,0.24727297857244634,2.545845178622516,101.36798365699389,42.773191154600056
23,original_calendar_aligned,7.2,capacity_p95_plus_10percent,prc_peak_sensitive,127.6725439436192,uncontrolled,9110,1,79676.49483542707,79669.18583542708,7.309000000001024,0.009173345307292781,99.97804610318332,236.9895276006131,131,3.87918270654427,109.31698365699388,35.449088056752295,0.14210352993725073,0.10884823594868538,0.0,0.0
23,original_calendar_aligned,7.2,capacity_p95_plus_10percent,prc_peak_sensitive,127.6725439436192,valley_filling,9110,1,79676.49483542707,79669.18583542708,7.3090000000009265,0.009173345307292658,99.97804610318332,103.58755629577448,0,0.0,0.0,20.828968256362653,0.3334212400625167,2.867760286895047,133.4019713048386,56.29023892129717
24,original_calendar_aligned,7.2,capacity_p95_plus_10percent,upper_bound,127.6725439436192,peak_sensitive,9110,1,79676.49483542707,79669.1858354271,7.3090000000008235,0.00917334530729253,99.97804610318332,135.6215439436192,5,0.14806040864672787,7.948999999999998,28.25360930771719,0.24723160468230673,2.5453318019661144,101.36798365699389,42.773191154600056
24,original_calendar_aligned,7.2,capacity_p95_plus_10percent,upper_bound,127.6725439436192,point_forecast,9110,1,79676.49483542707,79669.1858354271,7.3090000000008235,0.00917334530729253,99.97804610318332,135.6215439436192,5,0.14806040864672787,7.948999999999998,28.25360930771719,0.24723160468230673,2.5453318019661144,101.36798365699389,42.773191154600056
24,original_calendar_aligned,7.2,capacity_p95_plus_10percent,upper_bound,127.6725439436192,uncertainty_aware,9110,1,79676.49483542707,79669.1858354271,7.309000000000829,0.009173345307292535,99.97804610318332,135.6215439436192,5,0.14806040864672787,7.948999999999998,28.270314538153322,0.24727297857244634,2.545845178622516,101.36798365699389,42.773191154600056
24,original_calendar_aligned,7.2,capacity_p95_plus_10percent,upper_bound,127.6725439436192,uncontrolled,9110,1,79676.49483542707,79669.18583542708,7.309000000001024,0.009173345307292781,99.97804610318332,236.9895276006131,131,3.87918270654427,109.31698365699388,35.449088056752295,0.14210352993725073,0.10884823594868538,0.0,0.0
24,original_calendar_aligned,7.2,capacity_p95_plus_10percent,upper_bound,127.6725439436192,valley_filling,9110,1,79676.49483542707,79669.18583542708,7.3090000000009265,0.009173345307292658,99.97804610318332,103.58755629577448,0,0.0,0.0,20.828968256362653,0.3334212400625167,2.867760286895047,133.4019713048386,56.29023892129717
25,original_calendar_aligned,7.2,capacity_historical_peak,eahpa_point,236.9895276006131,peak_sensitive,9110,1,79676.49483542707,79669.1858354271,7.309000000000825,0.009173345307292531,99.97804610318332,167.11287370456466,0,0.0,0.0,28.491584524698656,0.20069052319739744,2.541205972275087,69.87665389604842,29.48512307843752
25,original_calendar_aligned,7.2,capacity_historical_peak,eahpa_point,236.9895276006131,point_forecast,9110,1,79676.49483542707,79669.1858354271,7.309000000000825,0.009173345307292531,99.97804610318332,167.11287370456466,0,0.0,0.0,28.491584524698656,0.20069052319739744,2.541205972275087,69.87665389604842,29.48512307843752
25,original_calendar_aligned,7.2,capacity_historical_peak,eahpa_point,236.9895276006131,uncertainty_aware,9110,1,79676.49483542707,79669.1858354271,7.309000000000831,0.009173345307292538,99.97804610318332,167.11287370456466,0,0.0,0.0,28.50814872442996,0.20072410044812208,2.541719348931488,69.87665389604842,29.48512307843752
25,original_calendar_aligned,7.2,capacity_historical_peak,eahpa_point,236.9895276006131,uncontrolled,9110,1,79676.49483542707,79669.18583542708,7.309000000001024,0.009173345307292781,99.97804610318332,236.9895276006131,0,0.0,0.0,35.449088056752295,0.14210352993725073,0.10884823594868538,0.0,0.0
25,original_calendar_aligned,7.2,capacity_historical_peak,eahpa_point,236.9895276006131,valley_filling,9110,1,79676.49483542707,79669.18583542708,7.3090000000009265,0.009173345307292658,99.97804610318332,103.58755629577448,0,0.0,0.0,20.828968256362653,0.3334212400625167,2.867760286895047,133.4019713048386,56.29023892129717
26,original_calendar_aligned,7.2,capacity_historical_peak,prc_peak_sensitive,236.9895276006131,peak_sensitive,9110,1,79676.49483542707,79669.1858354271,7.309000000000825,0.009173345307292531,99.97804610318332,167.11287370456466,0,0.0,0.0,28.491584524698656,0.20069052319739744,2.541205972275087,69.87665389604842,29.48512307843752
26,original_calendar_aligned,7.2,capacity_historical_peak,prc_peak_sensitive,236.9895276006131,point_forecast,9110,1,79676.49483542707,79669.1858354271,7.309000000000825,0.009173345307292531,99.97804610318332,167.11287370456466,0,0.0,0.0,28.491584524698656,0.20069052319739744,2.541205972275087,69.87665389604842,29.48512307843752
26,original_calendar_aligned,7.2,capacity_historical_peak,prc_peak_sensitive,236.9895276006131,uncertainty_aware,9110,1,79676.49483542707,79669.1858354271,7.309000000000831,0.009173345307292538,99.97804610318332,167.11287370456466,0,0.0,0.0,28.50814872442996,0.20072410044812208,2.541719348931488,69.87665389604842,29.48512307843752
26,original_calendar_aligned,7.2,capacity_historical_peak,prc_peak_sensitive,236.9895276006131,uncontrolled,9110,1,79676.49483542707,79669.18583542708,7.309000000001024,0.009173345307292781,99.97804610318332,236.9895276006131,0,0.0,0.0,35.449088056752295,0.14210352993725073,0.10884823594868538,0.0,0.0
26,original_calendar_aligned,7.2,capacity_historical_peak,prc_peak_sensitive,236.9895276006131,valley_filling,9110,1,79676.49483542707,79669.18583542708,7.3090000000009265,0.009173345307292658,99.97804610318332,103.58755629577448,0,0.0,0.0,20.828968256362653,0.3334212400625167,2.867760286895047,133.4019713048386,56.29023892129717
27,original_calendar_aligned,7.2,capacity_historical_peak,upper_bound,236.9895276006131,peak_sensitive,9110,1,79676.49483542707,79669.1858354271,7.309000000000825,0.009173345307292531,99.97804610318332,167.11287370456466,0,0.0,0.0,28.491584524698656,0.20069052319739744,2.541205972275087,69.87665389604842,29.48512307843752
27,original_calendar_aligned,7.2,capacity_historical_peak,upper_bound,236.9895276006131,point_forecast,9110,1,79676.49483542707,79669.1858354271,7.309000000000825,0.009173345307292531,99.97804610318332,167.11287370456466,0,0.0,0.0,28.491584524698656,0.20069052319739744,2.541205972275087,69.87665389604842,29.48512307843752
27,original_calendar_aligned,7.2,capacity_historical_peak,upper_bound,236.9895276006131,uncertainty_aware,9110,1,79676.49483542707,79669.1858354271,7.309000000000831,0.009173345307292538,99.97804610318332,167.11287370456466,0,0.0,0.0,28.50814872442996,0.20072410044812208,2.541719348931488,69.87665389604842,29.48512307843752
27,original_calendar_aligned,7.2,capacity_historical_peak,upper_bound,236.9895276006131,uncontrolled,9110,1,79676.49483542707,79669.18583542708,7.309000000001024,0.009173345307292781,99.97804610318332,236.9895276006131,0,0.0,0.0,35.449088056752295,0.14210352993725073,0.10884823594868538,0.0,0.0
27,original_calendar_aligned,7.2,capacity_historical_peak,upper_bound,236.9895276006131,valley_filling,9110,1,79676.49483542707,79669.18583542708,7.3090000000009265,0.009173345307292658,99.97804610318332,103.58755629577448,0,0.0,0.0,20.828968256362653,0.3334212400625167,2.867760286895047,133.4019713048386,56.29023892129717
28,original_calendar_aligned,7.2,capacity_mean_plus_2std,eahpa_point,104.57522454371322,peak_sensitive,9110,1,79676.49483542707,79669.1858354271,7.309000000000813,0.009173345307292516,99.97804610318332,127.86859833373393,10,0.29612081729345574,23.29337379002071,27.60339783420598,0.26197521192591156,2.560508615837762,109.12092926687916,46.04462077783258
28,original_calendar_aligned,7.2,capacity_mean_plus_2std,eahpa_point,104.57522454371322,point_forecast,9110,1,79676.49483542707,79669.1858354271,7.309000000000813,0.009173345307292516,99.97804610318332,127.86859833373393,10,0.29612081729345574,23.29337379002071,27.60339783420598,0.26197521192591156,2.560508615837762,109.12092926687916,46.04462077783258
28,original_calendar_aligned,7.2,capacity_mean_plus_2std,eahpa_point,104.57522454371322,uncertainty_aware,9110,1,79676.49483542707,79669.1858354271,7.30900000000082,0.009173345307292524,99.97804610318332,127.86859833373393,10,0.29612081729345574,23.29337379002071,27.61878200030573,0.2620189504918175,2.5610638362191676,109.12092926687916,46.04462077783258
28,original_calendar_aligned,7.2,capacity_mean_plus_2std,eahpa_point,104.57522454371322,uncontrolled,9110,1,79676.49483542707,79669.18583542708,7.309000000001024,0.009173345307292781,99.97804610318332,236.9895276006131,204,6.040864672786497,132.41430305689988,35.449088056752295,0.14210352993725073,0.10884823594868538,0.0,0.0
28,original_calendar_aligned,7.2,capacity_mean_plus_2std,eahpa_point,104.57522454371322,valley_filling,9110,1,79676.49483542707,79669.18583542708,7.3090000000009265,0.009173345307292658,99.97804610318332,103.58755629577448,0,0.0,0.0,20.828968256362653,0.3334212400625167,2.867760286895047,133.4019713048386,56.29023892129717
29,original_calendar_aligned,7.2,capacity_mean_plus_2std,prc_peak_sensitive,104.57522454371322,peak_sensitive,9110,1,79676.49483542707,79669.1858354271,7.309000000000813,0.009173345307292516,99.97804610318332,127.86859833373393,10,0.29612081729345574,23.29337379002071,27.60339783420598,0.26197521192591156,2.560508615837762,109.12092926687916,46.04462077783258
29,original_calendar_aligned,7.2,capacity_mean_plus_2std,prc_peak_sensitive,104.57522454371322,point_forecast,9110,1,79676.49483542707,79669.1858354271,7.309000000000813,0.009173345307292516,99.97804610318332,127.86859833373393,10,0.29612081729345574,23.29337379002071,27.60339783420598,0.26197521192591156,2.560508615837762,109.12092926687916,46.04462077783258
29,original_calendar_aligned,7.2,capacity_mean_plus_2std,prc_peak_sensitive,104.57522454371322,uncertainty_aware,9110,1,79676.49483542707,79669.1858354271,7.30900000000082,0.009173345307292524,99.97804610318332,127.86859833373393,10,0.29612081729345574,23.29337379002071,27.61878200030573,0.2620189504918175,2.5610638362191676,109.12092926687916,46.04462077783258
29,original_calendar_aligned,7.2,capacity_mean_plus_2std,prc_peak_sensitive,104.57522454371322,uncontrolled,9110,1,79676.49483542707,79669.18583542708,7.309000000001024,0.009173345307292781,99.97804610318332,236.9895276006131,204,6.040864672786497,132.41430305689988,35.449088056752295,0.14210352993725073,0.10884823594868538,0.0,0.0
29,original_calendar_aligned,7.2,capacity_mean_plus_2std,prc_peak_sensitive,104.57522454371322,valley_filling,9110,1,79676.49483542707,79669.18583542708,7.3090000000009265,0.009173345307292658,99.97804610318332,103.58755629577448,0,0.0,0.0,20.828968256362653,0.3334212400625167,2.867760286895047,133.4019713048386,56.29023892129717
30,original_calendar_aligned,7.2,capacity_mean_plus_2std,upper_bound,104.57522454371322,peak_sensitive,9110,1,79676.49483542707,79669.1858354271,7.309000000000813,0.009173345307292516,99.97804610318332,127.86859833373393,10,0.29612081729345574,23.29337379002071,27.60339783420598,0.26197521192591156,2.560508615837762,109.12092926687916,46.04462077783258
30,original_calendar_aligned,7.2,capacity_mean_plus_2std,upper_bound,104.57522454371322,point_forecast,9110,1,79676.49483542707,79669.1858354271,7.309000000000813,0.009173345307292516,99.97804610318332,127.86859833373393,10,0.29612081729345574,23.29337379002071,27.60339783420598,0.26197521192591156,2.560508615837762,109.12092926687916,46.04462077783258
30,original_calendar_aligned,7.2,capacity_mean_plus_2std,upper_bound,104.57522454371322,uncertainty_aware,9110,1,79676.49483542707,79669.1858354271,7.30900000000082,0.009173345307292524,99.97804610318332,127.86859833373393,10,0.29612081729345574,23.29337379002071,27.61878200030573,0.2620189504918175,2.5610638362191676,109.12092926687916,46.04462077783258
30,original_calendar_aligned,7.2,capacity_mean_plus_2std,upper_bound,104.57522454371322,uncontrolled,9110,1,79676.49483542707,79669.18583542708,7.309000000001024,0.009173345307292781,99.97804610318332,236.9895276006131,204,6.040864672786497,132.41430305689988,35.449088056752295,0.14210352993725073,0.10884823594868538,0.0,0.0
30,original_calendar_aligned,7.2,capacity_mean_plus_2std,upper_bound,104.57522454371322,valley_filling,9110,1,79676.49483542707,79669.18583542708,7.3090000000009265,0.009173345307292658,99.97804610318332,103.58755629577448,0,0.0,0.0,20.828968256362653,0.3334212400625167,2.867760286895047,133.4019713048386,56.29023892129717
31,original_calendar_aligned,11.0,capacity_p90,eahpa_point,86.0363326495739,peak_sensitive,9110,1,79676.49483542707,79673.58750209375,2.907333333333618,0.0036489222315047314,99.97804610318332,122.42329151702589,56,1.658276576843352,36.386958867451995,28.243405905036692,0.2920105261308336,2.5319911119443455,171.07655349678365,58.28846468001858
31,original_calendar_aligned,11.0,capacity_p90,eahpa_point,86.0363326495739,point_forecast,9110,1,79676.49483542707,79673.58750209375,2.907333333333618,0.0036489222315047314,99.97804610318332,122.42329151702589,56,1.658276576843352,36.386958867451995,28.243405905036692,0.2920105261308336,2.5319911119443455,171.07655349678365,58.28846468001858
31,original_calendar_aligned,11.0,capacity_p90,eahpa_point,86.0363326495739,uncertainty_aware,9110,1,79676.49483542707,79673.58750209375,2.907333333333618,0.0036489222315047314,99.97804610318332,122.42329151702589,56,1.658276576843352,36.386958867451995,28.243405905036692,0.2920105261308336,2.5319911119443455,171.07655349678365,58.28846468001858
31,original_calendar_aligned,11.0,capacity_p90,eahpa_point,86.0363326495739,uncontrolled,9110,1,79676.49483542707,79673.58750209375,2.9073333333336544,0.0036489222315047778,99.97804610318332,293.49984501380953,338,10.008883624518804,207.46351236423564,42.94874092382939,0.12801512508086055,-0.10186776711250922,0.0,0.0
31,original_calendar_aligned,11.0,capacity_p90,eahpa_point,86.0363326495739,valley_filling,9110,1,79676.49483542707,79673.58750209375,2.907333333333643,0.003648922231504763,99.97804610318332,107.70693708255412,23,0.6810778797749482,21.670604432980227,22.244990518746143,0.3448803343584739,2.788305220424821,185.7929079312554,63.30255742469425
32,original_calendar_aligned,11.0,capacity_p90,prc_peak_sensitive,86.0363326495739,peak_sensitive,9110,1,79676.49483542707,79673.58750209375,2.907333333333618,0.0036489222315047314,99.97804610318332,122.42329151702589,56,1.658276576843352,36.386958867451995,28.243405905036692,0.2920105261308336,2.5319911119443455,171.07655349678365,58.28846468001858
32,original_calendar_aligned,11.0,capacity_p90,prc_peak_sensitive,86.0363326495739,point_forecast,9110,1,79676.49483542707,79673.58750209375,2.907333333333618,0.0036489222315047314,99.97804610318332,122.42329151702589,56,1.658276576843352,36.386958867451995,28.243405905036692,0.2920105261308336,2.5319911119443455,171.07655349678365,58.28846468001858
32,original_calendar_aligned,11.0,capacity_p90,prc_peak_sensitive,86.0363326495739,uncertainty_aware,9110,1,79676.49483542707,79673.58750209375,2.907333333333618,0.0036489222315047314,99.97804610318332,122.42329151702589,56,1.658276576843352,36.386958867451995,28.243405905036692,0.2920105261308336,2.5319911119443455,171.07655349678365,58.28846468001858
32,original_calendar_aligned,11.0,capacity_p90,prc_peak_sensitive,86.0363326495739,uncontrolled,9110,1,79676.49483542707,79673.58750209375,2.9073333333336544,0.0036489222315047778,99.97804610318332,293.49984501380953,338,10.008883624518804,207.46351236423564,42.94874092382939,0.12801512508086055,-0.10186776711250922,0.0,0.0
32,original_calendar_aligned,11.0,capacity_p90,prc_peak_sensitive,86.0363326495739,valley_filling,9110,1,79676.49483542707,79673.58750209375,2.907333333333643,0.003648922231504763,99.97804610318332,107.70693708255412,23,0.6810778797749482,21.670604432980227,22.244990518746143,0.3448803343584739,2.788305220424821,185.7929079312554,63.30255742469425
33,original_calendar_aligned,11.0,capacity_p90,upper_bound,86.0363326495739,peak_sensitive,9110,1,79676.49483542707,79673.58750209375,2.907333333333618,0.0036489222315047314,99.97804610318332,122.42329151702589,56,1.658276576843352,36.386958867451995,28.243405905036692,0.2920105261308336,2.5319911119443455,171.07655349678365,58.28846468001858
33,original_calendar_aligned,11.0,capacity_p90,upper_bound,86.0363326495739,point_forecast,9110,1,79676.49483542707,79673.58750209375,2.907333333333618,0.0036489222315047314,99.97804610318332,122.42329151702589,56,1.658276576843352,36.386958867451995,28.243405905036692,0.2920105261308336,2.5319911119443455,171.07655349678365,58.28846468001858
33,original_calendar_aligned,11.0,capacity_p90,upper_bound,86.0363326495739,uncertainty_aware,9110,1,79676.49483542707,79673.58750209375,2.907333333333618,0.0036489222315047314,99.97804610318332,122.42329151702589,56,1.658276576843352,36.386958867451995,28.243405905036692,0.2920105261308336,2.5319911119443455,171.07655349678365,58.28846468001858
33,original_calendar_aligned,11.0,capacity_p90,upper_bound,86.0363326495739,uncontrolled,9110,1,79676.49483542707,79673.58750209375,2.9073333333336544,0.0036489222315047778,99.97804610318332,293.49984501380953,338,10.008883624518804,207.46351236423564,42.94874092382939,0.12801512508086055,-0.10186776711250922,0.0,0.0
33,original_calendar_aligned,11.0,capacity_p90,upper_bound,86.0363326495739,valley_filling,9110,1,79676.49483542707,79673.58750209375,2.907333333333643,0.003648922231504763,99.97804610318332,107.70693708255412,23,0.6810778797749482,21.670604432980227,22.244990518746143,0.3448803343584739,2.788305220424821,185.7929079312554,63.30255742469425
34,original_calendar_aligned,11.0,capacity_p95,eahpa_point,134.60813391691988,peak_sensitive,9110,1,79676.49483542707,79673.58750209375,2.907333333333619,0.0036489222315047327,99.97804610318332,144.9916032778048,5,0.14806040864672787,10.38346936088493,31.154351197667598,0.24771463797888596,2.4793196271627322,148.50824173600472,50.599086936150584
34,original_calendar_aligned,11.0,capacity_p95,eahpa_point,134.60813391691988,point_forecast,9110,1,79676.49483542707,79673.58750209375,2.907333333333619,0.0036489222315047327,99.97804610318332,144.9916032778048,5,0.14806040864672787,10.38346936088493,31.154351197667598,0.24771463797888596,2.4793196271627322,148.50824173600472,50.599086936150584
34,original_calendar_aligned,11.0,capacity_p95,eahpa_point,134.60813391691988,uncertainty_aware,9110,1,79676.49483542707,79673.58750209375,2.907333333333619,0.0036489222315047327,99.97804610318332,144.9916032778048,5,0.14806040864672787,10.38346936088493,31.154351197667598,0.24771463797888596,2.4793196271627322,148.50824173600472,50.599086936150584
34,original_calendar_aligned,11.0,capacity_p95,eahpa_point,134.60813391691988,uncontrolled,9110,1,79676.49483542707,79673.58750209375,2.9073333333336544,0.0036489222315047778,99.97804610318332,293.49984501380953,169,5.004441812259402,158.89171109688965,42.94874092382939,0.12801512508086055,-0.10186776711250922,0.0,0.0
34,original_calendar_aligned,11.0,capacity_p95,eahpa_point,134.60813391691988,valley_filling,9110,1,79676.49483542707,79673.58750209375,2.907333333333643,0.003648922231504763,99.97804610318332,107.70693708255412,0,0.0,0.0,22.25136008378264,0.34490221491780976,2.788295649921915,185.7929079312554,63.30255742469425
35,original_calendar_aligned,11.0,capacity_p95,prc_peak_sensitive,134.60813391691988,peak_sensitive,9110,1,79676.49483542707,79673.58750209375,2.907333333333619,0.0036489222315047327,99.97804610318332,144.9916032778048,5,0.14806040864672787,10.38346936088493,31.154351197667598,0.24771463797888596,2.4793196271627322,148.50824173600472,50.599086936150584
35,original_calendar_aligned,11.0,capacity_p95,prc_peak_sensitive,134.60813391691988,point_forecast,9110,1,79676.49483542707,79673.58750209375,2.907333333333619,0.0036489222315047327,99.97804610318332,144.9916032778048,5,0.14806040864672787,10.38346936088493,31.154351197667598,0.24771463797888596,2.4793196271627322,148.50824173600472,50.599086936150584
35,original_calendar_aligned,11.0,capacity_p95,prc_peak_sensitive,134.60813391691988,uncertainty_aware,9110,1,79676.49483542707,79673.58750209375,2.907333333333619,0.0036489222315047327,99.97804610318332,144.9916032778048,5,0.14806040864672787,10.38346936088493,31.154351197667598,0.24771463797888596,2.4793196271627322,148.50824173600472,50.599086936150584
35,original_calendar_aligned,11.0,capacity_p95,prc_peak_sensitive,134.60813391691988,uncontrolled,9110,1,79676.49483542707,79673.58750209375,2.9073333333336544,0.0036489222315047778,99.97804610318332,293.49984501380953,169,5.004441812259402,158.89171109688965,42.94874092382939,0.12801512508086055,-0.10186776711250922,0.0,0.0
35,original_calendar_aligned,11.0,capacity_p95,prc_peak_sensitive,134.60813391691988,valley_filling,9110,1,79676.49483542707,79673.58750209375,2.907333333333643,0.003648922231504763,99.97804610318332,107.70693708255412,0,0.0,0.0,22.25136008378264,0.34490221491780976,2.788295649921915,185.7929079312554,63.30255742469425
36,original_calendar_aligned,11.0,capacity_p95,upper_bound,134.60813391691988,peak_sensitive,9110,1,79676.49483542707,79673.58750209375,2.907333333333619,0.0036489222315047327,99.97804610318332,144.9916032778048,5,0.14806040864672787,10.38346936088493,31.154351197667598,0.24771463797888596,2.4793196271627322,148.50824173600472,50.599086936150584
36,original_calendar_aligned,11.0,capacity_p95,upper_bound,134.60813391691988,point_forecast,9110,1,79676.49483542707,79673.58750209375,2.907333333333619,0.0036489222315047327,99.97804610318332,144.9916032778048,5,0.14806040864672787,10.38346936088493,31.154351197667598,0.24771463797888596,2.4793196271627322,148.50824173600472,50.599086936150584
36,original_calendar_aligned,11.0,capacity_p95,upper_bound,134.60813391691988,uncertainty_aware,9110,1,79676.49483542707,79673.58750209375,2.907333333333619,0.0036489222315047327,99.97804610318332,144.9916032778048,5,0.14806040864672787,10.38346936088493,31.154351197667598,0.24771463797888596,2.4793196271627322,148.50824173600472,50.599086936150584
36,original_calendar_aligned,11.0,capacity_p95,upper_bound,134.60813391691988,uncontrolled,9110,1,79676.49483542707,79673.58750209375,2.9073333333336544,0.0036489222315047778,99.97804610318332,293.49984501380953,169,5.004441812259402,158.89171109688965,42.94874092382939,0.12801512508086055,-0.10186776711250922,0.0,0.0
36,original_calendar_aligned,11.0,capacity_p95,upper_bound,134.60813391691988,valley_filling,9110,1,79676.49483542707,79673.58750209375,2.907333333333643,0.003648922231504763,99.97804610318332,107.70693708255412,0,0.0,0.0,22.25136008378264,0.34490221491780976,2.788295649921915,185.7929079312554,63.30255742469425
37,original_calendar_aligned,11.0,capacity_p95_plus_10percent,eahpa_point,148.06894730861188,peak_sensitive,9110,1,79676.49483542707,79673.58750209375,2.9073333333336118,0.0036489222315047244,99.97804610318332,148.15689592969235,1,0.029612081729345572,0.08794862108047141,31.292066882354096,0.2423785531410921,2.4775756690709865,145.34294908411718,49.52062209003164
37,original_calendar_aligned,11.0,capacity_p95_plus_10percent,eahpa_point,148.06894730861188,point_forecast,9110,1,79676.49483542707,79673.58750209375,2.9073333333336118,0.0036489222315047244,99.97804610318332,148.15689592969235,1,0.029612081729345572,0.08794862108047141,31.292066882354096,0.2423785531410921,2.4775756690709865,145.34294908411718,49.52062209003164
37,original_calendar_aligned,11.0,capacity_p95_plus_10percent,eahpa_point,148.06894730861188,uncertainty_aware,9110,1,79676.49483542707,79673.58750209375,2.9073333333336118,0.0036489222315047244,99.97804610318332,148.15689592969235,1,0.029612081729345572,0.08794862108047141,31.292066882354096,0.2423785531410921,2.4775756690709865,145.34294908411718,49.52062209003164
37,original_calendar_aligned,11.0,capacity_p95_plus_10percent,eahpa_point,148.06894730861188,uncontrolled,9110,1,79676.49483542707,79673.58750209375,2.9073333333336544,0.0036489222315047778,99.97804610318332,293.49984501380953,144,4.264139769025762,145.43089770519765,42.94874092382939,0.12801512508086055,-0.10186776711250922,0.0,0.0
37,original_calendar_aligned,11.0,capacity_p95_plus_10percent,eahpa_point,148.06894730861188,valley_filling,9110,1,79676.49483542707,79673.58750209375,2.907333333333643,0.003648922231504763,99.97804610318332,107.70693708255412,0,0.0,0.0,22.25136008378264,0.34490221491780976,2.788295649921915,185.7929079312554,63.30255742469425
38,original_calendar_aligned,11.0,capacity_p95_plus_10percent,prc_peak_sensitive,148.06894730861188,peak_sensitive,9110,1,79676.49483542707,79673.58750209375,2.9073333333336118,0.0036489222315047244,99.97804610318332,148.15689592969235,1,0.029612081729345572,0.08794862108047141,31.292066882354096,0.2423785531410921,2.4775756690709865,145.34294908411718,49.52062209003164
38,original_calendar_aligned,11.0,capacity_p95_plus_10percent,prc_peak_sensitive,148.06894730861188,point_forecast,9110,1,79676.49483542707,79673.58750209375,2.9073333333336118,0.0036489222315047244,99.97804610318332,148.15689592969235,1,0.029612081729345572,0.08794862108047141,31.292066882354096,0.2423785531410921,2.4775756690709865,145.34294908411718,49.52062209003164
38,original_calendar_aligned,11.0,capacity_p95_plus_10percent,prc_peak_sensitive,148.06894730861188,uncertainty_aware,9110,1,79676.49483542707,79673.58750209375,2.9073333333336118,0.0036489222315047244,99.97804610318332,148.15689592969235,1,0.029612081729345572,0.08794862108047141,31.292066882354096,0.2423785531410921,2.4775756690709865,145.34294908411718,49.52062209003164
38,original_calendar_aligned,11.0,capacity_p95_plus_10percent,prc_peak_sensitive,148.06894730861188,uncontrolled,9110,1,79676.49483542707,79673.58750209375,2.9073333333336544,0.0036489222315047778,99.97804610318332,293.49984501380953,144,4.264139769025762,145.43089770519765,42.94874092382939,0.12801512508086055,-0.10186776711250922,0.0,0.0
38,original_calendar_aligned,11.0,capacity_p95_plus_10percent,prc_peak_sensitive,148.06894730861188,valley_filling,9110,1,79676.49483542707,79673.58750209375,2.907333333333643,0.003648922231504763,99.97804610318332,107.70693708255412,0,0.0,0.0,22.25136008378264,0.34490221491780976,2.788295649921915,185.7929079312554,63.30255742469425
39,original_calendar_aligned,11.0,capacity_p95_plus_10percent,upper_bound,148.06894730861188,peak_sensitive,9110,1,79676.49483542707,79673.58750209375,2.9073333333336118,0.0036489222315047244,99.97804610318332,148.15689592969235,1,0.029612081729345572,0.08794862108047141,31.292066882354096,0.2423785531410921,2.4775756690709865,145.34294908411718,49.52062209003164
39,original_calendar_aligned,11.0,capacity_p95_plus_10percent,upper_bound,148.06894730861188,point_forecast,9110,1,79676.49483542707,79673.58750209375,2.9073333333336118,0.0036489222315047244,99.97804610318332,148.15689592969235,1,0.029612081729345572,0.08794862108047141,31.292066882354096,0.2423785531410921,2.4775756690709865,145.34294908411718,49.52062209003164
39,original_calendar_aligned,11.0,capacity_p95_plus_10percent,upper_bound,148.06894730861188,uncertainty_aware,9110,1,79676.49483542707,79673.58750209375,2.9073333333336118,0.0036489222315047244,99.97804610318332,148.15689592969235,1,0.029612081729345572,0.08794862108047141,31.292066882354096,0.2423785531410921,2.4775756690709865,145.34294908411718,49.52062209003164
39,original_calendar_aligned,11.0,capacity_p95_plus_10percent,upper_bound,148.06894730861188,uncontrolled,9110,1,79676.49483542707,79673.58750209375,2.9073333333336544,0.0036489222315047778,99.97804610318332,293.49984501380953,144,4.264139769025762,145.43089770519765,42.94874092382939,0.12801512508086055,-0.10186776711250922,0.0,0.0
39,original_calendar_aligned,11.0,capacity_p95_plus_10percent,upper_bound,148.06894730861188,valley_filling,9110,1,79676.49483542707,79673.58750209375,2.907333333333643,0.003648922231504763,99.97804610318332,107.70693708255412,0,0.0,0.0,22.25136008378264,0.34490221491780976,2.788295649921915,185.7929079312554,63.30255742469425
40,original_calendar_aligned,11.0,capacity_historical_peak,eahpa_point,293.49984501380953,peak_sensitive,9110,1,79676.49483542707,79673.58750209375,2.90733333333361,0.0036489222315047214,99.97804610318332,178.13696283131296,0,0.0,0.0,31.39633126970295,0.20156585296464347,2.478310370273593,115.36288218249658,39.3059431350189
40,original_calendar_aligned,11.0,capacity_historical_peak,eahpa_point,293.49984501380953,point_forecast,9110,1,79676.49483542707,79673.58750209375,2.90733333333361,0.0036489222315047214,99.97804610318332,178.13696283131296,0,0.0,0.0,31.39633126970295,0.20156585296464347,2.478310370273593,115.36288218249658,39.3059431350189
40,original_calendar_aligned,11.0,capacity_historical_peak,eahpa_point,293.49984501380953,uncertainty_aware,9110,1,79676.49483542707,79673.58750209375,2.90733333333361,0.0036489222315047214,99.97804610318332,178.13696283131296,0,0.0,0.0,31.39633126970295,0.20156585296464347,2.478310370273593,115.36288218249658,39.3059431350189
40,original_calendar_aligned,11.0,capacity_historical_peak,eahpa_point,293.49984501380953,uncontrolled,9110,1,79676.49483542707,79673.58750209375,2.9073333333336544,0.0036489222315047778,99.97804610318332,293.49984501380953,0,0.0,0.0,42.94874092382939,0.12801512508086055,-0.10186776711250922,0.0,0.0
40,original_calendar_aligned,11.0,capacity_historical_peak,eahpa_point,293.49984501380953,valley_filling,9110,1,79676.49483542707,79673.58750209375,2.907333333333643,0.003648922231504763,99.97804610318332,107.70693708255412,0,0.0,0.0,22.25136008378264,0.34490221491780976,2.788295649921915,185.7929079312554,63.30255742469425
41,original_calendar_aligned,11.0,capacity_historical_peak,prc_peak_sensitive,293.49984501380953,peak_sensitive,9110,1,79676.49483542707,79673.58750209375,2.90733333333361,0.0036489222315047214,99.97804610318332,178.13696283131296,0,0.0,0.0,31.39633126970295,0.20156585296464347,2.478310370273593,115.36288218249658,39.3059431350189
41,original_calendar_aligned,11.0,capacity_historical_peak,prc_peak_sensitive,293.49984501380953,point_forecast,9110,1,79676.49483542707,79673.58750209375,2.90733333333361,0.0036489222315047214,99.97804610318332,178.13696283131296,0,0.0,0.0,31.39633126970295,0.20156585296464347,2.478310370273593,115.36288218249658,39.3059431350189
41,original_calendar_aligned,11.0,capacity_historical_peak,prc_peak_sensitive,293.49984501380953,uncertainty_aware,9110,1,79676.49483542707,79673.58750209375,2.90733333333361,0.0036489222315047214,99.97804610318332,178.13696283131296,0,0.0,0.0,31.39633126970295,0.20156585296464347,2.478310370273593,115.36288218249658,39.3059431350189
41,original_calendar_aligned,11.0,capacity_historical_peak,prc_peak_sensitive,293.49984501380953,uncontrolled,9110,1,79676.49483542707,79673.58750209375,2.9073333333336544,0.0036489222315047778,99.97804610318332,293.49984501380953,0,0.0,0.0,42.94874092382939,0.12801512508086055,-0.10186776711250922,0.0,0.0
41,original_calendar_aligned,11.0,capacity_historical_peak,prc_peak_sensitive,293.49984501380953,valley_filling,9110,1,79676.49483542707,79673.58750209375,2.907333333333643,0.003648922231504763,99.97804610318332,107.70693708255412,0,0.0,0.0,22.25136008378264,0.34490221491780976,2.788295649921915,185.7929079312554,63.30255742469425
42,original_calendar_aligned,11.0,capacity_historical_peak,upper_bound,293.49984501380953,peak_sensitive,9110,1,79676.49483542707,79673.58750209375,2.90733333333361,0.0036489222315047214,99.97804610318332,178.13696283131296,0,0.0,0.0,31.39633126970295,0.20156585296464347,2.478310370273593,115.36288218249658,39.3059431350189
42,original_calendar_aligned,11.0,capacity_historical_peak,upper_bound,293.49984501380953,point_forecast,9110,1,79676.49483542707,79673.58750209375,2.90733333333361,0.0036489222315047214,99.97804610318332,178.13696283131296,0,0.0,0.0,31.39633126970295,0.20156585296464347,2.478310370273593,115.36288218249658,39.3059431350189
42,original_calendar_aligned,11.0,capacity_historical_peak,upper_bound,293.49984501380953,uncertainty_aware,9110,1,79676.49483542707,79673.58750209375,2.90733333333361,0.0036489222315047214,99.97804610318332,178.13696283131296,0,0.0,0.0,31.39633126970295,0.20156585296464347,2.478310370273593,115.36288218249658,39.3059431350189
42,original_calendar_aligned,11.0,capacity_historical_peak,upper_bound,293.49984501380953,uncontrolled,9110,1,79676.49483542707,79673.58750209375,2.9073333333336544,0.0036489222315047778,99.97804610318332,293.49984501380953,0,0.0,0.0,42.94874092382939,0.12801512508086055,-0.10186776711250922,0.0,0.0
42,original_calendar_aligned,11.0,capacity_historical_peak,upper_bound,293.49984501380953,valley_filling,9110,1,79676.49483542707,79673.58750209375,2.907333333333643,0.003648922231504763,99.97804610318332,107.70693708255412,0,0.0,0.0,22.25136008378264,0.34490221491780976,2.788295649921915,185.7929079312554,63.30255742469425
43,original_calendar_aligned,11.0,capacity_mean_plus_2std,eahpa_point,123.46990121831479,peak_sensitive,9110,1,79676.49483542707,79673.58750209375,2.9073333333336153,0.0036489222315047288,99.97804610318332,134.4699012183148,7,0.207284572105419,11.0,30.91277058140839,0.2669119920833649,2.481147833068979,159.02994379549475,54.18399583414165
43,original_calendar_aligned,11.0,capacity_mean_plus_2std,eahpa_point,123.46990121831479,point_forecast,9110,1,79676.49483542707,79673.58750209375,2.9073333333336153,0.0036489222315047288,99.97804610318332,134.4699012183148,7,0.207284572105419,11.0,30.91277058140839,0.2669119920833649,2.481147833068979,159.02994379549475,54.18399583414165
43,original_calendar_aligned,11.0,capacity_mean_plus_2std,eahpa_point,123.46990121831479,uncertainty_aware,9110,1,79676.49483542707,79673.58750209375,2.9073333333336153,0.0036489222315047288,99.97804610318332,134.4699012183148,7,0.207284572105419,11.0,30.91277058140839,0.2669119920833649,2.481147833068979,159.02994379549475,54.18399583414165
43,original_calendar_aligned,11.0,capacity_mean_plus_2std,eahpa_point,123.46990121831479,uncontrolled,9110,1,79676.49483542707,79673.58750209375,2.9073333333336544,0.0036489222315047778,99.97804610318332,293.49984501380953,184,5.448623038199585,170.02994379549475,42.94874092382939,0.12801512508086055,-0.10186776711250922,0.0,0.0
43,original_calendar_aligned,11.0,capacity_mean_plus_2std,eahpa_point,123.46990121831479,valley_filling,9110,1,79676.49483542707,79673.58750209375,2.907333333333643,0.003648922231504763,99.97804610318332,107.70693708255412,0,0.0,0.0,22.25136008378264,0.34490221491780976,2.788295649921915,185.7929079312554,63.30255742469425
44,original_calendar_aligned,11.0,capacity_mean_plus_2std,prc_peak_sensitive,123.46990121831479,peak_sensitive,9110,1,79676.49483542707,79673.58750209375,2.9073333333336153,0.0036489222315047288,99.97804610318332,134.4699012183148,7,0.207284572105419,11.0,30.91277058140839,0.2669119920833649,2.481147833068979,159.02994379549475,54.18399583414165
44,original_calendar_aligned,11.0,capacity_mean_plus_2std,prc_peak_sensitive,123.46990121831479,point_forecast,9110,1,79676.49483542707,79673.58750209375,2.9073333333336153,0.0036489222315047288,99.97804610318332,134.4699012183148,7,0.207284572105419,11.0,30.91277058140839,0.2669119920833649,2.481147833068979,159.02994379549475,54.18399583414165
44,original_calendar_aligned,11.0,capacity_mean_plus_2std,prc_peak_sensitive,123.46990121831479,uncertainty_aware,9110,1,79676.49483542707,79673.58750209375,2.9073333333336153,0.0036489222315047288,99.97804610318332,134.4699012183148,7,0.207284572105419,11.0,30.91277058140839,0.2669119920833649,2.481147833068979,159.02994379549475,54.18399583414165
44,original_calendar_aligned,11.0,capacity_mean_plus_2std,prc_peak_sensitive,123.46990121831479,uncontrolled,9110,1,79676.49483542707,79673.58750209375,2.9073333333336544,0.0036489222315047778,99.97804610318332,293.49984501380953,184,5.448623038199585,170.02994379549475,42.94874092382939,0.12801512508086055,-0.10186776711250922,0.0,0.0
44,original_calendar_aligned,11.0,capacity_mean_plus_2std,prc_peak_sensitive,123.46990121831479,valley_filling,9110,1,79676.49483542707,79673.58750209375,2.907333333333643,0.003648922231504763,99.97804610318332,107.70693708255412,0,0.0,0.0,22.25136008378264,0.34490221491780976,2.788295649921915,185.7929079312554,63.30255742469425
45,original_calendar_aligned,11.0,capacity_mean_plus_2std,upper_bound,123.46990121831479,peak_sensitive,9110,1,79676.49483542707,79673.58750209375,2.9073333333336153,0.0036489222315047288,99.97804610318332,134.4699012183148,7,0.207284572105419,11.0,30.91277058140839,0.2669119920833649,2.481147833068979,159.02994379549475,54.18399583414165
45,original_calendar_aligned,11.0,capacity_mean_plus_2std,upper_bound,123.46990121831479,point_forecast,9110,1,79676.49483542707,79673.58750209375,2.9073333333336153,0.0036489222315047288,99.97804610318332,134.4699012183148,7,0.207284572105419,11.0,30.91277058140839,0.2669119920833649,2.481147833068979,159.02994379549475,54.18399583414165
45,original_calendar_aligned,11.0,capacity_mean_plus_2std,upper_bound,123.46990121831479,uncertainty_aware,9110,1,79676.49483542707,79673.58750209375,2.9073333333336153,0.0036489222315047288,99.97804610318332,134.4699012183148,7,0.207284572105419,11.0,30.91277058140839,0.2669119920833649,2.481147833068979,159.02994379549475,54.18399583414165
45,original_calendar_aligned,11.0,capacity_mean_plus_2std,upper_bound,123.46990121831479,uncontrolled,9110,1,79676.49483542707,79673.58750209375,2.9073333333336544,0.0036489222315047778,99.97804610318332,293.49984501380953,184,5.448623038199585,170.02994379549475,42.94874092382939,0.12801512508086055,-0.10186776711250922,0.0,0.0
45,original_calendar_aligned,11.0,capacity_mean_plus_2std,upper_bound,123.46990121831479,valley_filling,9110,1,79676.49483542707,79673.58750209375,2.907333333333643,0.003648922231504763,99.97804610318332,107.70693708255412,0,0.0,0.0,22.25136008378264,0.34490221491780976,2.788295649921915,185.7929079312554,63.30255742469425
46,shorter_high_confidence,6.6,capacity_p90,eahpa_point,58.533454836147214,peak_sensitive,1517,1,13343.50449748207,13317.551664148737,25.95283333333352,0.19449787976037958,97.363216875412,74.70051691442248,17,2.5297619047619047,16.167062078275265,18.190656658206308,0.3736735293927656,3.004420466110694,80.17697628708527,51.76799716326035
46,shorter_high_confidence,6.6,capacity_p90,eahpa_point,58.533454836147214,point_forecast,1517,1,13343.50449748207,13317.551664148737,25.95283333333352,0.19449787976037958,97.363216875412,74.70051691442248,17,2.5297619047619047,16.167062078275265,18.190656658206308,0.3736735293927656,3.004420466110694,80.17697628708527,51.76799716326035
46,shorter_high_confidence,6.6,capacity_p90,eahpa_point,58.533454836147214,uncertainty_aware,1517,1,13343.50449748207,13317.551664148737,25.95283333333353,0.19449787976037966,97.363216875412,74.70051691442248,17,2.5297619047619047,16.167062078275265,18.220056322791248,0.3742011761091034,3.003087693422299,80.17697628708527,51.76799716326035
46,shorter_high_confidence,6.6,capacity_p90,eahpa_point,58.533454836147214,uncontrolled,1517,1,13343.50449748207,13317.551664148737,25.952833333333544,0.19449787976037974,97.363216875412,154.87749320150775,68,10.119047619047619,96.34403836536053,29.712690934116413,0.1777948896997546,0.16790568838689335,0.0,0.0
46,shorter_high_confidence,6.6,capacity_p90,eahpa_point,58.533454836147214,valley_filling,1517,1,13343.50449748207,13317.551664148737,25.952833333333523,0.19449787976037963,97.363216875412,70.36062499931738,13,1.9345238095238095,11.827170163170166,16.11171198196619,0.40021371334493405,3.123413939198804,84.51686820219037,54.570142152434826
47,shorter_high_confidence,6.6,capacity_p90,prc_peak_sensitive,58.533454836147214,peak_sensitive,1517,1,13343.50449748207,13317.551664148737,25.95283333333352,0.19449787976037958,97.363216875412,74.70051691442248,17,2.5297619047619047,16.167062078275265,18.190656658206308,0.3736735293927656,3.004420466110694,80.17697628708527,51.76799716326035
47,shorter_high_confidence,6.6,capacity_p90,prc_peak_sensitive,58.533454836147214,point_forecast,1517,1,13343.50449748207,13317.551664148737,25.95283333333352,0.19449787976037958,97.363216875412,74.70051691442248,17,2.5297619047619047,16.167062078275265,18.190656658206308,0.3736735293927656,3.004420466110694,80.17697628708527,51.76799716326035
47,shorter_high_confidence,6.6,capacity_p90,prc_peak_sensitive,58.533454836147214,uncertainty_aware,1517,1,13343.50449748207,13317.551664148737,25.95283333333353,0.19449787976037966,97.363216875412,74.70051691442248,17,2.5297619047619047,16.167062078275265,18.220056322791248,0.3742011761091034,3.003087693422299,80.17697628708527,51.76799716326035
47,shorter_high_confidence,6.6,capacity_p90,prc_peak_sensitive,58.533454836147214,uncontrolled,1517,1,13343.50449748207,13317.551664148737,25.952833333333544,0.19449787976037974,97.363216875412,154.87749320150775,68,10.119047619047619,96.34403836536053,29.712690934116413,0.1777948896997546,0.16790568838689335,0.0,0.0
47,shorter_high_confidence,6.6,capacity_p90,prc_peak_sensitive,58.533454836147214,valley_filling,1517,1,13343.50449748207,13317.551664148737,25.952833333333523,0.19449787976037963,97.363216875412,70.36062499931738,13,1.9345238095238095,11.827170163170166,16.11171198196619,0.40021371334493405,3.123413939198804,84.51686820219037,54.570142152434826
48,shorter_high_confidence,6.6,capacity_p90,upper_bound,58.533454836147214,peak_sensitive,1517,1,13343.50449748207,13317.551664148737,25.95283333333352,0.19449787976037958,97.363216875412,74.70051691442248,17,2.5297619047619047,16.167062078275265,18.190656658206308,0.3736735293927656,3.004420466110694,80.17697628708527,51.76799716326035
48,shorter_high_confidence,6.6,capacity_p90,upper_bound,58.533454836147214,point_forecast,1517,1,13343.50449748207,13317.551664148737,25.95283333333352,0.19449787976037958,97.363216875412,74.70051691442248,17,2.5297619047619047,16.167062078275265,18.190656658206308,0.3736735293927656,3.004420466110694,80.17697628708527,51.76799716326035
48,shorter_high_confidence,6.6,capacity_p90,upper_bound,58.533454836147214,uncertainty_aware,1517,1,13343.50449748207,13317.551664148737,25.95283333333353,0.19449787976037966,97.363216875412,74.70051691442248,17,2.5297619047619047,16.167062078275265,18.220056322791248,0.3742011761091034,3.003087693422299,80.17697628708527,51.76799716326035
48,shorter_high_confidence,6.6,capacity_p90,upper_bound,58.533454836147214,uncontrolled,1517,1,13343.50449748207,13317.551664148737,25.952833333333544,0.19449787976037974,97.363216875412,154.87749320150775,68,10.119047619047619,96.34403836536053,29.712690934116413,0.1777948896997546,0.16790568838689335,0.0,0.0
48,shorter_high_confidence,6.6,capacity_p90,upper_bound,58.533454836147214,valley_filling,1517,1,13343.50449748207,13317.551664148737,25.952833333333523,0.19449787976037963,97.363216875412,70.36062499931738,13,1.9345238095238095,11.827170163170166,16.11171198196619,0.40021371334493405,3.123413939198804,84.51686820219037,54.570142152434826
49,shorter_high_confidence,6.6,capacity_p95,eahpa_point,98.85753787963226,peak_sensitive,1517,1,13343.50449748207,13317.551664148737,25.952833333333537,0.19449787976037972,97.363216875412,98.85753787963226,0,0.0,0.0,20.594523318376815,0.2833141441797404,2.9503823019810427,56.019955321875486,36.170494604396225
49,shorter_high_confidence,6.6,capacity_p95,eahpa_point,98.85753787963226,point_forecast,1517,1,13343.50449748207,13317.551664148737,25.952833333333537,0.19449787976037972,97.363216875412,98.85753787963226,0,0.0,0.0,20.594523318376815,0.2833141441797404,2.9503823019810427,56.019955321875486,36.170494604396225
49,shorter_high_confidence,6.6,capacity_p95,eahpa_point,98.85753787963226,uncertainty_aware,1517,1,13343.50449748207,13317.551664148737,25.952833333333544,0.19449787976037974,97.363216875412,98.85753787963226,0,0.0,0.0,20.625196636044524,0.2836858111197895,2.9491064304743757,56.019955321875486,36.170494604396225
49,shorter_high_confidence,6.6,capacity_p95,eahpa_point,98.85753787963226,uncontrolled,1517,1,13343.50449748207,13317.551664148737,25.952833333333544,0.19449787976037974,97.363216875412,154.87749320150775,34,5.059523809523809,56.019955321875486,29.712690934116413,0.1777948896997546,0.16790568838689335,0.0,0.0
49,shorter_high_confidence,6.6,capacity_p95,eahpa_point,98.85753787963226,valley_filling,1517,1,13343.50449748207,13317.551664148737,25.95283333333352,0.19449787976037958,97.363216875412,70.78870862470863,0,0.0,0.0,16.121697598676676,0.39783828276207284,3.1236221898996397,84.08878457679911,54.29374070988676
50,shorter_high_confidence,6.6,capacity_p95,prc_peak_sensitive,98.85753787963226,peak_sensitive,1517,1,13343.50449748207,13317.551664148737,25.952833333333537,0.19449787976037972,97.363216875412,98.85753787963226,0,0.0,0.0,20.594523318376815,0.2833141441797404,2.9503823019810427,56.019955321875486,36.170494604396225
50,shorter_high_confidence,6.6,capacity_p95,prc_peak_sensitive,98.85753787963226,point_forecast,1517,1,13343.50449748207,13317.551664148737,25.952833333333537,0.19449787976037972,97.363216875412,98.85753787963226,0,0.0,0.0,20.594523318376815,0.2833141441797404,2.9503823019810427,56.019955321875486,36.170494604396225
50,shorter_high_confidence,6.6,capacity_p95,prc_peak_sensitive,98.85753787963226,uncertainty_aware,1517,1,13343.50449748207,13317.551664148737,25.952833333333544,0.19449787976037974,97.363216875412,98.85753787963226,0,0.0,0.0,20.625196636044524,0.2836858111197895,2.9491064304743757,56.019955321875486,36.170494604396225
50,shorter_high_confidence,6.6,capacity_p95,prc_peak_sensitive,98.85753787963226,uncontrolled,1517,1,13343.50449748207,13317.551664148737,25.952833333333544,0.19449787976037974,97.363216875412,154.87749320150775,34,5.059523809523809,56.019955321875486,29.712690934116413,0.1777948896997546,0.16790568838689335,0.0,0.0
50,shorter_high_confidence,6.6,capacity_p95,prc_peak_sensitive,98.85753787963226,valley_filling,1517,1,13343.50449748207,13317.551664148737,25.95283333333352,0.19449787976037958,97.363216875412,70.78870862470863,0,0.0,0.0,16.121697598676676,0.39783828276207284,3.1236221898996397,84.08878457679911,54.29374070988676
51,shorter_high_confidence,6.6,capacity_p95,upper_bound,98.85753787963226,peak_sensitive,1517,1,13343.50449748207,13317.551664148737,25.952833333333537,0.19449787976037972,97.363216875412,98.85753787963226,0,0.0,0.0,20.594523318376815,0.2833141441797404,2.9503823019810427,56.019955321875486,36.170494604396225
51,shorter_high_confidence,6.6,capacity_p95,upper_bound,98.85753787963226,point_forecast,1517,1,13343.50449748207,13317.551664148737,25.952833333333537,0.19449787976037972,97.363216875412,98.85753787963226,0,0.0,0.0,20.594523318376815,0.2833141441797404,2.9503823019810427,56.019955321875486,36.170494604396225
51,shorter_high_confidence,6.6,capacity_p95,upper_bound,98.85753787963226,uncertainty_aware,1517,1,13343.50449748207,13317.551664148737,25.952833333333544,0.19449787976037974,97.363216875412,98.85753787963226,0,0.0,0.0,20.625196636044524,0.2836858111197895,2.9491064304743757,56.019955321875486,36.170494604396225
51,shorter_high_confidence,6.6,capacity_p95,upper_bound,98.85753787963226,uncontrolled,1517,1,13343.50449748207,13317.551664148737,25.952833333333544,0.19449787976037974,97.363216875412,154.87749320150775,34,5.059523809523809,56.019955321875486,29.712690934116413,0.1777948896997546,0.16790568838689335,0.0,0.0
51,shorter_high_confidence,6.6,capacity_p95,upper_bound,98.85753787963226,valley_filling,1517,1,13343.50449748207,13317.551664148737,25.95283333333352,0.19449787976037958,97.363216875412,70.78870862470863,0,0.0,0.0,16.121697598676676,0.39783828276207284,3.1236221898996397,84.08878457679911,54.29374070988676
52,shorter_high_confidence,6.6,capacity_p95_plus_10percent,eahpa_point,108.7432916675955,peak_sensitive,1517,1,13343.50449748207,13317.551664148737,25.952833333333537,0.19449787976037972,97.363216875412,108.7432916675955,0,0.0,0.0,20.7181054622562,0.25759869426080656,2.9460858827075027,46.13420153391225,29.787544064835835
52,shorter_high_confidence,6.6,capacity_p95_plus_10percent,eahpa_point,108.7432916675955,point_forecast,1517,1,13343.50449748207,13317.551664148737,25.952833333333537,0.19449787976037972,97.363216875412,108.7432916675955,0,0.0,0.0,20.7181054622562,0.25759869426080656,2.9460858827075027,46.13420153391225,29.787544064835835
52,shorter_high_confidence,6.6,capacity_p95_plus_10percent,eahpa_point,108.7432916675955,uncertainty_aware,1517,1,13343.50449748207,13317.551664148737,25.952833333333544,0.19449787976037974,97.363216875412,108.7432916675955,0,0.0,0.0,20.748588309223507,0.2579365732972149,2.9448100112008357,46.13420153391225,29.787544064835835
52,shorter_high_confidence,6.6,capacity_p95_plus_10percent,eahpa_point,108.7432916675955,uncontrolled,1517,1,13343.50449748207,13317.551664148737,25.952833333333544,0.19449787976037974,97.363216875412,154.87749320150775,26,3.869047619047619,46.13420153391225,29.712690934116413,0.1777948896997546,0.16790568838689335,0.0,0.0
52,shorter_high_confidence,6.6,capacity_p95_plus_10percent,eahpa_point,108.7432916675955,valley_filling,1517,1,13343.50449748207,13317.551664148737,25.95283333333352,0.19449787976037958,97.363216875412,70.78870862470863,0,0.0,0.0,16.121697598676676,0.39783828276207284,3.1236221898996397,84.08878457679911,54.29374070988676
53,shorter_high_confidence,6.6,capacity_p95_plus_10percent,prc_peak_sensitive,108.7432916675955,peak_sensitive,1517,1,13343.50449748207,13317.551664148737,25.952833333333537,0.19449787976037972,97.363216875412,108.7432916675955,0,0.0,0.0,20.7181054622562,0.25759869426080656,2.9460858827075027,46.13420153391225,29.787544064835835
53,shorter_high_confidence,6.6,capacity_p95_plus_10percent,prc_peak_sensitive,108.7432916675955,point_forecast,1517,1,13343.50449748207,13317.551664148737,25.952833333333537,0.19449787976037972,97.363216875412,108.7432916675955,0,0.0,0.0,20.7181054622562,0.25759869426080656,2.9460858827075027,46.13420153391225,29.787544064835835
53,shorter_high_confidence,6.6,capacity_p95_plus_10percent,prc_peak_sensitive,108.7432916675955,uncertainty_aware,1517,1,13343.50449748207,13317.551664148737,25.952833333333544,0.19449787976037974,97.363216875412,108.7432916675955,0,0.0,0.0,20.748588309223507,0.2579365732972149,2.9448100112008357,46.13420153391225,29.787544064835835
53,shorter_high_confidence,6.6,capacity_p95_plus_10percent,prc_peak_sensitive,108.7432916675955,uncontrolled,1517,1,13343.50449748207,13317.551664148737,25.952833333333544,0.19449787976037974,97.363216875412,154.87749320150775,26,3.869047619047619,46.13420153391225,29.712690934116413,0.1777948896997546,0.16790568838689335,0.0,0.0
53,shorter_high_confidence,6.6,capacity_p95_plus_10percent,prc_peak_sensitive,108.7432916675955,valley_filling,1517,1,13343.50449748207,13317.551664148737,25.95283333333352,0.19449787976037958,97.363216875412,70.78870862470863,0,0.0,0.0,16.121697598676676,0.39783828276207284,3.1236221898996397,84.08878457679911,54.29374070988676
54,shorter_high_confidence,6.6,capacity_p95_plus_10percent,upper_bound,108.7432916675955,peak_sensitive,1517,1,13343.50449748207,13317.551664148737,25.952833333333537,0.19449787976037972,97.363216875412,108.7432916675955,0,0.0,0.0,20.7181054622562,0.25759869426080656,2.9460858827075027,46.13420153391225,29.787544064835835
54,shorter_high_confidence,6.6,capacity_p95_plus_10percent,upper_bound,108.7432916675955,point_forecast,1517,1,13343.50449748207,13317.551664148737,25.952833333333537,0.19449787976037972,97.363216875412,108.7432916675955,0,0.0,0.0,20.7181054622562,0.25759869426080656,2.9460858827075027,46.13420153391225,29.787544064835835
54,shorter_high_confidence,6.6,capacity_p95_plus_10percent,upper_bound,108.7432916675955,uncertainty_aware,1517,1,13343.50449748207,13317.551664148737,25.952833333333544,0.19449787976037974,97.363216875412,108.7432916675955,0,0.0,0.0,20.748588309223507,0.2579365732972149,2.9448100112008357,46.13420153391225,29.787544064835835
54,shorter_high_confidence,6.6,capacity_p95_plus_10percent,upper_bound,108.7432916675955,uncontrolled,1517,1,13343.50449748207,13317.551664148737,25.952833333333544,0.19449787976037974,97.363216875412,154.87749320150775,26,3.869047619047619,46.13420153391225,29.712690934116413,0.1777948896997546,0.16790568838689335,0.0,0.0
54,shorter_high_confidence,6.6,capacity_p95_plus_10percent,upper_bound,108.7432916675955,valley_filling,1517,1,13343.50449748207,13317.551664148737,25.95283333333352,0.19449787976037958,97.363216875412,70.78870862470863,0,0.0,0.0,16.121697598676676,0.39783828276207284,3.1236221898996397,84.08878457679911,54.29374070988676
55,shorter_high_confidence,6.6,capacity_historical_peak,eahpa_point,154.87749320150775,peak_sensitive,1517,1,13343.50449748207,13317.551664148737,25.952833333333537,0.19449787976037972,97.363216875412,117.43155443484005,0,0.0,0.0,20.745481258883828,0.23855096025367126,2.943447260761046,37.445938766667695,24.177779477582064
55,shorter_high_confidence,6.6,capacity_historical_peak,eahpa_point,154.87749320150775,point_forecast,1517,1,13343.50449748207,13317.551664148737,25.952833333333537,0.19449787976037972,97.363216875412,117.43155443484005,0,0.0,0.0,20.745481258883828,0.23855096025367126,2.943447260761046,37.445938766667695,24.177779477582064
55,shorter_high_confidence,6.6,capacity_historical_peak,eahpa_point,154.87749320150775,uncertainty_aware,1517,1,13343.50449748207,13317.551664148737,25.952833333333544,0.19449787976037974,97.363216875412,117.43155443484005,0,0.0,0.0,20.775921675675555,0.23886384105288527,2.9421713892543786,37.445938766667695,24.177779477582064
55,shorter_high_confidence,6.6,capacity_historical_peak,eahpa_point,154.87749320150775,uncontrolled,1517,1,13343.50449748207,13317.551664148737,25.952833333333544,0.19449787976037974,97.363216875412,154.87749320150775,0,0.0,0.0,29.712690934116413,0.1777948896997546,0.16790568838689335,0.0,0.0
55,shorter_high_confidence,6.6,capacity_historical_peak,eahpa_point,154.87749320150775,valley_filling,1517,1,13343.50449748207,13317.551664148737,25.95283333333352,0.19449787976037958,97.363216875412,70.78870862470863,0,0.0,0.0,16.121697598676676,0.39783828276207284,3.1236221898996397,84.08878457679911,54.29374070988676
56,shorter_high_confidence,6.6,capacity_historical_peak,prc_peak_sensitive,154.87749320150775,peak_sensitive,1517,1,13343.50449748207,13317.551664148737,25.952833333333537,0.19449787976037972,97.363216875412,117.43155443484005,0,0.0,0.0,20.745481258883828,0.23855096025367126,2.943447260761046,37.445938766667695,24.177779477582064
56,shorter_high_confidence,6.6,capacity_historical_peak,prc_peak_sensitive,154.87749320150775,point_forecast,1517,1,13343.50449748207,13317.551664148737,25.952833333333537,0.19449787976037972,97.363216875412,117.43155443484005,0,0.0,0.0,20.745481258883828,0.23855096025367126,2.943447260761046,37.445938766667695,24.177779477582064
56,shorter_high_confidence,6.6,capacity_historical_peak,prc_peak_sensitive,154.87749320150775,uncertainty_aware,1517,1,13343.50449748207,13317.551664148737,25.952833333333544,0.19449787976037974,97.363216875412,117.43155443484005,0,0.0,0.0,20.775921675675555,0.23886384105288527,2.9421713892543786,37.445938766667695,24.177779477582064
56,shorter_high_confidence,6.6,capacity_historical_peak,prc_peak_sensitive,154.87749320150775,uncontrolled,1517,1,13343.50449748207,13317.551664148737,25.952833333333544,0.19449787976037974,97.363216875412,154.87749320150775,0,0.0,0.0,29.712690934116413,0.1777948896997546,0.16790568838689335,0.0,0.0
56,shorter_high_confidence,6.6,capacity_historical_peak,prc_peak_sensitive,154.87749320150775,valley_filling,1517,1,13343.50449748207,13317.551664148737,25.95283333333352,0.19449787976037958,97.363216875412,70.78870862470863,0,0.0,0.0,16.121697598676676,0.39783828276207284,3.1236221898996397,84.08878457679911,54.29374070988676
57,shorter_high_confidence,6.6,capacity_historical_peak,upper_bound,154.87749320150775,peak_sensitive,1517,1,13343.50449748207,13317.551664148737,25.952833333333537,0.19449787976037972,97.363216875412,117.43155443484005,0,0.0,0.0,20.745481258883828,0.23855096025367126,2.943447260761046,37.445938766667695,24.177779477582064
57,shorter_high_confidence,6.6,capacity_historical_peak,upper_bound,154.87749320150775,point_forecast,1517,1,13343.50449748207,13317.551664148737,25.952833333333537,0.19449787976037972,97.363216875412,117.43155443484005,0,0.0,0.0,20.745481258883828,0.23855096025367126,2.943447260761046,37.445938766667695,24.177779477582064
57,shorter_high_confidence,6.6,capacity_historical_peak,upper_bound,154.87749320150775,uncertainty_aware,1517,1,13343.50449748207,13317.551664148737,25.952833333333544,0.19449787976037974,97.363216875412,117.43155443484005,0,0.0,0.0,20.775921675675555,0.23886384105288527,2.9421713892543786,37.445938766667695,24.177779477582064
57,shorter_high_confidence,6.6,capacity_historical_peak,upper_bound,154.87749320150775,uncontrolled,1517,1,13343.50449748207,13317.551664148737,25.952833333333544,0.19449787976037974,97.363216875412,154.87749320150775,0,0.0,0.0,29.712690934116413,0.1777948896997546,0.16790568838689335,0.0,0.0
57,shorter_high_confidence,6.6,capacity_historical_peak,upper_bound,154.87749320150775,valley_filling,1517,1,13343.50449748207,13317.551664148737,25.95283333333352,0.19449787976037958,97.363216875412,70.78870862470863,0,0.0,0.0,16.121697598676676,0.39783828276207284,3.1236221898996397,84.08878457679911,54.29374070988676
58,shorter_high_confidence,6.6,capacity_mean_plus_2std,eahpa_point,86.96180868896938,peak_sensitive,1517,1,13343.50449748207,13317.551664148737,25.952833333333533,0.1944978797603797,97.363216875412,86.96180868896938,0,0.0,0.0,20.302966949923725,0.32177530470846427,2.9521548919042844,67.91568451253836,43.85122919324032
58,shorter_high_confidence,6.6,capacity_mean_plus_2std,eahpa_point,86.96180868896938,point_forecast,1517,1,13343.50449748207,13317.551664148737,25.952833333333533,0.1944978797603797,97.363216875412,86.96180868896938,0,0.0,0.0,20.302966949923725,0.32177530470846427,2.9521548919042844,67.91568451253836,43.85122919324032
58,shorter_high_confidence,6.6,capacity_mean_plus_2std,eahpa_point,86.96180868896938,uncertainty_aware,1517,1,13343.50449748207,13317.551664148737,25.952833333333544,0.19449787976037974,97.363216875412,86.96180868896938,0,0.0,0.0,20.33412629013832,0.3221978129239492,2.9508790203976165,67.91568451253836,43.85122919324032
58,shorter_high_confidence,6.6,capacity_mean_plus_2std,eahpa_point,86.96180868896938,uncontrolled,1517,1,13343.50449748207,13317.551664148737,25.952833333333544,0.19449787976037974,97.363216875412,154.87749320150775,41,6.101190476190476,67.91568451253836,29.712690934116413,0.1777948896997546,0.16790568838689335,0.0,0.0
58,shorter_high_confidence,6.6,capacity_mean_plus_2std,eahpa_point,86.96180868896938,valley_filling,1517,1,13343.50449748207,13317.551664148737,25.95283333333352,0.19449787976037958,97.363216875412,70.78870862470863,0,0.0,0.0,16.121697598676676,0.39783828276207284,3.1236221898996397,84.08878457679911,54.29374070988676
59,shorter_high_confidence,6.6,capacity_mean_plus_2std,prc_peak_sensitive,86.96180868896938,peak_sensitive,1517,1,13343.50449748207,13317.551664148737,25.952833333333533,0.1944978797603797,97.363216875412,86.96180868896938,0,0.0,0.0,20.302966949923725,0.32177530470846427,2.9521548919042844,67.91568451253836,43.85122919324032
59,shorter_high_confidence,6.6,capacity_mean_plus_2std,prc_peak_sensitive,86.96180868896938,point_forecast,1517,1,13343.50449748207,13317.551664148737,25.952833333333533,0.1944978797603797,97.363216875412,86.96180868896938,0,0.0,0.0,20.302966949923725,0.32177530470846427,2.9521548919042844,67.91568451253836,43.85122919324032
59,shorter_high_confidence,6.6,capacity_mean_plus_2std,prc_peak_sensitive,86.96180868896938,uncertainty_aware,1517,1,13343.50449748207,13317.551664148737,25.952833333333544,0.19449787976037974,97.363216875412,86.96180868896938,0,0.0,0.0,20.33412629013832,0.3221978129239492,2.9508790203976165,67.91568451253836,43.85122919324032
59,shorter_high_confidence,6.6,capacity_mean_plus_2std,prc_peak_sensitive,86.96180868896938,uncontrolled,1517,1,13343.50449748207,13317.551664148737,25.952833333333544,0.19449787976037974,97.363216875412,154.87749320150775,41,6.101190476190476,67.91568451253836,29.712690934116413,0.1777948896997546,0.16790568838689335,0.0,0.0
59,shorter_high_confidence,6.6,capacity_mean_plus_2std,prc_peak_sensitive,86.96180868896938,valley_filling,1517,1,13343.50449748207,13317.551664148737,25.95283333333352,0.19449787976037958,97.363216875412,70.78870862470863,0,0.0,0.0,16.121697598676676,0.39783828276207284,3.1236221898996397,84.08878457679911,54.29374070988676
60,shorter_high_confidence,6.6,capacity_mean_plus_2std,upper_bound,86.96180868896938,peak_sensitive,1517,1,13343.50449748207,13317.551664148737,25.952833333333533,0.1944978797603797,97.363216875412,86.96180868896938,0,0.0,0.0,20.302966949923725,0.32177530470846427,2.9521548919042844,67.91568451253836,43.85122919324032
60,shorter_high_confidence,6.6,capacity_mean_plus_2std,upper_bound,86.96180868896938,point_forecast,1517,1,13343.50449748207,13317.551664148737,25.952833333333533,0.1944978797603797,97.363216875412,86.96180868896938,0,0.0,0.0,20.302966949923725,0.32177530470846427,2.9521548919042844,67.91568451253836,43.85122919324032
60,shorter_high_confidence,6.6,capacity_mean_plus_2std,upper_bound,86.96180868896938,uncertainty_aware,1517,1,13343.50449748207,13317.551664148737,25.952833333333544,0.19449787976037974,97.363216875412,86.96180868896938,0,0.0,0.0,20.33412629013832,0.3221978129239492,2.9508790203976165,67.91568451253836,43.85122919324032
60,shorter_high_confidence,6.6,capacity_mean_plus_2std,upper_bound,86.96180868896938,uncontrolled,1517,1,13343.50449748207,13317.551664148737,25.952833333333544,0.19449787976037974,97.363216875412,154.87749320150775,41,6.101190476190476,67.91568451253836,29.712690934116413,0.1777948896997546,0.16790568838689335,0.0,0.0
60,shorter_high_confidence,6.6,capacity_mean_plus_2std,upper_bound,86.96180868896938,valley_filling,1517,1,13343.50449748207,13317.551664148737,25.95283333333352,0.19449787976037958,97.363216875412,70.78870862470863,0,0.0,0.0,16.121697598676676,0.39783828276207284,3.1236221898996397,84.08878457679911,54.29374070988676
61,shorter_high_confidence,7.2,capacity_p90,eahpa_point,60.43233202633451,peak_sensitive,1517,1,13343.50449748207,13327.959497482068,15.545000000000156,0.11649863049795885,99.8022412656559,74.08987822315444,15,2.232142857142857,13.657546196819936,18.566635265173257,0.38070456991125473,3.004042199162489,86.01311748461902,53.72361529175486
61,shorter_high_confidence,7.2,capacity_p90,eahpa_point,60.43233202633451,point_forecast,1517,1,13343.50449748207,13327.959497482068,15.545000000000156,0.11649863049795885,99.8022412656559,74.08987822315444,15,2.232142857142857,13.657546196819936,18.566635265173257,0.38070456991125473,3.004042199162489,86.01311748461902,53.72361529175486
61,shorter_high_confidence,7.2,capacity_p90,eahpa_point,60.43233202633451,uncertainty_aware,1517,1,13343.50449748207,13327.959497482068,15.545000000000156,0.11649863049795885,99.8022412656559,74.08987822315444,15,2.232142857142857,13.657546196819936,18.543576955870144,0.38052397398346594,3.000856958571348,86.01311748461902,53.72361529175486
61,shorter_high_confidence,7.2,capacity_p90,eahpa_point,60.43233202633451,uncontrolled,1517,1,13343.50449748207,13327.95949748207,15.545000000000151,0.11649863049795879,99.8022412656559,160.10299570777346,68,10.119047619047619,99.67066368143895,30.997381167947925,0.17480422877587612,0.11243729937197722,0.0,0.0
61,shorter_high_confidence,7.2,capacity_p90,eahpa_point,60.43233202633451,valley_filling,1517,1,13343.50449748207,13327.95949748207,15.54500000000014,0.11649863049795872,99.8022412656559,66.33771956958711,9,1.3392857142857142,5.905387543252601,16.284534036449678,0.4284431918850668,3.1291126539385137,93.76527613818635,58.56559755404613
62,shorter_high_confidence,7.2,capacity_p90,prc_peak_sensitive,60.43233202633451,peak_sensitive,1517,1,13343.50449748207,13327.959497482068,15.545000000000156,0.11649863049795885,99.8022412656559,74.08987822315444,15,2.232142857142857,13.657546196819936,18.566635265173257,0.38070456991125473,3.004042199162489,86.01311748461902,53.72361529175486
62,shorter_high_confidence,7.2,capacity_p90,prc_peak_sensitive,60.43233202633451,point_forecast,1517,1,13343.50449748207,13327.959497482068,15.545000000000156,0.11649863049795885,99.8022412656559,74.08987822315444,15,2.232142857142857,13.657546196819936,18.566635265173257,0.38070456991125473,3.004042199162489,86.01311748461902,53.72361529175486
62,shorter_high_confidence,7.2,capacity_p90,prc_peak_sensitive,60.43233202633451,uncertainty_aware,1517,1,13343.50449748207,13327.959497482068,15.545000000000156,0.11649863049795885,99.8022412656559,74.08987822315444,15,2.232142857142857,13.657546196819936,18.543576955870144,0.38052397398346594,3.000856958571348,86.01311748461902,53.72361529175486
62,shorter_high_confidence,7.2,capacity_p90,prc_peak_sensitive,60.43233202633451,uncontrolled,1517,1,13343.50449748207,13327.95949748207,15.545000000000151,0.11649863049795879,99.8022412656559,160.10299570777346,68,10.119047619047619,99.67066368143895,30.997381167947925,0.17480422877587612,0.11243729937197722,0.0,0.0
62,shorter_high_confidence,7.2,capacity_p90,prc_peak_sensitive,60.43233202633451,valley_filling,1517,1,13343.50449748207,13327.95949748207,15.54500000000014,0.11649863049795872,99.8022412656559,66.33771956958711,9,1.3392857142857142,5.905387543252601,16.284534036449678,0.4284431918850668,3.1291126539385137,93.76527613818635,58.56559755404613
63,shorter_high_confidence,7.2,capacity_p90,upper_bound,60.43233202633451,peak_sensitive,1517,1,13343.50449748207,13327.959497482068,15.545000000000156,0.11649863049795885,99.8022412656559,74.08987822315444,15,2.232142857142857,13.657546196819936,18.566635265173257,0.38070456991125473,3.004042199162489,86.01311748461902,53.72361529175486
63,shorter_high_confidence,7.2,capacity_p90,upper_bound,60.43233202633451,point_forecast,1517,1,13343.50449748207,13327.959497482068,15.545000000000156,0.11649863049795885,99.8022412656559,74.08987822315444,15,2.232142857142857,13.657546196819936,18.566635265173257,0.38070456991125473,3.004042199162489,86.01311748461902,53.72361529175486
63,shorter_high_confidence,7.2,capacity_p90,upper_bound,60.43233202633451,uncertainty_aware,1517,1,13343.50449748207,13327.959497482068,15.545000000000156,0.11649863049795885,99.8022412656559,74.08987822315444,15,2.232142857142857,13.657546196819936,18.543576955870144,0.38052397398346594,3.000856958571348,86.01311748461902,53.72361529175486
63,shorter_high_confidence,7.2,capacity_p90,upper_bound,60.43233202633451,uncontrolled,1517,1,13343.50449748207,13327.95949748207,15.545000000000151,0.11649863049795879,99.8022412656559,160.10299570777346,68,10.119047619047619,99.67066368143895,30.997381167947925,0.17480422877587612,0.11243729937197722,0.0,0.0
63,shorter_high_confidence,7.2,capacity_p90,upper_bound,60.43233202633451,valley_filling,1517,1,13343.50449748207,13327.95949748207,15.54500000000014,0.11649863049795872,99.8022412656559,66.33771956958711,9,1.3392857142857142,5.905387543252601,16.284534036449678,0.4284431918850668,3.1291126539385137,93.76527613818635,58.56559755404613
64,shorter_high_confidence,7.2,capacity_p95,eahpa_point,101.99170411199206,peak_sensitive,1517,1,13343.50449748207,13327.95949748207,15.545000000000153,0.1164986304979588,99.8022412656559,101.99170411199206,0,0.0,0.0,20.807236448028938,0.27739233788850853,2.957720404777206,58.111291595781395,36.29619254710793
64,shorter_high_confidence,7.2,capacity_p95,eahpa_point,101.99170411199206,point_forecast,1517,1,13343.50449748207,13327.95949748207,15.545000000000153,0.1164986304979588,99.8022412656559,101.99170411199206,0,0.0,0.0,20.807236448028938,0.27739233788850853,2.957720404777206,58.111291595781395,36.29619254710793
64,shorter_high_confidence,7.2,capacity_p95,eahpa_point,101.99170411199206,uncertainty_aware,1517,1,13343.50449748207,13327.95949748207,15.545000000000154,0.11649863049795882,99.8022412656559,101.99170411199206,0,0.0,0.0,20.771995361831657,0.27716311396984733,2.954490749443558,58.111291595781395,36.29619254710793
64,shorter_high_confidence,7.2,capacity_p95,eahpa_point,101.99170411199206,uncontrolled,1517,1,13343.50449748207,13327.95949748207,15.545000000000151,0.11649863049795879,99.8022412656559,160.10299570777346,34,5.059523809523809,58.111291595781395,30.997381167947925,0.17480422877587612,0.11243729937197722,0.0,0.0
64,shorter_high_confidence,7.2,capacity_p95,eahpa_point,101.99170411199206,valley_filling,1517,1,13343.50449748207,13327.95949748207,15.54500000000014,0.11649863049795872,99.8022412656559,67.83692600479105,0,0.0,0.0,16.276351864262278,0.4189096634443394,3.1290860009519346,92.2660697029824,57.62919631522087
65,shorter_high_confidence,7.2,capacity_p95,prc_peak_sensitive,101.99170411199206,peak_sensitive,1517,1,13343.50449748207,13327.95949748207,15.545000000000153,0.1164986304979588,99.8022412656559,101.99170411199206,0,0.0,0.0,20.807236448028938,0.27739233788850853,2.957720404777206,58.111291595781395,36.29619254710793
65,shorter_high_confidence,7.2,capacity_p95,prc_peak_sensitive,101.99170411199206,point_forecast,1517,1,13343.50449748207,13327.95949748207,15.545000000000153,0.1164986304979588,99.8022412656559,101.99170411199206,0,0.0,0.0,20.807236448028938,0.27739233788850853,2.957720404777206,58.111291595781395,36.29619254710793
65,shorter_high_confidence,7.2,capacity_p95,prc_peak_sensitive,101.99170411199206,uncertainty_aware,1517,1,13343.50449748207,13327.95949748207,15.545000000000154,0.11649863049795882,99.8022412656559,101.99170411199206,0,0.0,0.0,20.771995361831657,0.27716311396984733,2.954490749443558,58.111291595781395,36.29619254710793
65,shorter_high_confidence,7.2,capacity_p95,prc_peak_sensitive,101.99170411199206,uncontrolled,1517,1,13343.50449748207,13327.95949748207,15.545000000000151,0.11649863049795879,99.8022412656559,160.10299570777346,34,5.059523809523809,58.111291595781395,30.997381167947925,0.17480422877587612,0.11243729937197722,0.0,0.0
65,shorter_high_confidence,7.2,capacity_p95,prc_peak_sensitive,101.99170411199206,valley_filling,1517,1,13343.50449748207,13327.95949748207,15.54500000000014,0.11649863049795872,99.8022412656559,67.83692600479105,0,0.0,0.0,16.276351864262278,0.4189096634443394,3.1290860009519346,92.2660697029824,57.62919631522087
66,shorter_high_confidence,7.2,capacity_p95,upper_bound,101.99170411199206,peak_sensitive,1517,1,13343.50449748207,13327.95949748207,15.545000000000153,0.1164986304979588,99.8022412656559,101.99170411199206,0,0.0,0.0,20.807236448028938,0.27739233788850853,2.957720404777206,58.111291595781395,36.29619254710793
66,shorter_high_confidence,7.2,capacity_p95,upper_bound,101.99170411199206,point_forecast,1517,1,13343.50449748207,13327.95949748207,15.545000000000153,0.1164986304979588,99.8022412656559,101.99170411199206,0,0.0,0.0,20.807236448028938,0.27739233788850853,2.957720404777206,58.111291595781395,36.29619254710793
66,shorter_high_confidence,7.2,capacity_p95,upper_bound,101.99170411199206,uncertainty_aware,1517,1,13343.50449748207,13327.95949748207,15.545000000000154,0.11649863049795882,99.8022412656559,101.99170411199206,0,0.0,0.0,20.771995361831657,0.27716311396984733,2.954490749443558,58.111291595781395,36.29619254710793
66,shorter_high_confidence,7.2,capacity_p95,upper_bound,101.99170411199206,uncontrolled,1517,1,13343.50449748207,13327.95949748207,15.545000000000151,0.11649863049795879,99.8022412656559,160.10299570777346,34,5.059523809523809,58.111291595781395,30.997381167947925,0.17480422877587612,0.11243729937197722,0.0,0.0
66,shorter_high_confidence,7.2,capacity_p95,upper_bound,101.99170411199206,valley_filling,1517,1,13343.50449748207,13327.95949748207,15.54500000000014,0.11649863049795872,99.8022412656559,67.83692600479105,0,0.0,0.0,16.276351864262278,0.4189096634443394,3.1290860009519346,92.2660697029824,57.62919631522087
67,shorter_high_confidence,7.2,capacity_p95_plus_10percent,eahpa_point,112.19087452319128,peak_sensitive,1517,1,13343.50449748207,13327.95949748207,15.545000000000153,0.1164986304979588,99.8022412656559,112.19087452319128,0,0.0,0.0,20.96406760433226,0.2522600147838995,2.9557344187436425,47.912121184582176,29.92581180181871
67,shorter_high_confidence,7.2,capacity_p95_plus_10percent,eahpa_point,112.19087452319128,point_forecast,1517,1,13343.50449748207,13327.95949748207,15.545000000000153,0.1164986304979588,99.8022412656559,112.19087452319128,0,0.0,0.0,20.96406760433226,0.2522600147838995,2.9557344187436425,47.912121184582176,29.92581180181871
67,shorter_high_confidence,7.2,capacity_p95_plus_10percent,eahpa_point,112.19087452319128,uncertainty_aware,1517,1,13343.50449748207,13327.95949748207,15.545000000000154,0.11649863049795882,99.8022412656559,112.19087452319128,0,0.0,0.0,20.92910127002666,0.2520516294032984,2.9525047634099946,47.912121184582176,29.92581180181871
67,shorter_high_confidence,7.2,capacity_p95_plus_10percent,eahpa_point,112.19087452319128,uncontrolled,1517,1,13343.50449748207,13327.95949748207,15.545000000000151,0.11649863049795879,99.8022412656559,160.10299570777346,26,3.869047619047619,47.912121184582176,30.997381167947925,0.17480422877587612,0.11243729937197722,0.0,0.0
67,shorter_high_confidence,7.2,capacity_p95_plus_10percent,eahpa_point,112.19087452319128,valley_filling,1517,1,13343.50449748207,13327.95949748207,15.54500000000014,0.11649863049795872,99.8022412656559,67.83692600479105,0,0.0,0.0,16.276351864262278,0.4189096634443394,3.1290860009519346,92.2660697029824,57.62919631522087
68,shorter_high_confidence,7.2,capacity_p95_plus_10percent,prc_peak_sensitive,112.19087452319128,peak_sensitive,1517,1,13343.50449748207,13327.95949748207,15.545000000000153,0.1164986304979588,99.8022412656559,112.19087452319128,0,0.0,0.0,20.96406760433226,0.2522600147838995,2.9557344187436425,47.912121184582176,29.92581180181871
68,shorter_high_confidence,7.2,capacity_p95_plus_10percent,prc_peak_sensitive,112.19087452319128,point_forecast,1517,1,13343.50449748207,13327.95949748207,15.545000000000153,0.1164986304979588,99.8022412656559,112.19087452319128,0,0.0,0.0,20.96406760433226,0.2522600147838995,2.9557344187436425,47.912121184582176,29.92581180181871
68,shorter_high_confidence,7.2,capacity_p95_plus_10percent,prc_peak_sensitive,112.19087452319128,uncertainty_aware,1517,1,13343.50449748207,13327.95949748207,15.545000000000154,0.11649863049795882,99.8022412656559,112.19087452319128,0,0.0,0.0,20.92910127002666,0.2520516294032984,2.9525047634099946,47.912121184582176,29.92581180181871
68,shorter_high_confidence,7.2,capacity_p95_plus_10percent,prc_peak_sensitive,112.19087452319128,uncontrolled,1517,1,13343.50449748207,13327.95949748207,15.545000000000151,0.11649863049795879,99.8022412656559,160.10299570777346,26,3.869047619047619,47.912121184582176,30.997381167947925,0.17480422877587612,0.11243729937197722,0.0,0.0
68,shorter_high_confidence,7.2,capacity_p95_plus_10percent,prc_peak_sensitive,112.19087452319128,valley_filling,1517,1,13343.50449748207,13327.95949748207,15.54500000000014,0.11649863049795872,99.8022412656559,67.83692600479105,0,0.0,0.0,16.276351864262278,0.4189096634443394,3.1290860009519346,92.2660697029824,57.62919631522087
69,shorter_high_confidence,7.2,capacity_p95_plus_10percent,upper_bound,112.19087452319128,peak_sensitive,1517,1,13343.50449748207,13327.95949748207,15.545000000000153,0.1164986304979588,99.8022412656559,112.19087452319128,0,0.0,0.0,20.96406760433226,0.2522600147838995,2.9557344187436425,47.912121184582176,29.92581180181871
69,shorter_high_confidence,7.2,capacity_p95_plus_10percent,upper_bound,112.19087452319128,point_forecast,1517,1,13343.50449748207,13327.95949748207,15.545000000000153,0.1164986304979588,99.8022412656559,112.19087452319128,0,0.0,0.0,20.96406760433226,0.2522600147838995,2.9557344187436425,47.912121184582176,29.92581180181871
69,shorter_high_confidence,7.2,capacity_p95_plus_10percent,upper_bound,112.19087452319128,uncertainty_aware,1517,1,13343.50449748207,13327.95949748207,15.545000000000154,0.11649863049795882,99.8022412656559,112.19087452319128,0,0.0,0.0,20.92910127002666,0.2520516294032984,2.9525047634099946,47.912121184582176,29.92581180181871
69,shorter_high_confidence,7.2,capacity_p95_plus_10percent,upper_bound,112.19087452319128,uncontrolled,1517,1,13343.50449748207,13327.95949748207,15.545000000000151,0.11649863049795879,99.8022412656559,160.10299570777346,26,3.869047619047619,47.912121184582176,30.997381167947925,0.17480422877587612,0.11243729937197722,0.0,0.0
69,shorter_high_confidence,7.2,capacity_p95_plus_10percent,upper_bound,112.19087452319128,valley_filling,1517,1,13343.50449748207,13327.95949748207,15.54500000000014,0.11649863049795872,99.8022412656559,67.83692600479105,0,0.0,0.0,16.276351864262278,0.4189096634443394,3.1290860009519346,92.2660697029824,57.62919631522087
70,shorter_high_confidence,7.2,capacity_historical_peak,eahpa_point,160.10299570777346,peak_sensitive,1517,1,13343.50449748207,13327.95949748207,15.545000000000153,0.1164986304979588,99.8022412656559,121.28585459141925,0,0.0,0.0,21.00866329363947,0.23335312603251915,2.9539532954197716,38.81714111635421,24.24510606110384
70,shorter_high_confidence,7.2,capacity_historical_peak,eahpa_point,160.10299570777346,point_forecast,1517,1,13343.50449748207,13327.95949748207,15.545000000000153,0.1164986304979588,99.8022412656559,121.28585459141925,0,0.0,0.0,21.00866329363947,0.23335312603251915,2.9539532954197716,38.81714111635421,24.24510606110384
70,shorter_high_confidence,7.2,capacity_historical_peak,eahpa_point,160.10299570777346,uncertainty_aware,1517,1,13343.50449748207,13327.95949748207,15.545000000000154,0.11649863049795882,99.8022412656559,121.28585459141925,0,0.0,0.0,20.973772601839187,0.23316036704866042,2.9507236400861236,38.81714111635421,24.24510606110384
70,shorter_high_confidence,7.2,capacity_historical_peak,eahpa_point,160.10299570777346,uncontrolled,1517,1,13343.50449748207,13327.95949748207,15.545000000000151,0.11649863049795879,99.8022412656559,160.10299570777346,0,0.0,0.0,30.997381167947925,0.17480422877587612,0.11243729937197722,0.0,0.0
70,shorter_high_confidence,7.2,capacity_historical_peak,eahpa_point,160.10299570777346,valley_filling,1517,1,13343.50449748207,13327.95949748207,15.54500000000014,0.11649863049795872,99.8022412656559,67.83692600479105,0,0.0,0.0,16.276351864262278,0.4189096634443394,3.1290860009519346,92.2660697029824,57.62919631522087
71,shorter_high_confidence,7.2,capacity_historical_peak,prc_peak_sensitive,160.10299570777346,peak_sensitive,1517,1,13343.50449748207,13327.95949748207,15.545000000000153,0.1164986304979588,99.8022412656559,121.28585459141925,0,0.0,0.0,21.00866329363947,0.23335312603251915,2.9539532954197716,38.81714111635421,24.24510606110384
71,shorter_high_confidence,7.2,capacity_historical_peak,prc_peak_sensitive,160.10299570777346,point_forecast,1517,1,13343.50449748207,13327.95949748207,15.545000000000153,0.1164986304979588,99.8022412656559,121.28585459141925,0,0.0,0.0,21.00866329363947,0.23335312603251915,2.9539532954197716,38.81714111635421,24.24510606110384
71,shorter_high_confidence,7.2,capacity_historical_peak,prc_peak_sensitive,160.10299570777346,uncertainty_aware,1517,1,13343.50449748207,13327.95949748207,15.545000000000154,0.11649863049795882,99.8022412656559,121.28585459141925,0,0.0,0.0,20.973772601839187,0.23316036704866042,2.9507236400861236,38.81714111635421,24.24510606110384
71,shorter_high_confidence,7.2,capacity_historical_peak,prc_peak_sensitive,160.10299570777346,uncontrolled,1517,1,13343.50449748207,13327.95949748207,15.545000000000151,0.11649863049795879,99.8022412656559,160.10299570777346,0,0.0,0.0,30.997381167947925,0.17480422877587612,0.11243729937197722,0.0,0.0
71,shorter_high_confidence,7.2,capacity_historical_peak,prc_peak_sensitive,160.10299570777346,valley_filling,1517,1,13343.50449748207,13327.95949748207,15.54500000000014,0.11649863049795872,99.8022412656559,67.83692600479105,0,0.0,0.0,16.276351864262278,0.4189096634443394,3.1290860009519346,92.2660697029824,57.62919631522087
72,shorter_high_confidence,7.2,capacity_historical_peak,upper_bound,160.10299570777346,peak_sensitive,1517,1,13343.50449748207,13327.95949748207,15.545000000000153,0.1164986304979588,99.8022412656559,121.28585459141925,0,0.0,0.0,21.00866329363947,0.23335312603251915,2.9539532954197716,38.81714111635421,24.24510606110384
72,shorter_high_confidence,7.2,capacity_historical_peak,upper_bound,160.10299570777346,point_forecast,1517,1,13343.50449748207,13327.95949748207,15.545000000000153,0.1164986304979588,99.8022412656559,121.28585459141925,0,0.0,0.0,21.00866329363947,0.23335312603251915,2.9539532954197716,38.81714111635421,24.24510606110384
72,shorter_high_confidence,7.2,capacity_historical_peak,upper_bound,160.10299570777346,uncertainty_aware,1517,1,13343.50449748207,13327.95949748207,15.545000000000154,0.11649863049795882,99.8022412656559,121.28585459141925,0,0.0,0.0,20.973772601839187,0.23316036704866042,2.9507236400861236,38.81714111635421,24.24510606110384
72,shorter_high_confidence,7.2,capacity_historical_peak,upper_bound,160.10299570777346,uncontrolled,1517,1,13343.50449748207,13327.95949748207,15.545000000000151,0.11649863049795879,99.8022412656559,160.10299570777346,0,0.0,0.0,30.997381167947925,0.17480422877587612,0.11243729937197722,0.0,0.0
72,shorter_high_confidence,7.2,capacity_historical_peak,upper_bound,160.10299570777346,valley_filling,1517,1,13343.50449748207,13327.95949748207,15.54500000000014,0.11649863049795872,99.8022412656559,67.83692600479105,0,0.0,0.0,16.276351864262278,0.4189096634443394,3.1290860009519346,92.2660697029824,57.62919631522087
73,shorter_high_confidence,7.2,capacity_mean_plus_2std,eahpa_point,89.98144302530059,peak_sensitive,1517,1,13343.50449748207,13327.95949748207,15.545000000000153,0.1164986304979588,99.8022412656559,89.98144302530059,0,0.0,0.0,20.557201195131203,0.3141565966203717,2.9628864413958462,70.12155268247287,43.797776782679065
73,shorter_high_confidence,7.2,capacity_mean_plus_2std,eahpa_point,89.98144302530059,point_forecast,1517,1,13343.50449748207,13327.95949748207,15.545000000000153,0.1164986304979588,99.8022412656559,89.98144302530059,0,0.0,0.0,20.557201195131203,0.3141565966203717,2.9628864413958462,70.12155268247287,43.797776782679065
73,shorter_high_confidence,7.2,capacity_mean_plus_2std,eahpa_point,89.98144302530059,uncertainty_aware,1517,1,13343.50449748207,13327.95949748207,15.545000000000154,0.11649863049795882,99.8022412656559,89.98144302530059,0,0.0,0.0,20.5215040154489,0.31389677706979047,2.959656786062198,70.12155268247287,43.797776782679065
73,shorter_high_confidence,7.2,capacity_mean_plus_2std,eahpa_point,89.98144302530059,uncontrolled,1517,1,13343.50449748207,13327.95949748207,15.545000000000151,0.11649863049795879,99.8022412656559,160.10299570777346,40,5.9523809523809526,70.12155268247287,30.997381167947925,0.17480422877587612,0.11243729937197722,0.0,0.0
73,shorter_high_confidence,7.2,capacity_mean_plus_2std,eahpa_point,89.98144302530059,valley_filling,1517,1,13343.50449748207,13327.95949748207,15.54500000000014,0.11649863049795872,99.8022412656559,67.83692600479105,0,0.0,0.0,16.276351864262278,0.4189096634443394,3.1290860009519346,92.2660697029824,57.62919631522087
74,shorter_high_confidence,7.2,capacity_mean_plus_2std,prc_peak_sensitive,89.98144302530059,peak_sensitive,1517,1,13343.50449748207,13327.95949748207,15.545000000000153,0.1164986304979588,99.8022412656559,89.98144302530059,0,0.0,0.0,20.557201195131203,0.3141565966203717,2.9628864413958462,70.12155268247287,43.797776782679065
74,shorter_high_confidence,7.2,capacity_mean_plus_2std,prc_peak_sensitive,89.98144302530059,point_forecast,1517,1,13343.50449748207,13327.95949748207,15.545000000000153,0.1164986304979588,99.8022412656559,89.98144302530059,0,0.0,0.0,20.557201195131203,0.3141565966203717,2.9628864413958462,70.12155268247287,43.797776782679065
74,shorter_high_confidence,7.2,capacity_mean_plus_2std,prc_peak_sensitive,89.98144302530059,uncertainty_aware,1517,1,13343.50449748207,13327.95949748207,15.545000000000154,0.11649863049795882,99.8022412656559,89.98144302530059,0,0.0,0.0,20.5215040154489,0.31389677706979047,2.959656786062198,70.12155268247287,43.797776782679065
74,shorter_high_confidence,7.2,capacity_mean_plus_2std,prc_peak_sensitive,89.98144302530059,uncontrolled,1517,1,13343.50449748207,13327.95949748207,15.545000000000151,0.11649863049795879,99.8022412656559,160.10299570777346,40,5.9523809523809526,70.12155268247287,30.997381167947925,0.17480422877587612,0.11243729937197722,0.0,0.0
74,shorter_high_confidence,7.2,capacity_mean_plus_2std,prc_peak_sensitive,89.98144302530059,valley_filling,1517,1,13343.50449748207,13327.95949748207,15.54500000000014,0.11649863049795872,99.8022412656559,67.83692600479105,0,0.0,0.0,16.276351864262278,0.4189096634443394,3.1290860009519346,92.2660697029824,57.62919631522087
75,shorter_high_confidence,7.2,capacity_mean_plus_2std,upper_bound,89.98144302530059,peak_sensitive,1517,1,13343.50449748207,13327.95949748207,15.545000000000153,0.1164986304979588,99.8022412656559,89.98144302530059,0,0.0,0.0,20.557201195131203,0.3141565966203717,2.9628864413958462,70.12155268247287,43.797776782679065
75,shorter_high_confidence,7.2,capacity_mean_plus_2std,upper_bound,89.98144302530059,point_forecast,1517,1,13343.50449748207,13327.95949748207,15.545000000000153,0.1164986304979588,99.8022412656559,89.98144302530059,0,0.0,0.0,20.557201195131203,0.3141565966203717,2.9628864413958462,70.12155268247287,43.797776782679065
75,shorter_high_confidence,7.2,capacity_mean_plus_2std,upper_bound,89.98144302530059,uncertainty_aware,1517,1,13343.50449748207,13327.95949748207,15.545000000000154,0.11649863049795882,99.8022412656559,89.98144302530059,0,0.0,0.0,20.5215040154489,0.31389677706979047,2.959656786062198,70.12155268247287,43.797776782679065
75,shorter_high_confidence,7.2,capacity_mean_plus_2std,upper_bound,89.98144302530059,uncontrolled,1517,1,13343.50449748207,13327.95949748207,15.545000000000151,0.11649863049795879,99.8022412656559,160.10299570777346,40,5.9523809523809526,70.12155268247287,30.997381167947925,0.17480422877587612,0.11243729937197722,0.0,0.0
75,shorter_high_confidence,7.2,capacity_mean_plus_2std,upper_bound,89.98144302530059,valley_filling,1517,1,13343.50449748207,13327.95949748207,15.54500000000014,0.11649863049795872,99.8022412656559,67.83692600479105,0,0.0,0.0,16.276351864262278,0.4189096634443394,3.1290860009519346,92.2660697029824,57.62919631522087
76,shorter_high_confidence,11.0,capacity_p90,eahpa_point,70.48934877689652,peak_sensitive,1517,1,13343.50449748207,13331.986886370958,11.517611111111153,0.08631623808636281,99.8681608437706,81.48934877689652,11,1.6369047619047619,11.0,20.637716915902896,0.3667800021983851,2.9089566395991606,122.00610754489486,59.95519986056308
76,shorter_high_confidence,11.0,capacity_p90,eahpa_point,70.48934877689652,point_forecast,1517,1,13343.50449748207,13331.986886370958,11.517611111111153,0.08631623808636281,99.8681608437706,81.48934877689652,11,1.6369047619047619,11.0,20.637716915902896,0.3667800021983851,2.9089566395991606,122.00610754489486,59.95519986056308
76,shorter_high_confidence,11.0,capacity_p90,eahpa_point,70.48934877689652,uncertainty_aware,1517,1,13343.50449748207,13331.986886370958,11.517611111111153,0.08631623808636281,99.8681608437706,81.48934877689652,11,1.6369047619047619,11.0,20.637716915902896,0.3667800021983851,2.9089566395991606,122.00610754489486,59.95519986056308
76,shorter_high_confidence,11.0,capacity_p90,eahpa_point,70.48934877689652,uncontrolled,1517,1,13343.50449748207,13331.986886370958,11.517611111111165,0.08631623808636289,99.8681608437706,203.49545632179138,68,10.119047619047619,133.00610754489486,38.00521315736681,0.15330866210389546,-0.09958649385539987,0.0,0.0
76,shorter_high_confidence,11.0,capacity_p90,eahpa_point,70.48934877689652,valley_filling,1517,1,13343.50449748207,13331.986886370958,11.517611111111167,0.0863162380863629,99.8681608437706,67.65666568664929,0,0.0,0.0,16.93389011603521,0.4430226398410415,2.9976934941582125,135.8387906351421,66.75273890161829
77,shorter_high_confidence,11.0,capacity_p90,prc_peak_sensitive,70.48934877689652,peak_sensitive,1517,1,13343.50449748207,13331.986886370958,11.517611111111153,0.08631623808636281,99.8681608437706,81.48934877689652,11,1.6369047619047619,11.0,20.637716915902896,0.3667800021983851,2.9089566395991606,122.00610754489486,59.95519986056308
77,shorter_high_confidence,11.0,capacity_p90,prc_peak_sensitive,70.48934877689652,point_forecast,1517,1,13343.50449748207,13331.986886370958,11.517611111111153,0.08631623808636281,99.8681608437706,81.48934877689652,11,1.6369047619047619,11.0,20.637716915902896,0.3667800021983851,2.9089566395991606,122.00610754489486,59.95519986056308
77,shorter_high_confidence,11.0,capacity_p90,prc_peak_sensitive,70.48934877689652,uncertainty_aware,1517,1,13343.50449748207,13331.986886370958,11.517611111111153,0.08631623808636281,99.8681608437706,81.48934877689652,11,1.6369047619047619,11.0,20.637716915902896,0.3667800021983851,2.9089566395991606,122.00610754489486,59.95519986056308
77,shorter_high_confidence,11.0,capacity_p90,prc_peak_sensitive,70.48934877689652,uncontrolled,1517,1,13343.50449748207,13331.986886370958,11.517611111111165,0.08631623808636289,99.8681608437706,203.49545632179138,68,10.119047619047619,133.00610754489486,38.00521315736681,0.15330866210389546,-0.09958649385539987,0.0,0.0
77,shorter_high_confidence,11.0,capacity_p90,prc_peak_sensitive,70.48934877689652,valley_filling,1517,1,13343.50449748207,13331.986886370958,11.517611111111167,0.0863162380863629,99.8681608437706,67.65666568664929,0,0.0,0.0,16.93389011603521,0.4430226398410415,2.9976934941582125,135.8387906351421,66.75273890161829
78,shorter_high_confidence,11.0,capacity_p90,upper_bound,70.48934877689652,peak_sensitive,1517,1,13343.50449748207,13331.986886370958,11.517611111111153,0.08631623808636281,99.8681608437706,81.48934877689652,11,1.6369047619047619,11.0,20.637716915902896,0.3667800021983851,2.9089566395991606,122.00610754489486,59.95519986056308
78,shorter_high_confidence,11.0,capacity_p90,upper_bound,70.48934877689652,point_forecast,1517,1,13343.50449748207,13331.986886370958,11.517611111111153,0.08631623808636281,99.8681608437706,81.48934877689652,11,1.6369047619047619,11.0,20.637716915902896,0.3667800021983851,2.9089566395991606,122.00610754489486,59.95519986056308
78,shorter_high_confidence,11.0,capacity_p90,upper_bound,70.48934877689652,uncertainty_aware,1517,1,13343.50449748207,13331.986886370958,11.517611111111153,0.08631623808636281,99.8681608437706,81.48934877689652,11,1.6369047619047619,11.0,20.637716915902896,0.3667800021983851,2.9089566395991606,122.00610754489486,59.95519986056308
78,shorter_high_confidence,11.0,capacity_p90,upper_bound,70.48934877689652,uncontrolled,1517,1,13343.50449748207,13331.986886370958,11.517611111111165,0.08631623808636289,99.8681608437706,203.49545632179138,68,10.119047619047619,133.00610754489486,38.00521315736681,0.15330866210389546,-0.09958649385539987,0.0,0.0
78,shorter_high_confidence,11.0,capacity_p90,upper_bound,70.48934877689652,valley_filling,1517,1,13343.50449748207,13331.986886370958,11.517611111111167,0.0863162380863629,99.8681608437706,67.65666568664929,0,0.0,0.0,16.93389011603521,0.4430226398410415,2.9976934941582125,135.8387906351421,66.75273890161829
79,shorter_high_confidence,11.0,capacity_p95,eahpa_point,113.32832442410727,peak_sensitive,1517,1,13343.50449748207,13331.986886370958,11.517611111111153,0.08631623808636281,99.8681608437706,113.32832442410727,0,0.0,0.0,22.58263208211488,0.2650735585364273,2.8945781611111925,90.16713189768411,44.30916224247339
79,shorter_high_confidence,11.0,capacity_p95,eahpa_point,113.32832442410727,point_forecast,1517,1,13343.50449748207,13331.986886370958,11.517611111111153,0.08631623808636281,99.8681608437706,113.32832442410727,0,0.0,0.0,22.58263208211488,0.2650735585364273,2.8945781611111925,90.16713189768411,44.30916224247339
79,shorter_high_confidence,11.0,capacity_p95,eahpa_point,113.32832442410727,uncertainty_aware,1517,1,13343.50449748207,13331.986886370958,11.517611111111153,0.08631623808636281,99.8681608437706,113.32832442410727,0,0.0,0.0,22.58263208211488,0.2650735585364273,2.8945781611111925,90.16713189768411,44.30916224247339
79,shorter_high_confidence,11.0,capacity_p95,eahpa_point,113.32832442410727,uncontrolled,1517,1,13343.50449748207,13331.986886370958,11.517611111111165,0.08631623808636289,99.8681608437706,203.49545632179138,34,5.059523809523809,90.16713189768411,38.00521315736681,0.15330866210389546,-0.09958649385539987,0.0,0.0
79,shorter_high_confidence,11.0,capacity_p95,eahpa_point,113.32832442410727,valley_filling,1517,1,13343.50449748207,13331.986886370958,11.517611111111167,0.0863162380863629,99.8681608437706,67.65666568664929,0,0.0,0.0,16.93389011603521,0.4430226398410415,2.9976934941582125,135.8387906351421,66.75273890161829
80,shorter_high_confidence,11.0,capacity_p95,prc_peak_sensitive,113.32832442410727,peak_sensitive,1517,1,13343.50449748207,13331.986886370958,11.517611111111153,0.08631623808636281,99.8681608437706,113.32832442410727,0,0.0,0.0,22.58263208211488,0.2650735585364273,2.8945781611111925,90.16713189768411,44.30916224247339
80,shorter_high_confidence,11.0,capacity_p95,prc_peak_sensitive,113.32832442410727,point_forecast,1517,1,13343.50449748207,13331.986886370958,11.517611111111153,0.08631623808636281,99.8681608437706,113.32832442410727,0,0.0,0.0,22.58263208211488,0.2650735585364273,2.8945781611111925,90.16713189768411,44.30916224247339
80,shorter_high_confidence,11.0,capacity_p95,prc_peak_sensitive,113.32832442410727,uncertainty_aware,1517,1,13343.50449748207,13331.986886370958,11.517611111111153,0.08631623808636281,99.8681608437706,113.32832442410727,0,0.0,0.0,22.58263208211488,0.2650735585364273,2.8945781611111925,90.16713189768411,44.30916224247339
80,shorter_high_confidence,11.0,capacity_p95,prc_peak_sensitive,113.32832442410727,uncontrolled,1517,1,13343.50449748207,13331.986886370958,11.517611111111165,0.08631623808636289,99.8681608437706,203.49545632179138,34,5.059523809523809,90.16713189768411,38.00521315736681,0.15330866210389546,-0.09958649385539987,0.0,0.0
80,shorter_high_confidence,11.0,capacity_p95,prc_peak_sensitive,113.32832442410727,valley_filling,1517,1,13343.50449748207,13331.986886370958,11.517611111111167,0.0863162380863629,99.8681608437706,67.65666568664929,0,0.0,0.0,16.93389011603521,0.4430226398410415,2.9976934941582125,135.8387906351421,66.75273890161829
81,shorter_high_confidence,11.0,capacity_p95,upper_bound,113.32832442410727,peak_sensitive,1517,1,13343.50449748207,13331.986886370958,11.517611111111153,0.08631623808636281,99.8681608437706,113.32832442410727,0,0.0,0.0,22.58263208211488,0.2650735585364273,2.8945781611111925,90.16713189768411,44.30916224247339
81,shorter_high_confidence,11.0,capacity_p95,upper_bound,113.32832442410727,point_forecast,1517,1,13343.50449748207,13331.986886370958,11.517611111111153,0.08631623808636281,99.8681608437706,113.32832442410727,0,0.0,0.0,22.58263208211488,0.2650735585364273,2.8945781611111925,90.16713189768411,44.30916224247339
81,shorter_high_confidence,11.0,capacity_p95,upper_bound,113.32832442410727,uncertainty_aware,1517,1,13343.50449748207,13331.986886370958,11.517611111111153,0.08631623808636281,99.8681608437706,113.32832442410727,0,0.0,0.0,22.58263208211488,0.2650735585364273,2.8945781611111925,90.16713189768411,44.30916224247339
81,shorter_high_confidence,11.0,capacity_p95,upper_bound,113.32832442410727,uncontrolled,1517,1,13343.50449748207,13331.986886370958,11.517611111111165,0.08631623808636289,99.8681608437706,203.49545632179138,34,5.059523809523809,90.16713189768411,38.00521315736681,0.15330866210389546,-0.09958649385539987,0.0,0.0
81,shorter_high_confidence,11.0,capacity_p95,upper_bound,113.32832442410727,valley_filling,1517,1,13343.50449748207,13331.986886370958,11.517611111111167,0.0863162380863629,99.8681608437706,67.65666568664929,0,0.0,0.0,16.93389011603521,0.4430226398410415,2.9976934941582125,135.8387906351421,66.75273890161829
82,shorter_high_confidence,11.0,capacity_p95_plus_10percent,eahpa_point,124.661156866518,peak_sensitive,1517,1,13343.50449748207,13331.986886370958,11.517611111111153,0.08631623808636281,99.8681608437706,124.661156866518,0,0.0,0.0,22.72127934030865,0.241150270799089,2.891370037920421,78.83429945527338,38.740078466720725
82,shorter_high_confidence,11.0,capacity_p95_plus_10percent,eahpa_point,124.661156866518,point_forecast,1517,1,13343.50449748207,13331.986886370958,11.517611111111153,0.08631623808636281,99.8681608437706,124.661156866518,0,0.0,0.0,22.72127934030865,0.241150270799089,2.891370037920421,78.83429945527338,38.740078466720725
82,shorter_high_confidence,11.0,capacity_p95_plus_10percent,eahpa_point,124.661156866518,uncertainty_aware,1517,1,13343.50449748207,13331.986886370958,11.517611111111153,0.08631623808636281,99.8681608437706,124.661156866518,0,0.0,0.0,22.72127934030865,0.241150270799089,2.891370037920421,78.83429945527338,38.740078466720725
82,shorter_high_confidence,11.0,capacity_p95_plus_10percent,eahpa_point,124.661156866518,uncontrolled,1517,1,13343.50449748207,13331.986886370958,11.517611111111165,0.08631623808636289,99.8681608437706,203.49545632179138,29,4.315476190476191,78.83429945527338,38.00521315736681,0.15330866210389546,-0.09958649385539987,0.0,0.0
82,shorter_high_confidence,11.0,capacity_p95_plus_10percent,eahpa_point,124.661156866518,valley_filling,1517,1,13343.50449748207,13331.986886370958,11.517611111111167,0.0863162380863629,99.8681608437706,67.65666568664929,0,0.0,0.0,16.93389011603521,0.4430226398410415,2.9976934941582125,135.8387906351421,66.75273890161829
83,shorter_high_confidence,11.0,capacity_p95_plus_10percent,prc_peak_sensitive,124.661156866518,peak_sensitive,1517,1,13343.50449748207,13331.986886370958,11.517611111111153,0.08631623808636281,99.8681608437706,124.661156866518,0,0.0,0.0,22.72127934030865,0.241150270799089,2.891370037920421,78.83429945527338,38.740078466720725
83,shorter_high_confidence,11.0,capacity_p95_plus_10percent,prc_peak_sensitive,124.661156866518,point_forecast,1517,1,13343.50449748207,13331.986886370958,11.517611111111153,0.08631623808636281,99.8681608437706,124.661156866518,0,0.0,0.0,22.72127934030865,0.241150270799089,2.891370037920421,78.83429945527338,38.740078466720725
83,shorter_high_confidence,11.0,capacity_p95_plus_10percent,prc_peak_sensitive,124.661156866518,uncertainty_aware,1517,1,13343.50449748207,13331.986886370958,11.517611111111153,0.08631623808636281,99.8681608437706,124.661156866518,0,0.0,0.0,22.72127934030865,0.241150270799089,2.891370037920421,78.83429945527338,38.740078466720725
83,shorter_high_confidence,11.0,capacity_p95_plus_10percent,prc_peak_sensitive,124.661156866518,uncontrolled,1517,1,13343.50449748207,13331.986886370958,11.517611111111165,0.08631623808636289,99.8681608437706,203.49545632179138,29,4.315476190476191,78.83429945527338,38.00521315736681,0.15330866210389546,-0.09958649385539987,0.0,0.0
83,shorter_high_confidence,11.0,capacity_p95_plus_10percent,prc_peak_sensitive,124.661156866518,valley_filling,1517,1,13343.50449748207,13331.986886370958,11.517611111111167,0.0863162380863629,99.8681608437706,67.65666568664929,0,0.0,0.0,16.93389011603521,0.4430226398410415,2.9976934941582125,135.8387906351421,66.75273890161829
84,shorter_high_confidence,11.0,capacity_p95_plus_10percent,upper_bound,124.661156866518,peak_sensitive,1517,1,13343.50449748207,13331.986886370958,11.517611111111153,0.08631623808636281,99.8681608437706,124.661156866518,0,0.0,0.0,22.72127934030865,0.241150270799089,2.891370037920421,78.83429945527338,38.740078466720725
84,shorter_high_confidence,11.0,capacity_p95_plus_10percent,upper_bound,124.661156866518,point_forecast,1517,1,13343.50449748207,13331.986886370958,11.517611111111153,0.08631623808636281,99.8681608437706,124.661156866518,0,0.0,0.0,22.72127934030865,0.241150270799089,2.891370037920421,78.83429945527338,38.740078466720725
84,shorter_high_confidence,11.0,capacity_p95_plus_10percent,upper_bound,124.661156866518,uncertainty_aware,1517,1,13343.50449748207,13331.986886370958,11.517611111111153,0.08631623808636281,99.8681608437706,124.661156866518,0,0.0,0.0,22.72127934030865,0.241150270799089,2.891370037920421,78.83429945527338,38.740078466720725
84,shorter_high_confidence,11.0,capacity_p95_plus_10percent,upper_bound,124.661156866518,uncontrolled,1517,1,13343.50449748207,13331.986886370958,11.517611111111165,0.08631623808636289,99.8681608437706,203.49545632179138,29,4.315476190476191,78.83429945527338,38.00521315736681,0.15330866210389546,-0.09958649385539987,0.0,0.0
84,shorter_high_confidence,11.0,capacity_p95_plus_10percent,upper_bound,124.661156866518,valley_filling,1517,1,13343.50449748207,13331.986886370958,11.517611111111167,0.0863162380863629,99.8681608437706,67.65666568664929,0,0.0,0.0,16.93389011603521,0.4430226398410415,2.9976934941582125,135.8387906351421,66.75273890161829
85,shorter_high_confidence,11.0,capacity_historical_peak,eahpa_point,203.49545632179138,peak_sensitive,1517,1,13343.50449748207,13331.986886370958,11.517611111111153,0.08631623808636281,99.8681608437706,134.82148387683287,0,0.0,0.0,22.789784936688534,0.22305658803845185,2.8911629729862938,68.67397244495851,33.74717730127743
85,shorter_high_confidence,11.0,capacity_historical_peak,eahpa_point,203.49545632179138,point_forecast,1517,1,13343.50449748207,13331.986886370958,11.517611111111153,0.08631623808636281,99.8681608437706,134.82148387683287,0,0.0,0.0,22.789784936688534,0.22305658803845185,2.8911629729862938,68.67397244495851,33.74717730127743
85,shorter_high_confidence,11.0,capacity_historical_peak,eahpa_point,203.49545632179138,uncertainty_aware,1517,1,13343.50449748207,13331.986886370958,11.517611111111153,0.08631623808636281,99.8681608437706,134.82148387683287,0,0.0,0.0,22.789784936688534,0.22305658803845185,2.8911629729862938,68.67397244495851,33.74717730127743
85,shorter_high_confidence,11.0,capacity_historical_peak,eahpa_point,203.49545632179138,uncontrolled,1517,1,13343.50449748207,13331.986886370958,11.517611111111165,0.08631623808636289,99.8681608437706,203.49545632179138,0,0.0,0.0,38.00521315736681,0.15330866210389546,-0.09958649385539987,0.0,0.0
85,shorter_high_confidence,11.0,capacity_historical_peak,eahpa_point,203.49545632179138,valley_filling,1517,1,13343.50449748207,13331.986886370958,11.517611111111167,0.0863162380863629,99.8681608437706,67.65666568664929,0,0.0,0.0,16.93389011603521,0.4430226398410415,2.9976934941582125,135.8387906351421,66.75273890161829
86,shorter_high_confidence,11.0,capacity_historical_peak,prc_peak_sensitive,203.49545632179138,peak_sensitive,1517,1,13343.50449748207,13331.986886370958,11.517611111111153,0.08631623808636281,99.8681608437706,134.82148387683287,0,0.0,0.0,22.789784936688534,0.22305658803845185,2.8911629729862938,68.67397244495851,33.74717730127743
86,shorter_high_confidence,11.0,capacity_historical_peak,prc_peak_sensitive,203.49545632179138,point_forecast,1517,1,13343.50449748207,13331.986886370958,11.517611111111153,0.08631623808636281,99.8681608437706,134.82148387683287,0,0.0,0.0,22.789784936688534,0.22305658803845185,2.8911629729862938,68.67397244495851,33.74717730127743
86,shorter_high_confidence,11.0,capacity_historical_peak,prc_peak_sensitive,203.49545632179138,uncertainty_aware,1517,1,13343.50449748207,13331.986886370958,11.517611111111153,0.08631623808636281,99.8681608437706,134.82148387683287,0,0.0,0.0,22.789784936688534,0.22305658803845185,2.8911629729862938,68.67397244495851,33.74717730127743
86,shorter_high_confidence,11.0,capacity_historical_peak,prc_peak_sensitive,203.49545632179138,uncontrolled,1517,1,13343.50449748207,13331.986886370958,11.517611111111165,0.08631623808636289,99.8681608437706,203.49545632179138,0,0.0,0.0,38.00521315736681,0.15330866210389546,-0.09958649385539987,0.0,0.0
86,shorter_high_confidence,11.0,capacity_historical_peak,prc_peak_sensitive,203.49545632179138,valley_filling,1517,1,13343.50449748207,13331.986886370958,11.517611111111167,0.0863162380863629,99.8681608437706,67.65666568664929,0,0.0,0.0,16.93389011603521,0.4430226398410415,2.9976934941582125,135.8387906351421,66.75273890161829
87,shorter_high_confidence,11.0,capacity_historical_peak,upper_bound,203.49545632179138,peak_sensitive,1517,1,13343.50449748207,13331.986886370958,11.517611111111153,0.08631623808636281,99.8681608437706,134.82148387683287,0,0.0,0.0,22.789784936688534,0.22305658803845185,2.8911629729862938,68.67397244495851,33.74717730127743
87,shorter_high_confidence,11.0,capacity_historical_peak,upper_bound,203.49545632179138,point_forecast,1517,1,13343.50449748207,13331.986886370958,11.517611111111153,0.08631623808636281,99.8681608437706,134.82148387683287,0,0.0,0.0,22.789784936688534,0.22305658803845185,2.8911629729862938,68.67397244495851,33.74717730127743
87,shorter_high_confidence,11.0,capacity_historical_peak,upper_bound,203.49545632179138,uncertainty_aware,1517,1,13343.50449748207,13331.986886370958,11.517611111111153,0.08631623808636281,99.8681608437706,134.82148387683287,0,0.0,0.0,22.789784936688534,0.22305658803845185,2.8911629729862938,68.67397244495851,33.74717730127743
87,shorter_high_confidence,11.0,capacity_historical_peak,upper_bound,203.49545632179138,uncontrolled,1517,1,13343.50449748207,13331.986886370958,11.517611111111165,0.08631623808636289,99.8681608437706,203.49545632179138,0,0.0,0.0,38.00521315736681,0.15330866210389546,-0.09958649385539987,0.0,0.0
87,shorter_high_confidence,11.0,capacity_historical_peak,upper_bound,203.49545632179138,valley_filling,1517,1,13343.50449748207,13331.986886370958,11.517611111111167,0.0863162380863629,99.8681608437706,67.65666568664929,0,0.0,0.0,16.93389011603521,0.4430226398410415,2.9976934941582125,135.8387906351421,66.75273890161829
88,shorter_high_confidence,11.0,capacity_mean_plus_2std,eahpa_point,107.20804246764915,peak_sensitive,1517,1,13343.50449748207,13331.986886370958,11.517611111111153,0.08631623808636281,99.8681608437706,107.20804246764915,0,0.0,0.0,22.43747421242948,0.28022626831629094,2.8977377096039048,96.28741385414223,47.31673895552785
88,shorter_high_confidence,11.0,capacity_mean_plus_2std,eahpa_point,107.20804246764915,point_forecast,1517,1,13343.50449748207,13331.986886370958,11.517611111111153,0.08631623808636281,99.8681608437706,107.20804246764915,0,0.0,0.0,22.43747421242948,0.28022626831629094,2.8977377096039048,96.28741385414223,47.31673895552785
88,shorter_high_confidence,11.0,capacity_mean_plus_2std,eahpa_point,107.20804246764915,uncertainty_aware,1517,1,13343.50449748207,13331.986886370958,11.517611111111153,0.08631623808636281,99.8681608437706,107.20804246764915,0,0.0,0.0,22.43747421242948,0.28022626831629094,2.8977377096039048,96.28741385414223,47.31673895552785
88,shorter_high_confidence,11.0,capacity_mean_plus_2std,eahpa_point,107.20804246764915,uncontrolled,1517,1,13343.50449748207,13331.986886370958,11.517611111111165,0.08631623808636289,99.8681608437706,203.49545632179138,38,5.654761904761905,96.28741385414223,38.00521315736681,0.15330866210389546,-0.09958649385539987,0.0,0.0
88,shorter_high_confidence,11.0,capacity_mean_plus_2std,eahpa_point,107.20804246764915,valley_filling,1517,1,13343.50449748207,13331.986886370958,11.517611111111167,0.0863162380863629,99.8681608437706,67.65666568664929,0,0.0,0.0,16.93389011603521,0.4430226398410415,2.9976934941582125,135.8387906351421,66.75273890161829
89,shorter_high_confidence,11.0,capacity_mean_plus_2std,prc_peak_sensitive,107.20804246764915,peak_sensitive,1517,1,13343.50449748207,13331.986886370958,11.517611111111153,0.08631623808636281,99.8681608437706,107.20804246764915,0,0.0,0.0,22.43747421242948,0.28022626831629094,2.8977377096039048,96.28741385414223,47.31673895552785
89,shorter_high_confidence,11.0,capacity_mean_plus_2std,prc_peak_sensitive,107.20804246764915,point_forecast,1517,1,13343.50449748207,13331.986886370958,11.517611111111153,0.08631623808636281,99.8681608437706,107.20804246764915,0,0.0,0.0,22.43747421242948,0.28022626831629094,2.8977377096039048,96.28741385414223,47.31673895552785
89,shorter_high_confidence,11.0,capacity_mean_plus_2std,prc_peak_sensitive,107.20804246764915,uncertainty_aware,1517,1,13343.50449748207,13331.986886370958,11.517611111111153,0.08631623808636281,99.8681608437706,107.20804246764915,0,0.0,0.0,22.43747421242948,0.28022626831629094,2.8977377096039048,96.28741385414223,47.31673895552785
89,shorter_high_confidence,11.0,capacity_mean_plus_2std,prc_peak_sensitive,107.20804246764915,uncontrolled,1517,1,13343.50449748207,13331.986886370958,11.517611111111165,0.08631623808636289,99.8681608437706,203.49545632179138,38,5.654761904761905,96.28741385414223,38.00521315736681,0.15330866210389546,-0.09958649385539987,0.0,0.0
89,shorter_high_confidence,11.0,capacity_mean_plus_2std,prc_peak_sensitive,107.20804246764915,valley_filling,1517,1,13343.50449748207,13331.986886370958,11.517611111111167,0.0863162380863629,99.8681608437706,67.65666568664929,0,0.0,0.0,16.93389011603521,0.4430226398410415,2.9976934941582125,135.8387906351421,66.75273890161829
90,shorter_high_confidence,11.0,capacity_mean_plus_2std,upper_bound,107.20804246764915,peak_sensitive,1517,1,13343.50449748207,13331.986886370958,11.517611111111153,0.08631623808636281,99.8681608437706,107.20804246764915,0,0.0,0.0,22.43747421242948,0.28022626831629094,2.8977377096039048,96.28741385414223,47.31673895552785
90,shorter_high_confidence,11.0,capacity_mean_plus_2std,upper_bound,107.20804246764915,point_forecast,1517,1,13343.50449748207,13331.986886370958,11.517611111111153,0.08631623808636281,99.8681608437706,107.20804246764915,0,0.0,0.0,22.43747421242948,0.28022626831629094,2.8977377096039048,96.28741385414223,47.31673895552785
90,shorter_high_confidence,11.0,capacity_mean_plus_2std,upper_bound,107.20804246764915,uncertainty_aware,1517,1,13343.50449748207,13331.986886370958,11.517611111111153,0.08631623808636281,99.8681608437706,107.20804246764915,0,0.0,0.0,22.43747421242948,0.28022626831629094,2.8977377096039048,96.28741385414223,47.31673895552785
90,shorter_high_confidence,11.0,capacity_mean_plus_2std,upper_bound,107.20804246764915,uncontrolled,1517,1,13343.50449748207,13331.986886370958,11.517611111111165,0.08631623808636289,99.8681608437706,203.49545632179138,38,5.654761904761905,96.28741385414223,38.00521315736681,0.15330866210389546,-0.09958649385539987,0.0,0.0
90,shorter_high_confidence,11.0,capacity_mean_plus_2std,upper_bound,107.20804246764915,valley_filling,1517,1,13343.50449748207,13331.986886370958,11.517611111111167,0.0863162380863629,99.8681608437706,67.65666568664929,0,0.0,0.0,16.93389011603521,0.4430226398410415,2.9976934941582125,135.8387906351421,66.75273890161829
91,full_available_forecast,6.6,capacity_p90,eahpa_point,73.01362463386315,peak_sensitive,9110,1,79676.49483542707,79644.65950209375,31.835333333334223,0.03995574027081708,98.81448957189902,116.85454933050836,129,3.819958543085579,43.84092469664522,24.597127788825645,0.2832531169520487,2.640300230698001,105.98347827010475,47.560768425062626
91,full_available_forecast,6.6,capacity_p90,eahpa_point,73.01362463386315,point_forecast,9110,1,79676.49483542707,79644.65950209375,31.835333333334223,0.03995574027081708,98.81448957189902,116.85454933050836,129,3.819958543085579,43.84092469664522,24.597127788825645,0.2832531169520487,2.640300230698001,105.98347827010475,47.560768425062626
91,full_available_forecast,6.6,capacity_p90,eahpa_point,73.01362463386315,uncertainty_aware,9110,1,79676.49483542707,79644.65950209375,31.835333333334237,0.039955740270817094,98.81448957189902,116.85454933050836,129,3.819958543085579,43.84092469664522,24.602054316188564,0.28333861691494805,2.639653410549262,105.98347827010475,47.560768425062626
91,full_available_forecast,6.6,capacity_p90,eahpa_point,73.01362463386315,uncontrolled,9110,1,79676.49483542707,79644.65950209375,31.835333333334248,0.03995574027081711,98.81448957189902,222.83802760061312,338,10.008883624518804,149.82440296674997,34.11591533239056,0.1490267749373955,0.16378837130530452,0.0,0.0
91,full_available_forecast,6.6,capacity_p90,eahpa_point,73.01362463386315,valley_filling,9110,1,79676.49483542707,79644.65950209375,31.83533333333431,0.039955740270817185,98.81448957189902,108.48534130043687,78,2.3097423748889545,35.47171666657373,20.778444618391127,0.3156741410347398,2.8672780244764215,114.35268630017625,51.316504427658835
92,full_available_forecast,6.6,capacity_p90,prc_peak_sensitive,73.01362463386315,peak_sensitive,9110,1,79676.49483542707,79644.65950209375,31.835333333334223,0.03995574027081708,98.81448957189902,116.85454933050836,129,3.819958543085579,43.84092469664522,24.597127788825645,0.2832531169520487,2.640300230698001,105.98347827010475,47.560768425062626
92,full_available_forecast,6.6,capacity_p90,prc_peak_sensitive,73.01362463386315,point_forecast,9110,1,79676.49483542707,79644.65950209375,31.835333333334223,0.03995574027081708,98.81448957189902,116.85454933050836,129,3.819958543085579,43.84092469664522,24.597127788825645,0.2832531169520487,2.640300230698001,105.98347827010475,47.560768425062626
92,full_available_forecast,6.6,capacity_p90,prc_peak_sensitive,73.01362463386315,uncertainty_aware,9110,1,79676.49483542707,79644.65950209375,31.835333333334237,0.039955740270817094,98.81448957189902,116.85454933050836,129,3.819958543085579,43.84092469664522,24.602054316188564,0.28333861691494805,2.639653410549262,105.98347827010475,47.560768425062626
92,full_available_forecast,6.6,capacity_p90,prc_peak_sensitive,73.01362463386315,uncontrolled,9110,1,79676.49483542707,79644.65950209375,31.835333333334248,0.03995574027081711,98.81448957189902,222.83802760061312,338,10.008883624518804,149.82440296674997,34.11591533239056,0.1490267749373955,0.16378837130530452,0.0,0.0
92,full_available_forecast,6.6,capacity_p90,prc_peak_sensitive,73.01362463386315,valley_filling,9110,1,79676.49483542707,79644.65950209375,31.83533333333431,0.039955740270817185,98.81448957189902,108.48534130043687,78,2.3097423748889545,35.47171666657373,20.778444618391127,0.3156741410347398,2.8672780244764215,114.35268630017625,51.316504427658835
93,full_available_forecast,6.6,capacity_p90,upper_bound,73.01362463386315,peak_sensitive,9110,1,79676.49483542707,79644.65950209375,31.835333333334223,0.03995574027081708,98.81448957189902,116.85454933050836,129,3.819958543085579,43.84092469664522,24.597127788825645,0.2832531169520487,2.640300230698001,105.98347827010475,47.560768425062626
93,full_available_forecast,6.6,capacity_p90,upper_bound,73.01362463386315,point_forecast,9110,1,79676.49483542707,79644.65950209375,31.835333333334223,0.03995574027081708,98.81448957189902,116.85454933050836,129,3.819958543085579,43.84092469664522,24.597127788825645,0.2832531169520487,2.640300230698001,105.98347827010475,47.560768425062626
93,full_available_forecast,6.6,capacity_p90,upper_bound,73.01362463386315,uncertainty_aware,9110,1,79676.49483542707,79644.65950209375,31.835333333334237,0.039955740270817094,98.81448957189902,116.85454933050836,129,3.819958543085579,43.84092469664522,24.602054316188564,0.28333861691494805,2.639653410549262,105.98347827010475,47.560768425062626
93,full_available_forecast,6.6,capacity_p90,upper_bound,73.01362463386315,uncontrolled,9110,1,79676.49483542707,79644.65950209375,31.835333333334248,0.03995574027081711,98.81448957189902,222.83802760061312,338,10.008883624518804,149.82440296674997,34.11591533239056,0.1490267749373955,0.16378837130530452,0.0,0.0
93,full_available_forecast,6.6,capacity_p90,upper_bound,73.01362463386315,valley_filling,9110,1,79676.49483542707,79644.65950209375,31.83533333333431,0.039955740270817185,98.81448957189902,108.48534130043687,78,2.3097423748889545,35.47171666657373,20.778444618391127,0.3156741410347398,2.8672780244764215,114.35268630017625,51.316504427658835
94,full_available_forecast,6.6,capacity_p95,eahpa_point,112.21842513944816,peak_sensitive,9110,1,79676.49483542707,79644.65950209375,31.83533333333426,0.039955740270817115,98.81448957189902,129.60282362617193,5,0.14806040864672787,17.384398486723768,27.47357864794522,0.2564452826362762,2.551537054334541,93.23520397444119,41.83989823386171
94,full_available_forecast,6.6,capacity_p95,eahpa_point,112.21842513944816,point_forecast,9110,1,79676.49483542707,79644.65950209375,31.83533333333426,0.039955740270817115,98.81448957189902,129.60282362617193,5,0.14806040864672787,17.384398486723768,27.47357864794522,0.2564452826362762,2.551537054334541,93.23520397444119,41.83989823386171
94,full_available_forecast,6.6,capacity_p95,eahpa_point,112.21842513944816,uncertainty_aware,9110,1,79676.49483542707,79644.65950209375,31.835333333334255,0.039955740270817115,98.81448957189902,129.60282362617193,5,0.14806040864672787,17.384398486723768,27.48532990980354,0.2565549034152522,2.550454815654502,93.23520397444119,41.83989823386171
94,full_available_forecast,6.6,capacity_p95,eahpa_point,112.21842513944816,uncontrolled,9110,1,79676.49483542707,79644.65950209375,31.835333333334248,0.03995574027081711,98.81448957189902,222.83802760061312,169,5.004441812259402,110.61960246116496,34.11591533239056,0.1490267749373955,0.16378837130530452,0.0,0.0
94,full_available_forecast,6.6,capacity_p95,eahpa_point,112.21842513944816,valley_filling,9110,1,79676.49483542707,79644.65950209375,31.83533333333432,0.0399557402708172,98.81448957189902,108.48534130043687,0,0.0,0.0,20.777668402732463,0.31566545748317226,2.8676836990219297,114.35268630017625,51.316504427658835
95,full_available_forecast,6.6,capacity_p95,prc_peak_sensitive,112.21842513944816,peak_sensitive,9110,1,79676.49483542707,79644.65950209375,31.83533333333426,0.039955740270817115,98.81448957189902,129.60282362617193,5,0.14806040864672787,17.384398486723768,27.47357864794522,0.2564452826362762,2.551537054334541,93.23520397444119,41.83989823386171
95,full_available_forecast,6.6,capacity_p95,prc_peak_sensitive,112.21842513944816,point_forecast,9110,1,79676.49483542707,79644.65950209375,31.83533333333426,0.039955740270817115,98.81448957189902,129.60282362617193,5,0.14806040864672787,17.384398486723768,27.47357864794522,0.2564452826362762,2.551537054334541,93.23520397444119,41.83989823386171
95,full_available_forecast,6.6,capacity_p95,prc_peak_sensitive,112.21842513944816,uncertainty_aware,9110,1,79676.49483542707,79644.65950209375,31.835333333334255,0.039955740270817115,98.81448957189902,129.60282362617193,5,0.14806040864672787,17.384398486723768,27.48532990980354,0.2565549034152522,2.550454815654502,93.23520397444119,41.83989823386171
95,full_available_forecast,6.6,capacity_p95,prc_peak_sensitive,112.21842513944816,uncontrolled,9110,1,79676.49483542707,79644.65950209375,31.835333333334248,0.03995574027081711,98.81448957189902,222.83802760061312,169,5.004441812259402,110.61960246116496,34.11591533239056,0.1490267749373955,0.16378837130530452,0.0,0.0
95,full_available_forecast,6.6,capacity_p95,prc_peak_sensitive,112.21842513944816,valley_filling,9110,1,79676.49483542707,79644.65950209375,31.83533333333432,0.0399557402708172,98.81448957189902,108.48534130043687,0,0.0,0.0,20.777668402732463,0.31566545748317226,2.8676836990219297,114.35268630017625,51.316504427658835
96,full_available_forecast,6.6,capacity_p95,upper_bound,112.21842513944816,peak_sensitive,9110,1,79676.49483542707,79644.65950209375,31.83533333333426,0.039955740270817115,98.81448957189902,129.60282362617193,5,0.14806040864672787,17.384398486723768,27.47357864794522,0.2564452826362762,2.551537054334541,93.23520397444119,41.83989823386171
96,full_available_forecast,6.6,capacity_p95,upper_bound,112.21842513944816,point_forecast,9110,1,79676.49483542707,79644.65950209375,31.83533333333426,0.039955740270817115,98.81448957189902,129.60282362617193,5,0.14806040864672787,17.384398486723768,27.47357864794522,0.2564452826362762,2.551537054334541,93.23520397444119,41.83989823386171
96,full_available_forecast,6.6,capacity_p95,upper_bound,112.21842513944816,uncertainty_aware,9110,1,79676.49483542707,79644.65950209375,31.835333333334255,0.039955740270817115,98.81448957189902,129.60282362617193,5,0.14806040864672787,17.384398486723768,27.48532990980354,0.2565549034152522,2.550454815654502,93.23520397444119,41.83989823386171
96,full_available_forecast,6.6,capacity_p95,upper_bound,112.21842513944816,uncontrolled,9110,1,79676.49483542707,79644.65950209375,31.835333333334248,0.03995574027081711,98.81448957189902,222.83802760061312,169,5.004441812259402,110.61960246116496,34.11591533239056,0.1490267749373955,0.16378837130530452,0.0,0.0
96,full_available_forecast,6.6,capacity_p95,upper_bound,112.21842513944816,valley_filling,9110,1,79676.49483542707,79644.65950209375,31.83533333333432,0.0399557402708172,98.81448957189902,108.48534130043687,0,0.0,0.0,20.777668402732463,0.31566545748317226,2.8676836990219297,114.35268630017625,51.316504427658835
97,full_available_forecast,6.6,capacity_p95_plus_10percent,eahpa_point,123.44026765339298,peak_sensitive,9110,1,79676.49483542707,79644.65950209375,31.83533333333425,0.03995574027081711,98.81448957189902,130.10541515367953,5,0.14806040864672787,6.665147500286551,27.711997501211417,0.25556986940657456,2.544668048212541,92.73261244693359,41.61435704911904
97,full_available_forecast,6.6,capacity_p95_plus_10percent,eahpa_point,123.44026765339298,point_forecast,9110,1,79676.49483542707,79644.65950209375,31.83533333333425,0.03995574027081711,98.81448957189902,130.10541515367953,5,0.14806040864672787,6.665147500286551,27.711997501211417,0.25556986940657456,2.544668048212541,92.73261244693359,41.61435704911904
97,full_available_forecast,6.6,capacity_p95_plus_10percent,eahpa_point,123.44026765339298,uncertainty_aware,9110,1,79676.49483542707,79644.65950209375,31.835333333334248,0.03995574027081711,98.81448957189902,130.10541515367953,5,0.14806040864672787,6.665147500286551,27.72364002196553,0.25567906672527657,2.5435858095325017,92.73261244693359,41.61435704911904
97,full_available_forecast,6.6,capacity_p95_plus_10percent,eahpa_point,123.44026765339298,uncontrolled,9110,1,79676.49483542707,79644.65950209375,31.835333333334248,0.03995574027081711,98.81448957189902,222.83802760061312,137,4.056855196920344,99.39775994722014,34.11591533239056,0.1490267749373955,0.16378837130530452,0.0,0.0
97,full_available_forecast,6.6,capacity_p95_plus_10percent,eahpa_point,123.44026765339298,valley_filling,9110,1,79676.49483542707,79644.65950209375,31.83533333333432,0.0399557402708172,98.81448957189902,108.48534130043687,0,0.0,0.0,20.777668402732463,0.31566545748317226,2.8676836990219297,114.35268630017625,51.316504427658835
98,full_available_forecast,6.6,capacity_p95_plus_10percent,prc_peak_sensitive,123.44026765339298,peak_sensitive,9110,1,79676.49483542707,79644.65950209375,31.83533333333425,0.03995574027081711,98.81448957189902,130.10541515367953,5,0.14806040864672787,6.665147500286551,27.711997501211417,0.25556986940657456,2.544668048212541,92.73261244693359,41.61435704911904
98,full_available_forecast,6.6,capacity_p95_plus_10percent,prc_peak_sensitive,123.44026765339298,point_forecast,9110,1,79676.49483542707,79644.65950209375,31.83533333333425,0.03995574027081711,98.81448957189902,130.10541515367953,5,0.14806040864672787,6.665147500286551,27.711997501211417,0.25556986940657456,2.544668048212541,92.73261244693359,41.61435704911904
98,full_available_forecast,6.6,capacity_p95_plus_10percent,prc_peak_sensitive,123.44026765339298,uncertainty_aware,9110,1,79676.49483542707,79644.65950209375,31.835333333334248,0.03995574027081711,98.81448957189902,130.10541515367953,5,0.14806040864672787,6.665147500286551,27.72364002196553,0.25567906672527657,2.5435858095325017,92.73261244693359,41.61435704911904
98,full_available_forecast,6.6,capacity_p95_plus_10percent,prc_peak_sensitive,123.44026765339298,uncontrolled,9110,1,79676.49483542707,79644.65950209375,31.835333333334248,0.03995574027081711,98.81448957189902,222.83802760061312,137,4.056855196920344,99.39775994722014,34.11591533239056,0.1490267749373955,0.16378837130530452,0.0,0.0
98,full_available_forecast,6.6,capacity_p95_plus_10percent,prc_peak_sensitive,123.44026765339298,valley_filling,9110,1,79676.49483542707,79644.65950209375,31.83533333333432,0.0399557402708172,98.81448957189902,108.48534130043687,0,0.0,0.0,20.777668402732463,0.31566545748317226,2.8676836990219297,114.35268630017625,51.316504427658835
99,full_available_forecast,6.6,capacity_p95_plus_10percent,upper_bound,123.44026765339298,peak_sensitive,9110,1,79676.49483542707,79644.65950209375,31.83533333333425,0.03995574027081711,98.81448957189902,130.10541515367953,5,0.14806040864672787,6.665147500286551,27.711997501211417,0.25556986940657456,2.544668048212541,92.73261244693359,41.61435704911904
99,full_available_forecast,6.6,capacity_p95_plus_10percent,upper_bound,123.44026765339298,point_forecast,9110,1,79676.49483542707,79644.65950209375,31.83533333333425,0.03995574027081711,98.81448957189902,130.10541515367953,5,0.14806040864672787,6.665147500286551,27.711997501211417,0.25556986940657456,2.544668048212541,92.73261244693359,41.61435704911904
99,full_available_forecast,6.6,capacity_p95_plus_10percent,upper_bound,123.44026765339298,uncertainty_aware,9110,1,79676.49483542707,79644.65950209375,31.835333333334248,0.03995574027081711,98.81448957189902,130.10541515367953,5,0.14806040864672787,6.665147500286551,27.72364002196553,0.25567906672527657,2.5435858095325017,92.73261244693359,41.61435704911904
99,full_available_forecast,6.6,capacity_p95_plus_10percent,upper_bound,123.44026765339298,uncontrolled,9110,1,79676.49483542707,79644.65950209375,31.835333333334248,0.03995574027081711,98.81448957189902,222.83802760061312,137,4.056855196920344,99.39775994722014,34.11591533239056,0.1490267749373955,0.16378837130530452,0.0,0.0
99,full_available_forecast,6.6,capacity_p95_plus_10percent,upper_bound,123.44026765339298,valley_filling,9110,1,79676.49483542707,79644.65950209375,31.83533333333432,0.0399557402708172,98.81448957189902,108.48534130043687,0,0.0,0.0,20.777668402732463,0.31566545748317226,2.8676836990219297,114.35268630017625,51.316504427658835
100,full_available_forecast,6.6,capacity_historical_peak,eahpa_point,222.83802760061312,peak_sensitive,9110,1,79676.49483542707,79644.65950209375,31.835333333334244,0.0399557402708171,98.81448957189902,165.8111420013892,0,0.0,0.0,27.970708654814924,0.20051482569072177,2.5425368154689725,57.02688559922393,25.59118217534745
100,full_available_forecast,6.6,capacity_historical_peak,eahpa_point,222.83802760061312,point_forecast,9110,1,79676.49483542707,79644.65950209375,31.835333333334244,0.0399557402708171,98.81448957189902,165.8111420013892,0,0.0,0.0,27.970708654814924,0.20051482569072177,2.5425368154689725,57.02688559922393,25.59118217534745
100,full_available_forecast,6.6,capacity_historical_peak,eahpa_point,222.83802760061312,uncertainty_aware,9110,1,79676.49483542707,79644.65950209375,31.835333333334244,0.0399557402708171,98.81448957189902,165.8111420013892,0,0.0,0.0,27.98224527665781,0.20060050848810138,2.541454576788934,57.02688559922393,25.59118217534745
100,full_available_forecast,6.6,capacity_historical_peak,eahpa_point,222.83802760061312,uncontrolled,9110,1,79676.49483542707,79644.65950209375,31.835333333334248,0.03995574027081711,98.81448957189902,222.83802760061312,0,0.0,0.0,34.11591533239056,0.1490267749373955,0.16378837130530452,0.0,0.0
100,full_available_forecast,6.6,capacity_historical_peak,eahpa_point,222.83802760061312,valley_filling,9110,1,79676.49483542707,79644.65950209375,31.83533333333432,0.0399557402708172,98.81448957189902,108.48534130043687,0,0.0,0.0,20.777668402732463,0.31566545748317226,2.8676836990219297,114.35268630017625,51.316504427658835
101,full_available_forecast,6.6,capacity_historical_peak,prc_peak_sensitive,222.83802760061312,peak_sensitive,9110,1,79676.49483542707,79644.65950209375,31.835333333334244,0.0399557402708171,98.81448957189902,165.8111420013892,0,0.0,0.0,27.970708654814924,0.20051482569072177,2.5425368154689725,57.02688559922393,25.59118217534745
101,full_available_forecast,6.6,capacity_historical_peak,prc_peak_sensitive,222.83802760061312,point_forecast,9110,1,79676.49483542707,79644.65950209375,31.835333333334244,0.0399557402708171,98.81448957189902,165.8111420013892,0,0.0,0.0,27.970708654814924,0.20051482569072177,2.5425368154689725,57.02688559922393,25.59118217534745
101,full_available_forecast,6.6,capacity_historical_peak,prc_peak_sensitive,222.83802760061312,uncertainty_aware,9110,1,79676.49483542707,79644.65950209375,31.835333333334244,0.0399557402708171,98.81448957189902,165.8111420013892,0,0.0,0.0,27.98224527665781,0.20060050848810138,2.541454576788934,57.02688559922393,25.59118217534745
101,full_available_forecast,6.6,capacity_historical_peak,prc_peak_sensitive,222.83802760061312,uncontrolled,9110,1,79676.49483542707,79644.65950209375,31.835333333334248,0.03995574027081711,98.81448957189902,222.83802760061312,0,0.0,0.0,34.11591533239056,0.1490267749373955,0.16378837130530452,0.0,0.0
101,full_available_forecast,6.6,capacity_historical_peak,prc_peak_sensitive,222.83802760061312,valley_filling,9110,1,79676.49483542707,79644.65950209375,31.83533333333432,0.0399557402708172,98.81448957189902,108.48534130043687,0,0.0,0.0,20.777668402732463,0.31566545748317226,2.8676836990219297,114.35268630017625,51.316504427658835
102,full_available_forecast,6.6,capacity_historical_peak,upper_bound,222.83802760061312,peak_sensitive,9110,1,79676.49483542707,79644.65950209375,31.835333333334244,0.0399557402708171,98.81448957189902,165.8111420013892,0,0.0,0.0,27.970708654814924,0.20051482569072177,2.5425368154689725,57.02688559922393,25.59118217534745
102,full_available_forecast,6.6,capacity_historical_peak,upper_bound,222.83802760061312,point_forecast,9110,1,79676.49483542707,79644.65950209375,31.835333333334244,0.0399557402708171,98.81448957189902,165.8111420013892,0,0.0,0.0,27.970708654814924,0.20051482569072177,2.5425368154689725,57.02688559922393,25.59118217534745
102,full_available_forecast,6.6,capacity_historical_peak,upper_bound,222.83802760061312,uncertainty_aware,9110,1,79676.49483542707,79644.65950209375,31.835333333334244,0.0399557402708171,98.81448957189902,165.8111420013892,0,0.0,0.0,27.98224527665781,0.20060050848810138,2.541454576788934,57.02688559922393,25.59118217534745
102,full_available_forecast,6.6,capacity_historical_peak,upper_bound,222.83802760061312,uncontrolled,9110,1,79676.49483542707,79644.65950209375,31.835333333334248,0.03995574027081711,98.81448957189902,222.83802760061312,0,0.0,0.0,34.11591533239056,0.1490267749373955,0.16378837130530452,0.0,0.0
102,full_available_forecast,6.6,capacity_historical_peak,upper_bound,222.83802760061312,valley_filling,9110,1,79676.49483542707,79644.65950209375,31.83533333333432,0.0399557402708172,98.81448957189902,108.48534130043687,0,0.0,0.0,20.777668402732463,0.31566545748317226,2.8676836990219297,114.35268630017625,51.316504427658835
103,full_available_forecast,6.6,capacity_mean_plus_2std,eahpa_point,101.44066325151081,peak_sensitive,9110,1,79676.49483542707,79644.65950209375,31.83533333333427,0.039955740270817136,98.81448957189902,126.44532991817746,11,0.3257328990228013,25.00466666666665,27.037351892011383,0.2626686190655036,2.560910101647535,96.39269768243565,43.256843870112604
103,full_available_forecast,6.6,capacity_mean_plus_2std,eahpa_point,101.44066325151081,point_forecast,9110,1,79676.49483542707,79644.65950209375,31.83533333333427,0.039955740270817136,98.81448957189902,126.44532991817746,11,0.3257328990228013,25.00466666666665,27.037351892011383,0.2626686190655036,2.560910101647535,96.39269768243565,43.256843870112604
103,full_available_forecast,6.6,capacity_mean_plus_2std,eahpa_point,101.44066325151081,uncertainty_aware,9110,1,79676.49483542707,79644.65950209375,31.835333333334265,0.03995574027081713,98.81448957189902,126.44532991817746,11,0.3257328990228013,25.00466666666665,27.051038419267524,0.26278097720868365,2.5598195176581813,96.39269768243565,43.256843870112604
103,full_available_forecast,6.6,capacity_mean_plus_2std,eahpa_point,101.44066325151081,uncontrolled,9110,1,79676.49483542707,79644.65950209375,31.835333333334248,0.03995574027081711,98.81448957189902,222.83802760061312,209,6.188925081433225,121.3973643491023,34.11591533239056,0.1490267749373955,0.16378837130530452,0.0,0.0
103,full_available_forecast,6.6,capacity_mean_plus_2std,eahpa_point,101.44066325151081,valley_filling,9110,1,79676.49483542707,79644.65950209375,31.835333333334322,0.039955740270817205,98.81448957189902,108.48534130043687,4,0.11844832691738229,7.044678048926059,20.777668402732463,0.31566545748317226,2.8676836990219297,114.35268630017625,51.316504427658835
104,full_available_forecast,6.6,capacity_mean_plus_2std,prc_peak_sensitive,101.44066325151081,peak_sensitive,9110,1,79676.49483542707,79644.65950209375,31.83533333333427,0.039955740270817136,98.81448957189902,126.44532991817746,11,0.3257328990228013,25.00466666666665,27.037351892011383,0.2626686190655036,2.560910101647535,96.39269768243565,43.256843870112604
104,full_available_forecast,6.6,capacity_mean_plus_2std,prc_peak_sensitive,101.44066325151081,point_forecast,9110,1,79676.49483542707,79644.65950209375,31.83533333333427,0.039955740270817136,98.81448957189902,126.44532991817746,11,0.3257328990228013,25.00466666666665,27.037351892011383,0.2626686190655036,2.560910101647535,96.39269768243565,43.256843870112604
104,full_available_forecast,6.6,capacity_mean_plus_2std,prc_peak_sensitive,101.44066325151081,uncertainty_aware,9110,1,79676.49483542707,79644.65950209375,31.835333333334265,0.03995574027081713,98.81448957189902,126.44532991817746,11,0.3257328990228013,25.00466666666665,27.051038419267524,0.26278097720868365,2.5598195176581813,96.39269768243565,43.256843870112604
104,full_available_forecast,6.6,capacity_mean_plus_2std,prc_peak_sensitive,101.44066325151081,uncontrolled,9110,1,79676.49483542707,79644.65950209375,31.835333333334248,0.03995574027081711,98.81448957189902,222.83802760061312,209,6.188925081433225,121.3973643491023,34.11591533239056,0.1490267749373955,0.16378837130530452,0.0,0.0
104,full_available_forecast,6.6,capacity_mean_plus_2std,prc_peak_sensitive,101.44066325151081,valley_filling,9110,1,79676.49483542707,79644.65950209375,31.835333333334322,0.039955740270817205,98.81448957189902,108.48534130043687,4,0.11844832691738229,7.044678048926059,20.777668402732463,0.31566545748317226,2.8676836990219297,114.35268630017625,51.316504427658835
105,full_available_forecast,6.6,capacity_mean_plus_2std,upper_bound,101.44066325151081,peak_sensitive,9110,1,79676.49483542707,79644.65950209375,31.83533333333427,0.039955740270817136,98.81448957189902,126.44532991817746,11,0.3257328990228013,25.00466666666665,27.037351892011383,0.2626686190655036,2.560910101647535,96.39269768243565,43.256843870112604
105,full_available_forecast,6.6,capacity_mean_plus_2std,upper_bound,101.44066325151081,point_forecast,9110,1,79676.49483542707,79644.65950209375,31.83533333333427,0.039955740270817136,98.81448957189902,126.44532991817746,11,0.3257328990228013,25.00466666666665,27.037351892011383,0.2626686190655036,2.560910101647535,96.39269768243565,43.256843870112604
105,full_available_forecast,6.6,capacity_mean_plus_2std,upper_bound,101.44066325151081,uncertainty_aware,9110,1,79676.49483542707,79644.65950209375,31.835333333334265,0.03995574027081713,98.81448957189902,126.44532991817746,11,0.3257328990228013,25.00466666666665,27.051038419267524,0.26278097720868365,2.5598195176581813,96.39269768243565,43.256843870112604
105,full_available_forecast,6.6,capacity_mean_plus_2std,upper_bound,101.44066325151081,uncontrolled,9110,1,79676.49483542707,79644.65950209375,31.835333333334248,0.03995574027081711,98.81448957189902,222.83802760061312,209,6.188925081433225,121.3973643491023,34.11591533239056,0.1490267749373955,0.16378837130530452,0.0,0.0
105,full_available_forecast,6.6,capacity_mean_plus_2std,upper_bound,101.44066325151081,valley_filling,9110,1,79676.49483542707,79644.65950209375,31.835333333334322,0.039955740270817205,98.81448957189902,108.48534130043687,4,0.11844832691738229,7.044678048926059,20.777668402732463,0.31566545748317226,2.8676836990219297,114.35268630017625,51.316504427658835
106,full_available_forecast,7.2,capacity_p90,eahpa_point,73.18169577974746,peak_sensitive,9110,1,79676.49483542707,79669.1858354271,7.309000000000847,0.009173345307292557,99.97804610318332,118.15460780743186,120,3.553449807521469,44.9729120276844,24.809446849630806,0.28215987967254436,2.638751664254476,118.83491979318123,50.143532077690764
106,full_available_forecast,7.2,capacity_p90,eahpa_point,73.18169577974746,point_forecast,9110,1,79676.49483542707,79669.1858354271,7.309000000000847,0.009173345307292557,99.97804610318332,118.15460780743186,120,3.553449807521469,44.9729120276844,24.809446849630806,0.28215987967254436,2.638751664254476,118.83491979318123,50.143532077690764
106,full_available_forecast,7.2,capacity_p90,eahpa_point,73.18169577974746,uncertainty_aware,9110,1,79676.49483542707,79669.1858354271,7.309000000000861,0.009173345307292574,99.97804610318332,118.15460780743186,120,3.553449807521469,44.9729120276844,24.817096489001067,0.2821708691894691,2.63983982447954,118.83491979318123,50.143532077690764
106,full_available_forecast,7.2,capacity_p90,eahpa_point,73.18169577974746,uncontrolled,9110,1,79676.49483542707,79669.18583542708,7.309000000001024,0.009173345307292781,99.97804610318332,236.9895276006131,338,10.008883624518804,163.80783182086563,35.449088056752295,0.14210352993725073,0.10884823594868538,0.0,0.0
106,full_available_forecast,7.2,capacity_p90,eahpa_point,73.18169577974746,valley_filling,9110,1,79676.49483542707,79669.18583542708,7.309000000000929,0.009173345307292661,99.97804610318332,103.58755629577448,79,2.3393544566183,30.40586051602702,20.832348899579877,0.33343703482171794,2.867719750480884,133.4019713048386,56.29023892129717
107,full_available_forecast,7.2,capacity_p90,prc_peak_sensitive,73.18169577974746,peak_sensitive,9110,1,79676.49483542707,79669.1858354271,7.309000000000847,0.009173345307292557,99.97804610318332,118.15460780743186,120,3.553449807521469,44.9729120276844,24.809446849630806,0.28215987967254436,2.638751664254476,118.83491979318123,50.143532077690764
107,full_available_forecast,7.2,capacity_p90,prc_peak_sensitive,73.18169577974746,point_forecast,9110,1,79676.49483542707,79669.1858354271,7.309000000000847,0.009173345307292557,99.97804610318332,118.15460780743186,120,3.553449807521469,44.9729120276844,24.809446849630806,0.28215987967254436,2.638751664254476,118.83491979318123,50.143532077690764
107,full_available_forecast,7.2,capacity_p90,prc_peak_sensitive,73.18169577974746,uncertainty_aware,9110,1,79676.49483542707,79669.1858354271,7.309000000000861,0.009173345307292574,99.97804610318332,118.15460780743186,120,3.553449807521469,44.9729120276844,24.817096489001067,0.2821708691894691,2.63983982447954,118.83491979318123,50.143532077690764
107,full_available_forecast,7.2,capacity_p90,prc_peak_sensitive,73.18169577974746,uncontrolled,9110,1,79676.49483542707,79669.18583542708,7.309000000001024,0.009173345307292781,99.97804610318332,236.9895276006131,338,10.008883624518804,163.80783182086563,35.449088056752295,0.14210352993725073,0.10884823594868538,0.0,0.0
107,full_available_forecast,7.2,capacity_p90,prc_peak_sensitive,73.18169577974746,valley_filling,9110,1,79676.49483542707,79669.18583542708,7.309000000000929,0.009173345307292661,99.97804610318332,103.58755629577448,79,2.3393544566183,30.40586051602702,20.832348899579877,0.33343703482171794,2.867719750480884,133.4019713048386,56.29023892129717
108,full_available_forecast,7.2,capacity_p90,upper_bound,73.18169577974746,peak_sensitive,9110,1,79676.49483542707,79669.1858354271,7.309000000000847,0.009173345307292557,99.97804610318332,118.15460780743186,120,3.553449807521469,44.9729120276844,24.809446849630806,0.28215987967254436,2.638751664254476,118.83491979318123,50.143532077690764
108,full_available_forecast,7.2,capacity_p90,upper_bound,73.18169577974746,point_forecast,9110,1,79676.49483542707,79669.1858354271,7.309000000000847,0.009173345307292557,99.97804610318332,118.15460780743186,120,3.553449807521469,44.9729120276844,24.809446849630806,0.28215987967254436,2.638751664254476,118.83491979318123,50.143532077690764
108,full_available_forecast,7.2,capacity_p90,upper_bound,73.18169577974746,uncertainty_aware,9110,1,79676.49483542707,79669.1858354271,7.309000000000861,0.009173345307292574,99.97804610318332,118.15460780743186,120,3.553449807521469,44.9729120276844,24.817096489001067,0.2821708691894691,2.63983982447954,118.83491979318123,50.143532077690764
108,full_available_forecast,7.2,capacity_p90,upper_bound,73.18169577974746,uncontrolled,9110,1,79676.49483542707,79669.18583542708,7.309000000001024,0.009173345307292781,99.97804610318332,236.9895276006131,338,10.008883624518804,163.80783182086563,35.449088056752295,0.14210352993725073,0.10884823594868538,0.0,0.0
108,full_available_forecast,7.2,capacity_p90,upper_bound,73.18169577974746,valley_filling,9110,1,79676.49483542707,79669.18583542708,7.309000000000929,0.009173345307292661,99.97804610318332,103.58755629577448,79,2.3393544566183,30.40586051602702,20.832348899579877,0.33343703482171794,2.867719750480884,133.4019713048386,56.29023892129717
109,full_available_forecast,7.2,capacity_p95,eahpa_point,116.06594903965382,peak_sensitive,9110,1,79676.49483542707,79669.1858354271,7.309000000000811,0.009173345307292514,99.97804610318332,133.24759833373392,5,0.14806040864672787,17.181649294080103,28.036106928292856,0.2515604656443482,2.550459705872898,103.74192926687917,43.77490023175639
109,full_available_forecast,7.2,capacity_p95,eahpa_point,116.06594903965382,point_forecast,9110,1,79676.49483542707,79669.1858354271,7.309000000000811,0.009173345307292514,99.97804610318332,133.24759833373392,5,0.14806040864672787,17.181649294080103,28.036106928292856,0.2515604656443482,2.550459705872898,103.74192926687917,43.77490023175639
109,full_available_forecast,7.2,capacity_p95,eahpa_point,116.06594903965382,uncertainty_aware,9110,1,79676.49483542707,79669.1858354271,7.309000000000816,0.009173345307292519,99.97804610318332,133.24759833373392,5,0.14806040864672787,17.181649294080103,28.052943700425484,0.2516025766537012,2.5509730825292993,103.74192926687917,43.77490023175639
109,full_available_forecast,7.2,capacity_p95,eahpa_point,116.06594903965382,uncontrolled,9110,1,79676.49483542707,79669.18583542708,7.309000000001024,0.009173345307292781,99.97804610318332,236.9895276006131,169,5.004441812259402,120.92357856095927,35.449088056752295,0.14210352993725073,0.10884823594868538,0.0,0.0
109,full_available_forecast,7.2,capacity_p95,eahpa_point,116.06594903965382,valley_filling,9110,1,79676.49483542707,79669.18583542708,7.3090000000009265,0.009173345307292658,99.97804610318332,103.58755629577448,0,0.0,0.0,20.828968256362653,0.3334212400625167,2.867760286895047,133.4019713048386,56.29023892129717
110,full_available_forecast,7.2,capacity_p95,prc_peak_sensitive,116.06594903965382,peak_sensitive,9110,1,79676.49483542707,79669.1858354271,7.309000000000811,0.009173345307292514,99.97804610318332,133.24759833373392,5,0.14806040864672787,17.181649294080103,28.036106928292856,0.2515604656443482,2.550459705872898,103.74192926687917,43.77490023175639
110,full_available_forecast,7.2,capacity_p95,prc_peak_sensitive,116.06594903965382,point_forecast,9110,1,79676.49483542707,79669.1858354271,7.309000000000811,0.009173345307292514,99.97804610318332,133.24759833373392,5,0.14806040864672787,17.181649294080103,28.036106928292856,0.2515604656443482,2.550459705872898,103.74192926687917,43.77490023175639
110,full_available_forecast,7.2,capacity_p95,prc_peak_sensitive,116.06594903965382,uncertainty_aware,9110,1,79676.49483542707,79669.1858354271,7.309000000000816,0.009173345307292519,99.97804610318332,133.24759833373392,5,0.14806040864672787,17.181649294080103,28.052943700425484,0.2516025766537012,2.5509730825292993,103.74192926687917,43.77490023175639
110,full_available_forecast,7.2,capacity_p95,prc_peak_sensitive,116.06594903965382,uncontrolled,9110,1,79676.49483542707,79669.18583542708,7.309000000001024,0.009173345307292781,99.97804610318332,236.9895276006131,169,5.004441812259402,120.92357856095927,35.449088056752295,0.14210352993725073,0.10884823594868538,0.0,0.0
110,full_available_forecast,7.2,capacity_p95,prc_peak_sensitive,116.06594903965382,valley_filling,9110,1,79676.49483542707,79669.18583542708,7.3090000000009265,0.009173345307292658,99.97804610318332,103.58755629577448,0,0.0,0.0,20.828968256362653,0.3334212400625167,2.867760286895047,133.4019713048386,56.29023892129717
111,full_available_forecast,7.2,capacity_p95,upper_bound,116.06594903965382,peak_sensitive,9110,1,79676.49483542707,79669.1858354271,7.309000000000811,0.009173345307292514,99.97804610318332,133.24759833373392,5,0.14806040864672787,17.181649294080103,28.036106928292856,0.2515604656443482,2.550459705872898,103.74192926687917,43.77490023175639
111,full_available_forecast,7.2,capacity_p95,upper_bound,116.06594903965382,point_forecast,9110,1,79676.49483542707,79669.1858354271,7.309000000000811,0.009173345307292514,99.97804610318332,133.24759833373392,5,0.14806040864672787,17.181649294080103,28.036106928292856,0.2515604656443482,2.550459705872898,103.74192926687917,43.77490023175639
111,full_available_forecast,7.2,capacity_p95,upper_bound,116.06594903965382,uncertainty_aware,9110,1,79676.49483542707,79669.1858354271,7.309000000000816,0.009173345307292519,99.97804610318332,133.24759833373392,5,0.14806040864672787,17.181649294080103,28.052943700425484,0.2516025766537012,2.5509730825292993,103.74192926687917,43.77490023175639
111,full_available_forecast,7.2,capacity_p95,upper_bound,116.06594903965382,uncontrolled,9110,1,79676.49483542707,79669.18583542708,7.309000000001024,0.009173345307292781,99.97804610318332,236.9895276006131,169,5.004441812259402,120.92357856095927,35.449088056752295,0.14210352993725073,0.10884823594868538,0.0,0.0
111,full_available_forecast,7.2,capacity_p95,upper_bound,116.06594903965382,valley_filling,9110,1,79676.49483542707,79669.18583542708,7.3090000000009265,0.009173345307292658,99.97804610318332,103.58755629577448,0,0.0,0.0,20.828968256362653,0.3334212400625167,2.867760286895047,133.4019713048386,56.29023892129717
112,full_available_forecast,7.2,capacity_p95_plus_10percent,eahpa_point,127.6725439436192,peak_sensitive,9110,1,79676.49483542707,79669.1858354271,7.3090000000008235,0.00917334530729253,99.97804610318332,135.6215439436192,5,0.14806040864672787,7.948999999999998,28.25360930771719,0.24723160468230673,2.5453318019661144,101.36798365699389,42.773191154600056
112,full_available_forecast,7.2,capacity_p95_plus_10percent,eahpa_point,127.6725439436192,point_forecast,9110,1,79676.49483542707,79669.1858354271,7.3090000000008235,0.00917334530729253,99.97804610318332,135.6215439436192,5,0.14806040864672787,7.948999999999998,28.25360930771719,0.24723160468230673,2.5453318019661144,101.36798365699389,42.773191154600056
112,full_available_forecast,7.2,capacity_p95_plus_10percent,eahpa_point,127.6725439436192,uncertainty_aware,9110,1,79676.49483542707,79669.1858354271,7.309000000000829,0.009173345307292535,99.97804610318332,135.6215439436192,5,0.14806040864672787,7.948999999999998,28.270314538153322,0.24727297857244634,2.545845178622516,101.36798365699389,42.773191154600056
112,full_available_forecast,7.2,capacity_p95_plus_10percent,eahpa_point,127.6725439436192,uncontrolled,9110,1,79676.49483542707,79669.18583542708,7.309000000001024,0.009173345307292781,99.97804610318332,236.9895276006131,131,3.87918270654427,109.31698365699388,35.449088056752295,0.14210352993725073,0.10884823594868538,0.0,0.0
112,full_available_forecast,7.2,capacity_p95_plus_10percent,eahpa_point,127.6725439436192,valley_filling,9110,1,79676.49483542707,79669.18583542708,7.3090000000009265,0.009173345307292658,99.97804610318332,103.58755629577448,0,0.0,0.0,20.828968256362653,0.3334212400625167,2.867760286895047,133.4019713048386,56.29023892129717
113,full_available_forecast,7.2,capacity_p95_plus_10percent,prc_peak_sensitive,127.6725439436192,peak_sensitive,9110,1,79676.49483542707,79669.1858354271,7.3090000000008235,0.00917334530729253,99.97804610318332,135.6215439436192,5,0.14806040864672787,7.948999999999998,28.25360930771719,0.24723160468230673,2.5453318019661144,101.36798365699389,42.773191154600056
113,full_available_forecast,7.2,capacity_p95_plus_10percent,prc_peak_sensitive,127.6725439436192,point_forecast,9110,1,79676.49483542707,79669.1858354271,7.3090000000008235,0.00917334530729253,99.97804610318332,135.6215439436192,5,0.14806040864672787,7.948999999999998,28.25360930771719,0.24723160468230673,2.5453318019661144,101.36798365699389,42.773191154600056
113,full_available_forecast,7.2,capacity_p95_plus_10percent,prc_peak_sensitive,127.6725439436192,uncertainty_aware,9110,1,79676.49483542707,79669.1858354271,7.309000000000829,0.009173345307292535,99.97804610318332,135.6215439436192,5,0.14806040864672787,7.948999999999998,28.270314538153322,0.24727297857244634,2.545845178622516,101.36798365699389,42.773191154600056
113,full_available_forecast,7.2,capacity_p95_plus_10percent,prc_peak_sensitive,127.6725439436192,uncontrolled,9110,1,79676.49483542707,79669.18583542708,7.309000000001024,0.009173345307292781,99.97804610318332,236.9895276006131,131,3.87918270654427,109.31698365699388,35.449088056752295,0.14210352993725073,0.10884823594868538,0.0,0.0
113,full_available_forecast,7.2,capacity_p95_plus_10percent,prc_peak_sensitive,127.6725439436192,valley_filling,9110,1,79676.49483542707,79669.18583542708,7.3090000000009265,0.009173345307292658,99.97804610318332,103.58755629577448,0,0.0,0.0,20.828968256362653,0.3334212400625167,2.867760286895047,133.4019713048386,56.29023892129717
114,full_available_forecast,7.2,capacity_p95_plus_10percent,upper_bound,127.6725439436192,peak_sensitive,9110,1,79676.49483542707,79669.1858354271,7.3090000000008235,0.00917334530729253,99.97804610318332,135.6215439436192,5,0.14806040864672787,7.948999999999998,28.25360930771719,0.24723160468230673,2.5453318019661144,101.36798365699389,42.773191154600056
114,full_available_forecast,7.2,capacity_p95_plus_10percent,upper_bound,127.6725439436192,point_forecast,9110,1,79676.49483542707,79669.1858354271,7.3090000000008235,0.00917334530729253,99.97804610318332,135.6215439436192,5,0.14806040864672787,7.948999999999998,28.25360930771719,0.24723160468230673,2.5453318019661144,101.36798365699389,42.773191154600056
114,full_available_forecast,7.2,capacity_p95_plus_10percent,upper_bound,127.6725439436192,uncertainty_aware,9110,1,79676.49483542707,79669.1858354271,7.309000000000829,0.009173345307292535,99.97804610318332,135.6215439436192,5,0.14806040864672787,7.948999999999998,28.270314538153322,0.24727297857244634,2.545845178622516,101.36798365699389,42.773191154600056
114,full_available_forecast,7.2,capacity_p95_plus_10percent,upper_bound,127.6725439436192,uncontrolled,9110,1,79676.49483542707,79669.18583542708,7.309000000001024,0.009173345307292781,99.97804610318332,236.9895276006131,131,3.87918270654427,109.31698365699388,35.449088056752295,0.14210352993725073,0.10884823594868538,0.0,0.0
114,full_available_forecast,7.2,capacity_p95_plus_10percent,upper_bound,127.6725439436192,valley_filling,9110,1,79676.49483542707,79669.18583542708,7.3090000000009265,0.009173345307292658,99.97804610318332,103.58755629577448,0,0.0,0.0,20.828968256362653,0.3334212400625167,2.867760286895047,133.4019713048386,56.29023892129717
115,full_available_forecast,7.2,capacity_historical_peak,eahpa_point,236.9895276006131,peak_sensitive,9110,1,79676.49483542707,79669.1858354271,7.309000000000825,0.009173345307292531,99.97804610318332,167.11287370456466,0,0.0,0.0,28.491584524698656,0.20069052319739744,2.541205972275087,69.87665389604842,29.48512307843752
115,full_available_forecast,7.2,capacity_historical_peak,eahpa_point,236.9895276006131,point_forecast,9110,1,79676.49483542707,79669.1858354271,7.309000000000825,0.009173345307292531,99.97804610318332,167.11287370456466,0,0.0,0.0,28.491584524698656,0.20069052319739744,2.541205972275087,69.87665389604842,29.48512307843752
115,full_available_forecast,7.2,capacity_historical_peak,eahpa_point,236.9895276006131,uncertainty_aware,9110,1,79676.49483542707,79669.1858354271,7.309000000000831,0.009173345307292538,99.97804610318332,167.11287370456466,0,0.0,0.0,28.50814872442996,0.20072410044812208,2.541719348931488,69.87665389604842,29.48512307843752
115,full_available_forecast,7.2,capacity_historical_peak,eahpa_point,236.9895276006131,uncontrolled,9110,1,79676.49483542707,79669.18583542708,7.309000000001024,0.009173345307292781,99.97804610318332,236.9895276006131,0,0.0,0.0,35.449088056752295,0.14210352993725073,0.10884823594868538,0.0,0.0
115,full_available_forecast,7.2,capacity_historical_peak,eahpa_point,236.9895276006131,valley_filling,9110,1,79676.49483542707,79669.18583542708,7.3090000000009265,0.009173345307292658,99.97804610318332,103.58755629577448,0,0.0,0.0,20.828968256362653,0.3334212400625167,2.867760286895047,133.4019713048386,56.29023892129717
116,full_available_forecast,7.2,capacity_historical_peak,prc_peak_sensitive,236.9895276006131,peak_sensitive,9110,1,79676.49483542707,79669.1858354271,7.309000000000825,0.009173345307292531,99.97804610318332,167.11287370456466,0,0.0,0.0,28.491584524698656,0.20069052319739744,2.541205972275087,69.87665389604842,29.48512307843752
116,full_available_forecast,7.2,capacity_historical_peak,prc_peak_sensitive,236.9895276006131,point_forecast,9110,1,79676.49483542707,79669.1858354271,7.309000000000825,0.009173345307292531,99.97804610318332,167.11287370456466,0,0.0,0.0,28.491584524698656,0.20069052319739744,2.541205972275087,69.87665389604842,29.48512307843752
116,full_available_forecast,7.2,capacity_historical_peak,prc_peak_sensitive,236.9895276006131,uncertainty_aware,9110,1,79676.49483542707,79669.1858354271,7.309000000000831,0.009173345307292538,99.97804610318332,167.11287370456466,0,0.0,0.0,28.50814872442996,0.20072410044812208,2.541719348931488,69.87665389604842,29.48512307843752
116,full_available_forecast,7.2,capacity_historical_peak,prc_peak_sensitive,236.9895276006131,uncontrolled,9110,1,79676.49483542707,79669.18583542708,7.309000000001024,0.009173345307292781,99.97804610318332,236.9895276006131,0,0.0,0.0,35.449088056752295,0.14210352993725073,0.10884823594868538,0.0,0.0
116,full_available_forecast,7.2,capacity_historical_peak,prc_peak_sensitive,236.9895276006131,valley_filling,9110,1,79676.49483542707,79669.18583542708,7.3090000000009265,0.009173345307292658,99.97804610318332,103.58755629577448,0,0.0,0.0,20.828968256362653,0.3334212400625167,2.867760286895047,133.4019713048386,56.29023892129717
117,full_available_forecast,7.2,capacity_historical_peak,upper_bound,236.9895276006131,peak_sensitive,9110,1,79676.49483542707,79669.1858354271,7.309000000000825,0.009173345307292531,99.97804610318332,167.11287370456466,0,0.0,0.0,28.491584524698656,0.20069052319739744,2.541205972275087,69.87665389604842,29.48512307843752
117,full_available_forecast,7.2,capacity_historical_peak,upper_bound,236.9895276006131,point_forecast,9110,1,79676.49483542707,79669.1858354271,7.309000000000825,0.009173345307292531,99.97804610318332,167.11287370456466,0,0.0,0.0,28.491584524698656,0.20069052319739744,2.541205972275087,69.87665389604842,29.48512307843752
117,full_available_forecast,7.2,capacity_historical_peak,upper_bound,236.9895276006131,uncertainty_aware,9110,1,79676.49483542707,79669.1858354271,7.309000000000831,0.009173345307292538,99.97804610318332,167.11287370456466,0,0.0,0.0,28.50814872442996,0.20072410044812208,2.541719348931488,69.87665389604842,29.48512307843752
117,full_available_forecast,7.2,capacity_historical_peak,upper_bound,236.9895276006131,uncontrolled,9110,1,79676.49483542707,79669.18583542708,7.309000000001024,0.009173345307292781,99.97804610318332,236.9895276006131,0,0.0,0.0,35.449088056752295,0.14210352993725073,0.10884823594868538,0.0,0.0
117,full_available_forecast,7.2,capacity_historical_peak,upper_bound,236.9895276006131,valley_filling,9110,1,79676.49483542707,79669.18583542708,7.3090000000009265,0.009173345307292658,99.97804610318332,103.58755629577448,0,0.0,0.0,20.828968256362653,0.3334212400625167,2.867760286895047,133.4019713048386,56.29023892129717
118,full_available_forecast,7.2,capacity_mean_plus_2std,eahpa_point,104.57522454371322,peak_sensitive,9110,1,79676.49483542707,79669.1858354271,7.309000000000813,0.009173345307292516,99.97804610318332,127.86859833373393,10,0.29612081729345574,23.29337379002071,27.60339783420598,0.26197521192591156,2.560508615837762,109.12092926687916,46.04462077783258
118,full_available_forecast,7.2,capacity_mean_plus_2std,eahpa_point,104.57522454371322,point_forecast,9110,1,79676.49483542707,79669.1858354271,7.309000000000813,0.009173345307292516,99.97804610318332,127.86859833373393,10,0.29612081729345574,23.29337379002071,27.60339783420598,0.26197521192591156,2.560508615837762,109.12092926687916,46.04462077783258
118,full_available_forecast,7.2,capacity_mean_plus_2std,eahpa_point,104.57522454371322,uncertainty_aware,9110,1,79676.49483542707,79669.1858354271,7.30900000000082,0.009173345307292524,99.97804610318332,127.86859833373393,10,0.29612081729345574,23.29337379002071,27.61878200030573,0.2620189504918175,2.5610638362191676,109.12092926687916,46.04462077783258
118,full_available_forecast,7.2,capacity_mean_plus_2std,eahpa_point,104.57522454371322,uncontrolled,9110,1,79676.49483542707,79669.18583542708,7.309000000001024,0.009173345307292781,99.97804610318332,236.9895276006131,204,6.040864672786497,132.41430305689988,35.449088056752295,0.14210352993725073,0.10884823594868538,0.0,0.0
118,full_available_forecast,7.2,capacity_mean_plus_2std,eahpa_point,104.57522454371322,valley_filling,9110,1,79676.49483542707,79669.18583542708,7.3090000000009265,0.009173345307292658,99.97804610318332,103.58755629577448,0,0.0,0.0,20.828968256362653,0.3334212400625167,2.867760286895047,133.4019713048386,56.29023892129717
119,full_available_forecast,7.2,capacity_mean_plus_2std,prc_peak_sensitive,104.57522454371322,peak_sensitive,9110,1,79676.49483542707,79669.1858354271,7.309000000000813,0.009173345307292516,99.97804610318332,127.86859833373393,10,0.29612081729345574,23.29337379002071,27.60339783420598,0.26197521192591156,2.560508615837762,109.12092926687916,46.04462077783258
119,full_available_forecast,7.2,capacity_mean_plus_2std,prc_peak_sensitive,104.57522454371322,point_forecast,9110,1,79676.49483542707,79669.1858354271,7.309000000000813,0.009173345307292516,99.97804610318332,127.86859833373393,10,0.29612081729345574,23.29337379002071,27.60339783420598,0.26197521192591156,2.560508615837762,109.12092926687916,46.04462077783258
119,full_available_forecast,7.2,capacity_mean_plus_2std,prc_peak_sensitive,104.57522454371322,uncertainty_aware,9110,1,79676.49483542707,79669.1858354271,7.30900000000082,0.009173345307292524,99.97804610318332,127.86859833373393,10,0.29612081729345574,23.29337379002071,27.61878200030573,0.2620189504918175,2.5610638362191676,109.12092926687916,46.04462077783258
119,full_available_forecast,7.2,capacity_mean_plus_2std,prc_peak_sensitive,104.57522454371322,uncontrolled,9110,1,79676.49483542707,79669.18583542708,7.309000000001024,0.009173345307292781,99.97804610318332,236.9895276006131,204,6.040864672786497,132.41430305689988,35.449088056752295,0.14210352993725073,0.10884823594868538,0.0,0.0
119,full_available_forecast,7.2,capacity_mean_plus_2std,prc_peak_sensitive,104.57522454371322,valley_filling,9110,1,79676.49483542707,79669.18583542708,7.3090000000009265,0.009173345307292658,99.97804610318332,103.58755629577448,0,0.0,0.0,20.828968256362653,0.3334212400625167,2.867760286895047,133.4019713048386,56.29023892129717
120,full_available_forecast,7.2,capacity_mean_plus_2std,upper_bound,104.57522454371322,peak_sensitive,9110,1,79676.49483542707,79669.1858354271,7.309000000000813,0.009173345307292516,99.97804610318332,127.86859833373393,10,0.29612081729345574,23.29337379002071,27.60339783420598,0.26197521192591156,2.560508615837762,109.12092926687916,46.04462077783258
120,full_available_forecast,7.2,capacity_mean_plus_2std,upper_bound,104.57522454371322,point_forecast,9110,1,79676.49483542707,79669.1858354271,7.309000000000813,0.009173345307292516,99.97804610318332,127.86859833373393,10,0.29612081729345574,23.29337379002071,27.60339783420598,0.26197521192591156,2.560508615837762,109.12092926687916,46.04462077783258
120,full_available_forecast,7.2,capacity_mean_plus_2std,upper_bound,104.57522454371322,uncertainty_aware,9110,1,79676.49483542707,79669.1858354271,7.30900000000082,0.009173345307292524,99.97804610318332,127.86859833373393,10,0.29612081729345574,23.29337379002071,27.61878200030573,0.2620189504918175,2.5610638362191676,109.12092926687916,46.04462077783258
120,full_available_forecast,7.2,capacity_mean_plus_2std,upper_bound,104.57522454371322,uncontrolled,9110,1,79676.49483542707,79669.18583542708,7.309000000001024,0.009173345307292781,99.97804610318332,236.9895276006131,204,6.040864672786497,132.41430305689988,35.449088056752295,0.14210352993725073,0.10884823594868538,0.0,0.0
120,full_available_forecast,7.2,capacity_mean_plus_2std,upper_bound,104.57522454371322,valley_filling,9110,1,79676.49483542707,79669.18583542708,7.3090000000009265,0.009173345307292658,99.97804610318332,103.58755629577448,0,0.0,0.0,20.828968256362653,0.3334212400625167,2.867760286895047,133.4019713048386,56.29023892129717
121,full_available_forecast,11.0,capacity_p90,eahpa_point,86.0363326495739,peak_sensitive,9110,1,79676.49483542707,79673.58750209375,2.907333333333618,0.0036489222315047314,99.97804610318332,122.42329151702589,56,1.658276576843352,36.386958867451995,28.243405905036692,0.2920105261308336,2.5319911119443455,171.07655349678365,58.28846468001858
121,full_available_forecast,11.0,capacity_p90,eahpa_point,86.0363326495739,point_forecast,9110,1,79676.49483542707,79673.58750209375,2.907333333333618,0.0036489222315047314,99.97804610318332,122.42329151702589,56,1.658276576843352,36.386958867451995,28.243405905036692,0.2920105261308336,2.5319911119443455,171.07655349678365,58.28846468001858
121,full_available_forecast,11.0,capacity_p90,eahpa_point,86.0363326495739,uncertainty_aware,9110,1,79676.49483542707,79673.58750209375,2.907333333333618,0.0036489222315047314,99.97804610318332,122.42329151702589,56,1.658276576843352,36.386958867451995,28.243405905036692,0.2920105261308336,2.5319911119443455,171.07655349678365,58.28846468001858
121,full_available_forecast,11.0,capacity_p90,eahpa_point,86.0363326495739,uncontrolled,9110,1,79676.49483542707,79673.58750209375,2.9073333333336544,0.0036489222315047778,99.97804610318332,293.49984501380953,338,10.008883624518804,207.46351236423564,42.94874092382939,0.12801512508086055,-0.10186776711250922,0.0,0.0
121,full_available_forecast,11.0,capacity_p90,eahpa_point,86.0363326495739,valley_filling,9110,1,79676.49483542707,79673.58750209375,2.907333333333643,0.003648922231504763,99.97804610318332,107.70693708255412,23,0.6810778797749482,21.670604432980227,22.244990518746143,0.3448803343584739,2.788305220424821,185.7929079312554,63.30255742469425
122,full_available_forecast,11.0,capacity_p90,prc_peak_sensitive,86.0363326495739,peak_sensitive,9110,1,79676.49483542707,79673.58750209375,2.907333333333618,0.0036489222315047314,99.97804610318332,122.42329151702589,56,1.658276576843352,36.386958867451995,28.243405905036692,0.2920105261308336,2.5319911119443455,171.07655349678365,58.28846468001858
122,full_available_forecast,11.0,capacity_p90,prc_peak_sensitive,86.0363326495739,point_forecast,9110,1,79676.49483542707,79673.58750209375,2.907333333333618,0.0036489222315047314,99.97804610318332,122.42329151702589,56,1.658276576843352,36.386958867451995,28.243405905036692,0.2920105261308336,2.5319911119443455,171.07655349678365,58.28846468001858
122,full_available_forecast,11.0,capacity_p90,prc_peak_sensitive,86.0363326495739,uncertainty_aware,9110,1,79676.49483542707,79673.58750209375,2.907333333333618,0.0036489222315047314,99.97804610318332,122.42329151702589,56,1.658276576843352,36.386958867451995,28.243405905036692,0.2920105261308336,2.5319911119443455,171.07655349678365,58.28846468001858
122,full_available_forecast,11.0,capacity_p90,prc_peak_sensitive,86.0363326495739,uncontrolled,9110,1,79676.49483542707,79673.58750209375,2.9073333333336544,0.0036489222315047778,99.97804610318332,293.49984501380953,338,10.008883624518804,207.46351236423564,42.94874092382939,0.12801512508086055,-0.10186776711250922,0.0,0.0
122,full_available_forecast,11.0,capacity_p90,prc_peak_sensitive,86.0363326495739,valley_filling,9110,1,79676.49483542707,79673.58750209375,2.907333333333643,0.003648922231504763,99.97804610318332,107.70693708255412,23,0.6810778797749482,21.670604432980227,22.244990518746143,0.3448803343584739,2.788305220424821,185.7929079312554,63.30255742469425
123,full_available_forecast,11.0,capacity_p90,upper_bound,86.0363326495739,peak_sensitive,9110,1,79676.49483542707,79673.58750209375,2.907333333333618,0.0036489222315047314,99.97804610318332,122.42329151702589,56,1.658276576843352,36.386958867451995,28.243405905036692,0.2920105261308336,2.5319911119443455,171.07655349678365,58.28846468001858
123,full_available_forecast,11.0,capacity_p90,upper_bound,86.0363326495739,point_forecast,9110,1,79676.49483542707,79673.58750209375,2.907333333333618,0.0036489222315047314,99.97804610318332,122.42329151702589,56,1.658276576843352,36.386958867451995,28.243405905036692,0.2920105261308336,2.5319911119443455,171.07655349678365,58.28846468001858
123,full_available_forecast,11.0,capacity_p90,upper_bound,86.0363326495739,uncertainty_aware,9110,1,79676.49483542707,79673.58750209375,2.907333333333618,0.0036489222315047314,99.97804610318332,122.42329151702589,56,1.658276576843352,36.386958867451995,28.243405905036692,0.2920105261308336,2.5319911119443455,171.07655349678365,58.28846468001858
123,full_available_forecast,11.0,capacity_p90,upper_bound,86.0363326495739,uncontrolled,9110,1,79676.49483542707,79673.58750209375,2.9073333333336544,0.0036489222315047778,99.97804610318332,293.49984501380953,338,10.008883624518804,207.46351236423564,42.94874092382939,0.12801512508086055,-0.10186776711250922,0.0,0.0
123,full_available_forecast,11.0,capacity_p90,upper_bound,86.0363326495739,valley_filling,9110,1,79676.49483542707,79673.58750209375,2.907333333333643,0.003648922231504763,99.97804610318332,107.70693708255412,23,0.6810778797749482,21.670604432980227,22.244990518746143,0.3448803343584739,2.788305220424821,185.7929079312554,63.30255742469425
124,full_available_forecast,11.0,capacity_p95,eahpa_point,134.60813391691988,peak_sensitive,9110,1,79676.49483542707,79673.58750209375,2.907333333333619,0.0036489222315047327,99.97804610318332,144.9916032778048,5,0.14806040864672787,10.38346936088493,31.154351197667598,0.24771463797888596,2.4793196271627322,148.50824173600472,50.599086936150584
124,full_available_forecast,11.0,capacity_p95,eahpa_point,134.60813391691988,point_forecast,9110,1,79676.49483542707,79673.58750209375,2.907333333333619,0.0036489222315047327,99.97804610318332,144.9916032778048,5,0.14806040864672787,10.38346936088493,31.154351197667598,0.24771463797888596,2.4793196271627322,148.50824173600472,50.599086936150584
124,full_available_forecast,11.0,capacity_p95,eahpa_point,134.60813391691988,uncertainty_aware,9110,1,79676.49483542707,79673.58750209375,2.907333333333619,0.0036489222315047327,99.97804610318332,144.9916032778048,5,0.14806040864672787,10.38346936088493,31.154351197667598,0.24771463797888596,2.4793196271627322,148.50824173600472,50.599086936150584
124,full_available_forecast,11.0,capacity_p95,eahpa_point,134.60813391691988,uncontrolled,9110,1,79676.49483542707,79673.58750209375,2.9073333333336544,0.0036489222315047778,99.97804610318332,293.49984501380953,169,5.004441812259402,158.89171109688965,42.94874092382939,0.12801512508086055,-0.10186776711250922,0.0,0.0
124,full_available_forecast,11.0,capacity_p95,eahpa_point,134.60813391691988,valley_filling,9110,1,79676.49483542707,79673.58750209375,2.907333333333643,0.003648922231504763,99.97804610318332,107.70693708255412,0,0.0,0.0,22.25136008378264,0.34490221491780976,2.788295649921915,185.7929079312554,63.30255742469425
125,full_available_forecast,11.0,capacity_p95,prc_peak_sensitive,134.60813391691988,peak_sensitive,9110,1,79676.49483542707,79673.58750209375,2.907333333333619,0.0036489222315047327,99.97804610318332,144.9916032778048,5,0.14806040864672787,10.38346936088493,31.154351197667598,0.24771463797888596,2.4793196271627322,148.50824173600472,50.599086936150584
125,full_available_forecast,11.0,capacity_p95,prc_peak_sensitive,134.60813391691988,point_forecast,9110,1,79676.49483542707,79673.58750209375,2.907333333333619,0.0036489222315047327,99.97804610318332,144.9916032778048,5,0.14806040864672787,10.38346936088493,31.154351197667598,0.24771463797888596,2.4793196271627322,148.50824173600472,50.599086936150584
125,full_available_forecast,11.0,capacity_p95,prc_peak_sensitive,134.60813391691988,uncertainty_aware,9110,1,79676.49483542707,79673.58750209375,2.907333333333619,0.0036489222315047327,99.97804610318332,144.9916032778048,5,0.14806040864672787,10.38346936088493,31.154351197667598,0.24771463797888596,2.4793196271627322,148.50824173600472,50.599086936150584
125,full_available_forecast,11.0,capacity_p95,prc_peak_sensitive,134.60813391691988,uncontrolled,9110,1,79676.49483542707,79673.58750209375,2.9073333333336544,0.0036489222315047778,99.97804610318332,293.49984501380953,169,5.004441812259402,158.89171109688965,42.94874092382939,0.12801512508086055,-0.10186776711250922,0.0,0.0
125,full_available_forecast,11.0,capacity_p95,prc_peak_sensitive,134.60813391691988,valley_filling,9110,1,79676.49483542707,79673.58750209375,2.907333333333643,0.003648922231504763,99.97804610318332,107.70693708255412,0,0.0,0.0,22.25136008378264,0.34490221491780976,2.788295649921915,185.7929079312554,63.30255742469425
126,full_available_forecast,11.0,capacity_p95,upper_bound,134.60813391691988,peak_sensitive,9110,1,79676.49483542707,79673.58750209375,2.907333333333619,0.0036489222315047327,99.97804610318332,144.9916032778048,5,0.14806040864672787,10.38346936088493,31.154351197667598,0.24771463797888596,2.4793196271627322,148.50824173600472,50.599086936150584
126,full_available_forecast,11.0,capacity_p95,upper_bound,134.60813391691988,point_forecast,9110,1,79676.49483542707,79673.58750209375,2.907333333333619,0.0036489222315047327,99.97804610318332,144.9916032778048,5,0.14806040864672787,10.38346936088493,31.154351197667598,0.24771463797888596,2.4793196271627322,148.50824173600472,50.599086936150584
126,full_available_forecast,11.0,capacity_p95,upper_bound,134.60813391691988,uncertainty_aware,9110,1,79676.49483542707,79673.58750209375,2.907333333333619,0.0036489222315047327,99.97804610318332,144.9916032778048,5,0.14806040864672787,10.38346936088493,31.154351197667598,0.24771463797888596,2.4793196271627322,148.50824173600472,50.599086936150584
126,full_available_forecast,11.0,capacity_p95,upper_bound,134.60813391691988,uncontrolled,9110,1,79676.49483542707,79673.58750209375,2.9073333333336544,0.0036489222315047778,99.97804610318332,293.49984501380953,169,5.004441812259402,158.89171109688965,42.94874092382939,0.12801512508086055,-0.10186776711250922,0.0,0.0
126,full_available_forecast,11.0,capacity_p95,upper_bound,134.60813391691988,valley_filling,9110,1,79676.49483542707,79673.58750209375,2.907333333333643,0.003648922231504763,99.97804610318332,107.70693708255412,0,0.0,0.0,22.25136008378264,0.34490221491780976,2.788295649921915,185.7929079312554,63.30255742469425
127,full_available_forecast,11.0,capacity_p95_plus_10percent,eahpa_point,148.06894730861188,peak_sensitive,9110,1,79676.49483542707,79673.58750209375,2.9073333333336118,0.0036489222315047244,99.97804610318332,148.15689592969235,1,0.029612081729345572,0.08794862108047141,31.292066882354096,0.2423785531410921,2.4775756690709865,145.34294908411718,49.52062209003164
127,full_available_forecast,11.0,capacity_p95_plus_10percent,eahpa_point,148.06894730861188,point_forecast,9110,1,79676.49483542707,79673.58750209375,2.9073333333336118,0.0036489222315047244,99.97804610318332,148.15689592969235,1,0.029612081729345572,0.08794862108047141,31.292066882354096,0.2423785531410921,2.4775756690709865,145.34294908411718,49.52062209003164
127,full_available_forecast,11.0,capacity_p95_plus_10percent,eahpa_point,148.06894730861188,uncertainty_aware,9110,1,79676.49483542707,79673.58750209375,2.9073333333336118,0.0036489222315047244,99.97804610318332,148.15689592969235,1,0.029612081729345572,0.08794862108047141,31.292066882354096,0.2423785531410921,2.4775756690709865,145.34294908411718,49.52062209003164
127,full_available_forecast,11.0,capacity_p95_plus_10percent,eahpa_point,148.06894730861188,uncontrolled,9110,1,79676.49483542707,79673.58750209375,2.9073333333336544,0.0036489222315047778,99.97804610318332,293.49984501380953,144,4.264139769025762,145.43089770519765,42.94874092382939,0.12801512508086055,-0.10186776711250922,0.0,0.0
127,full_available_forecast,11.0,capacity_p95_plus_10percent,eahpa_point,148.06894730861188,valley_filling,9110,1,79676.49483542707,79673.58750209375,2.907333333333643,0.003648922231504763,99.97804610318332,107.70693708255412,0,0.0,0.0,22.25136008378264,0.34490221491780976,2.788295649921915,185.7929079312554,63.30255742469425
128,full_available_forecast,11.0,capacity_p95_plus_10percent,prc_peak_sensitive,148.06894730861188,peak_sensitive,9110,1,79676.49483542707,79673.58750209375,2.9073333333336118,0.0036489222315047244,99.97804610318332,148.15689592969235,1,0.029612081729345572,0.08794862108047141,31.292066882354096,0.2423785531410921,2.4775756690709865,145.34294908411718,49.52062209003164
128,full_available_forecast,11.0,capacity_p95_plus_10percent,prc_peak_sensitive,148.06894730861188,point_forecast,9110,1,79676.49483542707,79673.58750209375,2.9073333333336118,0.0036489222315047244,99.97804610318332,148.15689592969235,1,0.029612081729345572,0.08794862108047141,31.292066882354096,0.2423785531410921,2.4775756690709865,145.34294908411718,49.52062209003164
128,full_available_forecast,11.0,capacity_p95_plus_10percent,prc_peak_sensitive,148.06894730861188,uncertainty_aware,9110,1,79676.49483542707,79673.58750209375,2.9073333333336118,0.0036489222315047244,99.97804610318332,148.15689592969235,1,0.029612081729345572,0.08794862108047141,31.292066882354096,0.2423785531410921,2.4775756690709865,145.34294908411718,49.52062209003164
128,full_available_forecast,11.0,capacity_p95_plus_10percent,prc_peak_sensitive,148.06894730861188,uncontrolled,9110,1,79676.49483542707,79673.58750209375,2.9073333333336544,0.0036489222315047778,99.97804610318332,293.49984501380953,144,4.264139769025762,145.43089770519765,42.94874092382939,0.12801512508086055,-0.10186776711250922,0.0,0.0
128,full_available_forecast,11.0,capacity_p95_plus_10percent,prc_peak_sensitive,148.06894730861188,valley_filling,9110,1,79676.49483542707,79673.58750209375,2.907333333333643,0.003648922231504763,99.97804610318332,107.70693708255412,0,0.0,0.0,22.25136008378264,0.34490221491780976,2.788295649921915,185.7929079312554,63.30255742469425
129,full_available_forecast,11.0,capacity_p95_plus_10percent,upper_bound,148.06894730861188,peak_sensitive,9110,1,79676.49483542707,79673.58750209375,2.9073333333336118,0.0036489222315047244,99.97804610318332,148.15689592969235,1,0.029612081729345572,0.08794862108047141,31.292066882354096,0.2423785531410921,2.4775756690709865,145.34294908411718,49.52062209003164
129,full_available_forecast,11.0,capacity_p95_plus_10percent,upper_bound,148.06894730861188,point_forecast,9110,1,79676.49483542707,79673.58750209375,2.9073333333336118,0.0036489222315047244,99.97804610318332,148.15689592969235,1,0.029612081729345572,0.08794862108047141,31.292066882354096,0.2423785531410921,2.4775756690709865,145.34294908411718,49.52062209003164
129,full_available_forecast,11.0,capacity_p95_plus_10percent,upper_bound,148.06894730861188,uncertainty_aware,9110,1,79676.49483542707,79673.58750209375,2.9073333333336118,0.0036489222315047244,99.97804610318332,148.15689592969235,1,0.029612081729345572,0.08794862108047141,31.292066882354096,0.2423785531410921,2.4775756690709865,145.34294908411718,49.52062209003164
129,full_available_forecast,11.0,capacity_p95_plus_10percent,upper_bound,148.06894730861188,uncontrolled,9110,1,79676.49483542707,79673.58750209375,2.9073333333336544,0.0036489222315047778,99.97804610318332,293.49984501380953,144,4.264139769025762,145.43089770519765,42.94874092382939,0.12801512508086055,-0.10186776711250922,0.0,0.0
129,full_available_forecast,11.0,capacity_p95_plus_10percent,upper_bound,148.06894730861188,valley_filling,9110,1,79676.49483542707,79673.58750209375,2.907333333333643,0.003648922231504763,99.97804610318332,107.70693708255412,0,0.0,0.0,22.25136008378264,0.34490221491780976,2.788295649921915,185.7929079312554,63.30255742469425
130,full_available_forecast,11.0,capacity_historical_peak,eahpa_point,293.49984501380953,peak_sensitive,9110,1,79676.49483542707,79673.58750209375,2.90733333333361,0.0036489222315047214,99.97804610318332,178.13696283131296,0,0.0,0.0,31.39633126970295,0.20156585296464347,2.478310370273593,115.36288218249658,39.3059431350189
130,full_available_forecast,11.0,capacity_historical_peak,eahpa_point,293.49984501380953,point_forecast,9110,1,79676.49483542707,79673.58750209375,2.90733333333361,0.0036489222315047214,99.97804610318332,178.13696283131296,0,0.0,0.0,31.39633126970295,0.20156585296464347,2.478310370273593,115.36288218249658,39.3059431350189
130,full_available_forecast,11.0,capacity_historical_peak,eahpa_point,293.49984501380953,uncertainty_aware,9110,1,79676.49483542707,79673.58750209375,2.90733333333361,0.0036489222315047214,99.97804610318332,178.13696283131296,0,0.0,0.0,31.39633126970295,0.20156585296464347,2.478310370273593,115.36288218249658,39.3059431350189
130,full_available_forecast,11.0,capacity_historical_peak,eahpa_point,293.49984501380953,uncontrolled,9110,1,79676.49483542707,79673.58750209375,2.9073333333336544,0.0036489222315047778,99.97804610318332,293.49984501380953,0,0.0,0.0,42.94874092382939,0.12801512508086055,-0.10186776711250922,0.0,0.0
130,full_available_forecast,11.0,capacity_historical_peak,eahpa_point,293.49984501380953,valley_filling,9110,1,79676.49483542707,79673.58750209375,2.907333333333643,0.003648922231504763,99.97804610318332,107.70693708255412,0,0.0,0.0,22.25136008378264,0.34490221491780976,2.788295649921915,185.7929079312554,63.30255742469425
131,full_available_forecast,11.0,capacity_historical_peak,prc_peak_sensitive,293.49984501380953,peak_sensitive,9110,1,79676.49483542707,79673.58750209375,2.90733333333361,0.0036489222315047214,99.97804610318332,178.13696283131296,0,0.0,0.0,31.39633126970295,0.20156585296464347,2.478310370273593,115.36288218249658,39.3059431350189
131,full_available_forecast,11.0,capacity_historical_peak,prc_peak_sensitive,293.49984501380953,point_forecast,9110,1,79676.49483542707,79673.58750209375,2.90733333333361,0.0036489222315047214,99.97804610318332,178.13696283131296,0,0.0,0.0,31.39633126970295,0.20156585296464347,2.478310370273593,115.36288218249658,39.3059431350189
131,full_available_forecast,11.0,capacity_historical_peak,prc_peak_sensitive,293.49984501380953,uncertainty_aware,9110,1,79676.49483542707,79673.58750209375,2.90733333333361,0.0036489222315047214,99.97804610318332,178.13696283131296,0,0.0,0.0,31.39633126970295,0.20156585296464347,2.478310370273593,115.36288218249658,39.3059431350189
131,full_available_forecast,11.0,capacity_historical_peak,prc_peak_sensitive,293.49984501380953,uncontrolled,9110,1,79676.49483542707,79673.58750209375,2.9073333333336544,0.0036489222315047778,99.97804610318332,293.49984501380953,0,0.0,0.0,42.94874092382939,0.12801512508086055,-0.10186776711250922,0.0,0.0
131,full_available_forecast,11.0,capacity_historical_peak,prc_peak_sensitive,293.49984501380953,valley_filling,9110,1,79676.49483542707,79673.58750209375,2.907333333333643,0.003648922231504763,99.97804610318332,107.70693708255412,0,0.0,0.0,22.25136008378264,0.34490221491780976,2.788295649921915,185.7929079312554,63.30255742469425
132,full_available_forecast,11.0,capacity_historical_peak,upper_bound,293.49984501380953,peak_sensitive,9110,1,79676.49483542707,79673.58750209375,2.90733333333361,0.0036489222315047214,99.97804610318332,178.13696283131296,0,0.0,0.0,31.39633126970295,0.20156585296464347,2.478310370273593,115.36288218249658,39.3059431350189
132,full_available_forecast,11.0,capacity_historical_peak,upper_bound,293.49984501380953,point_forecast,9110,1,79676.49483542707,79673.58750209375,2.90733333333361,0.0036489222315047214,99.97804610318332,178.13696283131296,0,0.0,0.0,31.39633126970295,0.20156585296464347,2.478310370273593,115.36288218249658,39.3059431350189
132,full_available_forecast,11.0,capacity_historical_peak,upper_bound,293.49984501380953,uncertainty_aware,9110,1,79676.49483542707,79673.58750209375,2.90733333333361,0.0036489222315047214,99.97804610318332,178.13696283131296,0,0.0,0.0,31.39633126970295,0.20156585296464347,2.478310370273593,115.36288218249658,39.3059431350189
132,full_available_forecast,11.0,capacity_historical_peak,upper_bound,293.49984501380953,uncontrolled,9110,1,79676.49483542707,79673.58750209375,2.9073333333336544,0.0036489222315047778,99.97804610318332,293.49984501380953,0,0.0,0.0,42.94874092382939,0.12801512508086055,-0.10186776711250922,0.0,0.0
132,full_available_forecast,11.0,capacity_historical_peak,upper_bound,293.49984501380953,valley_filling,9110,1,79676.49483542707,79673.58750209375,2.907333333333643,0.003648922231504763,99.97804610318332,107.70693708255412,0,0.0,0.0,22.25136008378264,0.34490221491780976,2.788295649921915,185.7929079312554,63.30255742469425
133,full_available_forecast,11.0,capacity_mean_plus_2std,eahpa_point,123.46990121831479,peak_sensitive,9110,1,79676.49483542707,79673.58750209375,2.9073333333336153,0.0036489222315047288,99.97804610318332,134.4699012183148,7,0.207284572105419,11.0,30.91277058140839,0.2669119920833649,2.481147833068979,159.02994379549475,54.18399583414165
133,full_available_forecast,11.0,capacity_mean_plus_2std,eahpa_point,123.46990121831479,point_forecast,9110,1,79676.49483542707,79673.58750209375,2.9073333333336153,0.0036489222315047288,99.97804610318332,134.4699012183148,7,0.207284572105419,11.0,30.91277058140839,0.2669119920833649,2.481147833068979,159.02994379549475,54.18399583414165
133,full_available_forecast,11.0,capacity_mean_plus_2std,eahpa_point,123.46990121831479,uncertainty_aware,9110,1,79676.49483542707,79673.58750209375,2.9073333333336153,0.0036489222315047288,99.97804610318332,134.4699012183148,7,0.207284572105419,11.0,30.91277058140839,0.2669119920833649,2.481147833068979,159.02994379549475,54.18399583414165
133,full_available_forecast,11.0,capacity_mean_plus_2std,eahpa_point,123.46990121831479,uncontrolled,9110,1,79676.49483542707,79673.58750209375,2.9073333333336544,0.0036489222315047778,99.97804610318332,293.49984501380953,184,5.448623038199585,170.02994379549475,42.94874092382939,0.12801512508086055,-0.10186776711250922,0.0,0.0
133,full_available_forecast,11.0,capacity_mean_plus_2std,eahpa_point,123.46990121831479,valley_filling,9110,1,79676.49483542707,79673.58750209375,2.907333333333643,0.003648922231504763,99.97804610318332,107.70693708255412,0,0.0,0.0,22.25136008378264,0.34490221491780976,2.788295649921915,185.7929079312554,63.30255742469425
134,full_available_forecast,11.0,capacity_mean_plus_2std,prc_peak_sensitive,123.46990121831479,peak_sensitive,9110,1,79676.49483542707,79673.58750209375,2.9073333333336153,0.0036489222315047288,99.97804610318332,134.4699012183148,7,0.207284572105419,11.0,30.91277058140839,0.2669119920833649,2.481147833068979,159.02994379549475,54.18399583414165
134,full_available_forecast,11.0,capacity_mean_plus_2std,prc_peak_sensitive,123.46990121831479,point_forecast,9110,1,79676.49483542707,79673.58750209375,2.9073333333336153,0.0036489222315047288,99.97804610318332,134.4699012183148,7,0.207284572105419,11.0,30.91277058140839,0.2669119920833649,2.481147833068979,159.02994379549475,54.18399583414165
134,full_available_forecast,11.0,capacity_mean_plus_2std,prc_peak_sensitive,123.46990121831479,uncertainty_aware,9110,1,79676.49483542707,79673.58750209375,2.9073333333336153,0.0036489222315047288,99.97804610318332,134.4699012183148,7,0.207284572105419,11.0,30.91277058140839,0.2669119920833649,2.481147833068979,159.02994379549475,54.18399583414165
134,full_available_forecast,11.0,capacity_mean_plus_2std,prc_peak_sensitive,123.46990121831479,uncontrolled,9110,1,79676.49483542707,79673.58750209375,2.9073333333336544,0.0036489222315047778,99.97804610318332,293.49984501380953,184,5.448623038199585,170.02994379549475,42.94874092382939,0.12801512508086055,-0.10186776711250922,0.0,0.0
134,full_available_forecast,11.0,capacity_mean_plus_2std,prc_peak_sensitive,123.46990121831479,valley_filling,9110,1,79676.49483542707,79673.58750209375,2.907333333333643,0.003648922231504763,99.97804610318332,107.70693708255412,0,0.0,0.0,22.25136008378264,0.34490221491780976,2.788295649921915,185.7929079312554,63.30255742469425
135,full_available_forecast,11.0,capacity_mean_plus_2std,upper_bound,123.46990121831479,peak_sensitive,9110,1,79676.49483542707,79673.58750209375,2.9073333333336153,0.0036489222315047288,99.97804610318332,134.4699012183148,7,0.207284572105419,11.0,30.91277058140839,0.2669119920833649,2.481147833068979,159.02994379549475,54.18399583414165
135,full_available_forecast,11.0,capacity_mean_plus_2std,upper_bound,123.46990121831479,point_forecast,9110,1,79676.49483542707,79673.58750209375,2.9073333333336153,0.0036489222315047288,99.97804610318332,134.4699012183148,7,0.207284572105419,11.0,30.91277058140839,0.2669119920833649,2.481147833068979,159.02994379549475,54.18399583414165
135,full_available_forecast,11.0,capacity_mean_plus_2std,upper_bound,123.46990121831479,uncertainty_aware,9110,1,79676.49483542707,79673.58750209375,2.9073333333336153,0.0036489222315047288,99.97804610318332,134.4699012183148,7,0.207284572105419,11.0,30.91277058140839,0.2669119920833649,2.481147833068979,159.02994379549475,54.18399583414165
135,full_available_forecast,11.0,capacity_mean_plus_2std,upper_bound,123.46990121831479,uncontrolled,9110,1,79676.49483542707,79673.58750209375,2.9073333333336544,0.0036489222315047778,99.97804610318332,293.49984501380953,184,5.448623038199585,170.02994379549475,42.94874092382939,0.12801512508086055,-0.10186776711250922,0.0,0.0
135,full_available_forecast,11.0,capacity_mean_plus_2std,upper_bound,123.46990121831479,valley_filling,9110,1,79676.49483542707,79673.58750209375,2.907333333333643,0.003648922231504763,99.97804610318332,107.70693708255412,0,0.0,0.0,22.25136008378264,0.34490221491780976,2.788295649921915,185.7929079312554,63.30255742469425
