site_id,synthetic_session_id,adjustment_type,original_energy_kwh,final_energy_kwh,final_dwell_hours
Arroyo_Garage_01,11D_SYN_Arroyo_Garage_01_0000005,increased_dwell_to_make_energy_feasible,4.299,13.233,2.0050000000000003
Arroyo_Garage_01,11D_SYN_Arroyo_Garage_01_0000006,increased_dwell_to_make_energy_feasible,5.828464755076334,14.768,2.2375757575757578
Arroyo_Garage_01,11D_SYN_Arroyo_Garage_01_0000019,increased_dwell_to_make_energy_feasible,13.924,4.787,0.7253030303030303
Arroyo_Garage_01,11D_SYN_Arroyo_Garage_01_0000026,increased_dwell_to_make_energy_feasible,0.797,13.9,2.1060606060606064
Arroyo_Garage_01,11D_SYN_Arroyo_Garage_01_0000032,increased_dwell_to_make_energy_feasible,5.371986260452743,12.205,1.8492424242424244
Arroyo_Garage_01,11D_SYN_Arroyo_Garage_01_0000035,increased_dwell_to_make_energy_feasible,4.768,13.902,2.1063636363636364
Arroyo_Garage_01,11D_SYN_Arroyo_Garage_01_0000042,increased_dwell_to_make_energy_feasible,9.222,12.317,1.8662121212121214
Arroyo_Garage_01,11D_SYN_Arroyo_Garage_01_0000052,increased_dwell_to_make_energy_feasible,8.14,11.84,1.793939393939394
Arroyo_Garage_01,11D_SYN_Arroyo_Garage_01_0000059,increased_dwell_to_make_energy_feasible,5.64,14.257,2.160151515151515
Arroyo_Garage_01,11D_SYN_Arroyo_Garage_01_0000063,increased_dwell_to_make_energy_feasible,13.207,12.934,1.9596969696969697
Arroyo_Garage_01,11D_SYN_Arroyo_Garage_01_0000077,increased_dwell_to_make_energy_feasible,6.685,13.88,2.1030303030303035
Arroyo_Garage_01,11D_SYN_Arroyo_Garage_01_0000082,increased_dwell_to_make_energy_feasible,13.905,10.268,1.555757575757576
Arroyo_Garage_01,11D_SYN_Arroyo_Garage_01_0000086,increased_dwell_to_make_energy_feasible,13.937,39.406,5.970606060606061
Arroyo_Garage_01,11D_SYN_Arroyo_Garage_01_0000089,increased_dwell_to_make_energy_feasible,13.206,10.286,1.5584848484848486
Arroyo_Garage_01,11D_SYN_Arroyo_Garage_01_0000090,increased_dwell_to_make_energy_feasible,12.393,13.944,2.112727272727273
Arroyo_Garage_01,11D_SYN_Arroyo_Garage_01_0000098,increased_dwell_to_make_energy_feasible,13.29,26.054,3.9475757575757577
Arroyo_Garage_01,11D_SYN_Arroyo_Garage_01_0000102,increased_dwell_to_make_energy_feasible,13.832,13.948388055555556,2.11339212962963
Arroyo_Garage_01,11D_SYN_Arroyo_Garage_01_0000106,increased_dwell_to_make_energy_feasible,15.55,20.31,3.077272727272727
Arroyo_Garage_01,11D_SYN_Arroyo_Garage_01_0000116,increased_dwell_to_make_energy_feasible,10.477,12.353,1.8716666666666668
Arroyo_Garage_01,11D_SYN_Arroyo_Garage_01_0000123,increased_dwell_to_make_energy_feasible,3.948,16.486,2.497878787878788
Arroyo_Garage_01,11D_SYN_Arroyo_Garage_01_0000125,increased_dwell_to_make_energy_feasible,6.139,12.714,1.9263636363636365
Arroyo_Garage_01,11D_SYN_Arroyo_Garage_01_0000134,increased_dwell_to_make_energy_feasible,6.524,4.679,0.708939393939394
Arroyo_Garage_01,11D_SYN_Arroyo_Garage_01_0000138,increased_dwell_to_make_energy_feasible,12.553,11.37,1.7227272727272727
Arroyo_Garage_01,11D_SYN_Arroyo_Garage_01_0000147,increased_dwell_to_make_energy_feasible,4.912,3.891,0.5895454545454546
Arroyo_Garage_01,11D_SYN_Arroyo_Garage_01_0000151,increased_dwell_to_make_energy_feasible,3.012,13.912,2.107878787878788
Arroyo_Garage_01,11D_SYN_Arroyo_Garage_01_0000157,increased_dwell_to_make_energy_feasible,8.915,25.573,3.87469696969697
Arroyo_Garage_01,11D_SYN_Arroyo_Garage_01_0000158,increased_dwell_to_make_energy_feasible,13.917,4.471,0.6774242424242425
Arroyo_Garage_01,11D_SYN_Arroyo_Garage_01_0000164,increased_dwell_to_make_energy_feasible,6.269,13.513,2.0474242424242424
Arroyo_Garage_01,11D_SYN_Arroyo_Garage_01_0000166,increased_dwell_to_make_energy_feasible,8.417,7.676,1.163030303030303
Arroyo_Garage_01,11D_SYN_Arroyo_Garage_01_0000169,increased_dwell_to_make_energy_feasible,2.691,9.477,1.435909090909091
Arroyo_Garage_01,11D_SYN_Arroyo_Garage_01_0000182,increased_dwell_to_make_energy_feasible,1.845905017920892,16.706,2.5312121212121212
Arroyo_Garage_01,11D_SYN_Arroyo_Garage_01_0000184,increased_dwell_to_make_energy_feasible,7.312,6.402,0.9700000000000001
Arroyo_Garage_01,11D_SYN_Arroyo_Garage_01_0000210,increased_dwell_to_make_energy_feasible,6.1,6.609,1.0013636363636365
Arroyo_Garage_01,11D_SYN_Arroyo_Garage_01_0000220,increased_dwell_to_make_energy_feasible,7.288,13.899,2.105909090909091
Arroyo_Garage_01,11D_SYN_Arroyo_Garage_01_0000234,increased_dwell_to_make_energy_feasible,7.396,14.937,2.263181818181818
Arroyo_Garage_01,11D_SYN_Arroyo_Garage_01_0000239,increased_dwell_to_make_energy_feasible,13.88,16.16,2.4484848484848487
Arroyo_Garage_01,11D_SYN_Arroyo_Garage_01_0000250,increased_dwell_to_make_energy_feasible,13.927,13.262,2.0093939393939397
Arroyo_Garage_01,11D_SYN_Arroyo_Garage_01_0000257,increased_dwell_to_make_energy_feasible,13.916,13.720932499999998,2.0789291666666667
Arroyo_Garage_01,11D_SYN_Arroyo_Garage_01_0000265,increased_dwell_to_make_energy_feasible,1.715,23.00731888888889,3.485957407407408
Arroyo_Garage_01,11D_SYN_Arroyo_Garage_01_0000268,increased_dwell_to_make_energy_feasible,1.61,13.879,2.102878787878788
Arroyo_Garage_01,11D_SYN_Arroyo_Garage_01_0000274,increased_dwell_to_make_energy_feasible,2.498,13.259,2.0089393939393942
Arroyo_Garage_01,11D_SYN_Arroyo_Garage_01_0000278,increased_dwell_to_make_energy_feasible,11.105,13.986,2.119090909090909
Arroyo_Garage_01,11D_SYN_Arroyo_Garage_01_0000282,increased_dwell_to_make_energy_feasible,5.837,12.714,1.9263636363636365
Arroyo_Garage_01,11D_SYN_Arroyo_Garage_01_0000286,increased_dwell_to_make_energy_feasible,3.293,6.563,0.9943939393939394
Arroyo_Garage_01,11D_SYN_Arroyo_Garage_01_0000293,increased_dwell_to_make_energy_feasible,13.678,4.263,0.6459090909090909
Arroyo_Garage_01,11D_SYN_Arroyo_Garage_01_0000300,increased_dwell_to_make_energy_feasible,3.051,26.378,3.996666666666667
Arroyo_Garage_01,11D_SYN_Arroyo_Garage_01_0000301,increased_dwell_to_make_energy_feasible,13.756,16.514,2.502121212121212
Arroyo_Garage_01,11D_SYN_Arroyo_Garage_01_0000305,increased_dwell_to_make_energy_feasible,10.694,12.557,1.9025757575757578
Arroyo_Garage_01,11D_SYN_Arroyo_Garage_01_0000323,increased_dwell_to_make_energy_feasible,7.26896505376132,21.543,3.264090909090909
Arroyo_Garage_01,11D_SYN_Arroyo_Garage_01_0000326,increased_dwell_to_make_energy_feasible,13.183,13.2,2.0
Arroyo_Garage_01,11D_SYN_Arroyo_Garage_01_0000333,increased_dwell_to_make_energy_feasible,10.815,8.595,1.3022727272727275
Arroyo_Garage_01,11D_SYN_Arroyo_Garage_01_0000334,increased_dwell_to_make_energy_feasible,13.941,13.197,1.9995454545454545
Arroyo_Garage_01,11D_SYN_Arroyo_Garage_01_0000341,increased_dwell_to_make_energy_feasible,1.313,10.426,1.5796969696969698
Arroyo_Garage_01,11D_SYN_Arroyo_Garage_01_0000344,increased_dwell_to_make_energy_feasible,3.388,10.298,1.5603030303030303
Arroyo_Garage_01,11D_SYN_Arroyo_Garage_01_0000345,increased_dwell_to_make_energy_feasible,1.36,11.133,1.6868181818181818
Arroyo_Garage_01,11D_SYN_Arroyo_Garage_01_0000351,increased_dwell_to_make_energy_feasible,1.983,4.493,0.6807575757575759
Arroyo_Garage_01,11D_SYN_Arroyo_Garage_01_0000355,increased_dwell_to_make_energy_feasible,8.596,13.009,1.9710606060606062
Arroyo_Garage_01,11D_SYN_Arroyo_Garage_01_0000357,increased_dwell_to_make_energy_feasible,5.924,20.65,3.128787878787879
Arroyo_Garage_01,11D_SYN_Arroyo_Garage_01_0000359,increased_dwell_to_make_energy_feasible,4.277,13.874,2.1021212121212125
Arroyo_Garage_01,11D_SYN_Arroyo_Garage_01_0000366,increased_dwell_to_make_energy_feasible,13.88,4.918,0.7451515151515152
Arroyo_Garage_01,11D_SYN_Arroyo_Garage_01_0000376,increased_dwell_to_make_energy_feasible,22.756,9.105,1.3795454545454546
Arroyo_Garage_01,11D_SYN_Arroyo_Garage_01_0000386,increased_dwell_to_make_energy_feasible,0.915,13.277,2.0116666666666667
Arroyo_Garage_01,11D_SYN_Arroyo_Garage_01_0000391,increased_dwell_to_make_energy_feasible,5.304,11.806,1.7887878787878788
Arroyo_Garage_01,11D_SYN_Arroyo_Garage_01_0000406,increased_dwell_to_make_energy_feasible,4.712,16.661,2.52439393939394
Arroyo_Garage_01,11D_SYN_Arroyo_Garage_01_0000410,increased_dwell_to_make_energy_feasible,13.794,12.37,1.8742424242424243
Arroyo_Garage_01,11D_SYN_Arroyo_Garage_01_0000414,increased_dwell_to_make_energy_feasible,0.987,5.922,0.8972727272727272
Arroyo_Garage_01,11D_SYN_Arroyo_Garage_01_0000418,increased_dwell_to_make_energy_feasible,2.988,7.884,1.1945454545454546
Arroyo_Garage_01,11D_SYN_Arroyo_Garage_01_0000429,increased_dwell_to_make_energy_feasible,13.897,13.92,2.1090909090909093
Arroyo_Garage_01,11D_SYN_Arroyo_Garage_01_0000445,increased_dwell_to_make_energy_feasible,13.92,12.95,1.9621212121212122
Arroyo_Garage_01,11D_SYN_Arroyo_Garage_01_0000447,increased_dwell_to_make_energy_feasible,2.187,13.946,2.1130303030303033
Arroyo_Garage_01,11D_SYN_Arroyo_Garage_01_0000455,increased_dwell_to_make_energy_feasible,5.179,25.901,3.9243939393939398
Arroyo_Garage_01,11D_SYN_Arroyo_Garage_01_0000459,increased_dwell_to_make_energy_feasible,8.12,39.829,6.03469696969697
Arroyo_Garage_01,11D_SYN_Arroyo_Garage_01_0000461,increased_dwell_to_make_energy_feasible,2.798,13.894,2.1051515151515154
Arroyo_Garage_01,11D_SYN_Arroyo_Garage_01_0000462,increased_dwell_to_make_energy_feasible,4.992,27.014,4.093030303030303
Arroyo_Garage_01,11D_SYN_Arroyo_Garage_01_0000467,increased_dwell_to_make_energy_feasible,13.927,13.874,2.1021212121212125
Arroyo_Garage_01,11D_SYN_Arroyo_Garage_01_0000468,increased_dwell_to_make_energy_feasible,11.784,7.319,1.108939393939394
Arroyo_Garage_01,11D_SYN_Arroyo_Garage_01_0000471,increased_dwell_to_make_energy_feasible,13.858,6.964,1.0551515151515152
Arroyo_Garage_01,11D_SYN_Arroyo_Garage_01_0000484,increased_dwell_to_make_energy_feasible,13.896,5.466,0.8281818181818182
Arroyo_Garage_01,11D_SYN_Arroyo_Garage_01_0000487,increased_dwell_to_make_energy_feasible,7.226,10.541,1.5971212121212122
Arroyo_Garage_01,11D_SYN_Arroyo_Garage_01_0000505,increased_dwell_to_make_energy_feasible,8.375,13.792340833333334,2.089748611111111
Arroyo_Garage_01,11D_SYN_Arroyo_Garage_01_0000512,increased_dwell_to_make_energy_feasible,3.72,13.905,2.106818181818182
Arroyo_Garage_01,11D_SYN_Arroyo_Garage_01_0000520,increased_dwell_to_make_energy_feasible,13.938,2.429,0.36803030303030304
Arroyo_Garage_01,11D_SYN_Arroyo_Garage_01_0000526,increased_dwell_to_make_energy_feasible,12.197,15.998,2.423939393939394
Arroyo_Garage_01,11D_SYN_Arroyo_Garage_01_0000548,increased_dwell_to_make_energy_feasible,12.411,3.2,0.4848484848484849
Arroyo_Garage_01,11D_SYN_Arroyo_Garage_01_0000552,increased_dwell_to_make_energy_feasible,0.857,13.902,2.1063636363636364
Arroyo_Garage_01,11D_SYN_Arroyo_Garage_01_0000554,increased_dwell_to_make_energy_feasible,0.523,6.093,0.9231818181818182
Arroyo_Garage_01,11D_SYN_Arroyo_Garage_01_0000558,increased_dwell_to_make_energy_feasible,2.044121863798499,7.947,1.204090909090909
Arroyo_Garage_01,11D_SYN_Arroyo_Garage_01_0000566,increased_dwell_to_make_energy_feasible,0.933,13.23,2.004545454545455
Arroyo_Garage_01,11D_SYN_Arroyo_Garage_01_0000571,increased_dwell_to_make_energy_feasible,14.253,8.992,1.3624242424242425
Arroyo_Garage_01,11D_SYN_Arroyo_Garage_01_0000572,increased_dwell_to_make_energy_feasible,5.654,12.552,1.9018181818181819
Arroyo_Garage_01,11D_SYN_Arroyo_Garage_01_0000574,increased_dwell_to_make_energy_feasible,5.591,13.916,2.108484848484849
Arroyo_Garage_01,11D_SYN_Arroyo_Garage_01_0000585,increased_dwell_to_make_energy_feasible,16.963,13.451,2.038030303030303
Arroyo_Garage_01,11D_SYN_Arroyo_Garage_01_0000587,increased_dwell_to_make_energy_feasible,4.827,32.912,4.986666666666666
Arroyo_Garage_01,11D_SYN_Arroyo_Garage_01_0000592,increased_dwell_to_make_energy_feasible,9.441,13.893,2.1050000000000004
Arroyo_Garage_01,11D_SYN_Arroyo_Garage_01_0000596,increased_dwell_to_make_energy_feasible,4.898143667860633,7.216,1.0933333333333335
Arroyo_Garage_01,11D_SYN_Arroyo_Garage_01_0000610,increased_dwell_to_make_energy_feasible,2.812,13.45,2.037878787878788
Arroyo_Garage_01,11D_SYN_Arroyo_Garage_01_0000618,increased_dwell_to_make_energy_feasible,1.511,13.91,2.107575757575758
Arroyo_Garage_01,11D_SYN_Arroyo_Garage_01_0000619,increased_dwell_to_make_energy_feasible,2.284,12.395,1.8780303030303032
Arroyo_Garage_01,11D_SYN_Arroyo_Garage_01_0000634,increased_dwell_to_make_energy_feasible,13.927,11.67,1.7681818181818183
Arroyo_Garage_01,11D_SYN_Arroyo_Garage_01_0000635,increased_dwell_to_make_energy_feasible,8.478,6.378,0.9663636363636364
Arroyo_Garage_01,11D_SYN_Arroyo_Garage_01_0000639,increased_dwell_to_make_energy_feasible,5.235,5.98,0.9060606060606061
Arroyo_Garage_01,11D_SYN_Arroyo_Garage_01_0000645,increased_dwell_to_make_energy_feasible,4.673,11.082,1.6790909090909092
Arroyo_Garage_01,11D_SYN_Arroyo_Garage_01_0000646,increased_dwell_to_make_energy_feasible,13.899,17.954,2.7203030303030307
Arroyo_Garage_01,11D_SYN_Arroyo_Garage_01_0000651,increased_dwell_to_make_energy_feasible,3.515,18.423,2.791363636363636
Arroyo_Garage_01,11D_SYN_Arroyo_Garage_01_0000657,increased_dwell_to_make_energy_feasible,0.699,14.058,2.13
Arroyo_Garage_01,11D_SYN_Arroyo_Garage_01_0000659,increased_dwell_to_make_energy_feasible,8.063,6.29,0.9530303030303031
Arroyo_Garage_01,11D_SYN_Arroyo_Garage_01_0000660,increased_dwell_to_make_energy_feasible,9.885,10.286,1.5584848484848486
Arroyo_Garage_01,11D_SYN_Arroyo_Garage_01_0000661,increased_dwell_to_make_energy_feasible,0.756,12.886,1.9524242424242424
Arroyo_Garage_01,11D_SYN_Arroyo_Garage_01_0000674,increased_dwell_to_make_energy_feasible,12.829,10.833,1.6413636363636366
Arroyo_Garage_01,11D_SYN_Arroyo_Garage_01_0000675,increased_dwell_to_make_energy_feasible,6.558,16.746,2.537272727272727
Arroyo_Garage_01,11D_SYN_Arroyo_Garage_01_0000676,increased_dwell_to_make_energy_feasible,13.977,18.161,2.751666666666667
Arroyo_Garage_01,11D_SYN_Arroyo_Garage_01_0000677,increased_dwell_to_make_energy_feasible,3.819,16.528,2.5042424242424244
Arroyo_Garage_01,11D_SYN_Arroyo_Garage_01_0000678,increased_dwell_to_make_energy_feasible,11.429,14.785,2.2401515151515152
Arroyo_Garage_01,11D_SYN_Arroyo_Garage_01_0000686,increased_dwell_to_make_energy_feasible,13.903,4.893,0.7413636363636363
Arroyo_Garage_01,11D_SYN_Arroyo_Garage_01_0000688,increased_dwell_to_make_energy_feasible,13.893,10.893,1.6504545454545456
Arroyo_Garage_01,11D_SYN_Arroyo_Garage_01_0000689,increased_dwell_to_make_energy_feasible,3.802,10.116,1.5327272727272727
Arroyo_Garage_01,11D_SYN_Arroyo_Garage_01_0000695,increased_dwell_to_make_energy_feasible,5.83,4.036,0.6115151515151515
Arroyo_Garage_01,11D_SYN_Arroyo_Garage_01_0000698,increased_dwell_to_make_energy_feasible,4.672,8.257,1.251060606060606
Arroyo_Garage_01,11D_SYN_Arroyo_Garage_01_0000703,increased_dwell_to_make_energy_feasible,2.929,11.983,1.815606060606061
Arroyo_Garage_01,11D_SYN_Arroyo_Garage_01_0000723,increased_dwell_to_make_energy_feasible,5.835,29.99,4.543939393939394
Arroyo_Garage_01,11D_SYN_Arroyo_Garage_01_0000725,increased_dwell_to_make_energy_feasible,5.89,13.396,2.0296969696969698
Arroyo_Garage_01,11D_SYN_Arroyo_Garage_01_0000726,increased_dwell_to_make_energy_feasible,6.641,13.937,2.111666666666667
Arroyo_Garage_01,11D_SYN_Arroyo_Garage_01_0000736,increased_dwell_to_make_energy_feasible,9.649,11.099,1.6816666666666669
Arroyo_Garage_01,11D_SYN_Arroyo_Garage_01_0000738,increased_dwell_to_make_energy_feasible,5.163,14.579,2.208939393939394
Arroyo_Garage_01,11D_SYN_Arroyo_Garage_01_0000746,increased_dwell_to_make_energy_feasible,3.986,15.439,2.3392424242424243
Arroyo_Garage_01,11D_SYN_Arroyo_Garage_01_0000750,increased_dwell_to_make_energy_feasible,10.444,11.168,1.6921212121212121
Arroyo_Garage_01,11D_SYN_Arroyo_Garage_01_0000754,increased_dwell_to_make_energy_feasible,12.168,4.735,0.7174242424242425
Arroyo_Garage_01,11D_SYN_Arroyo_Garage_01_0000760,increased_dwell_to_make_energy_feasible,4.509,13.877,2.102575757575758
Arroyo_Garage_01,11D_SYN_Arroyo_Garage_01_0000769,increased_dwell_to_make_energy_feasible,2.525,6.723,1.0186363636363636
Arroyo_Garage_01,11D_SYN_Arroyo_Garage_01_0000770,increased_dwell_to_make_energy_feasible,5.177,9.014,1.3657575757575757
Arroyo_Garage_01,11D_SYN_Arroyo_Garage_01_0000777,increased_dwell_to_make_energy_feasible,12.269,18.201,2.757727272727273
Arroyo_Garage_01,11D_SYN_Arroyo_Garage_01_0000785,increased_dwell_to_make_energy_feasible,13.884,12.411,1.8804545454545456
Arroyo_Garage_01,11D_SYN_Arroyo_Garage_01_0000801,increased_dwell_to_make_energy_feasible,13.721,15.232,2.307878787878788
Arroyo_Garage_01,11D_SYN_Arroyo_Garage_01_0000805,increased_dwell_to_make_energy_feasible,10.27292562725841,13.878,2.102727272727273
Arroyo_Garage_01,11D_SYN_Arroyo_Garage_01_0000806,increased_dwell_to_make_energy_feasible,14.005,7.253,1.098939393939394
Arroyo_Garage_01,11D_SYN_Arroyo_Garage_01_0000825,increased_dwell_to_make_energy_feasible,6.787,14.219,2.1543939393939393
Arroyo_Garage_01,11D_SYN_Arroyo_Garage_01_0000829,increased_dwell_to_make_energy_feasible,13.256,3.236,0.49030303030303035
Arroyo_Garage_01,11D_SYN_Arroyo_Garage_01_0000841,increased_dwell_to_make_energy_feasible,3.765,12.597,1.9086363636363637
Arroyo_Garage_01,11D_SYN_Arroyo_Garage_01_0000843,increased_dwell_to_make_energy_feasible,10.853,13.913,2.1080303030303034
Arroyo_Garage_01,11D_SYN_Arroyo_Garage_01_0000846,increased_dwell_to_make_energy_feasible,13.886,5.554590555555556,0.8416046296296298
Arroyo_Garage_01,11D_SYN_Arroyo_Garage_01_0000855,increased_dwell_to_make_energy_feasible,10.174,8.681,1.3153030303030302
Arroyo_Garage_01,11D_SYN_Arroyo_Garage_01_0000869,increased_dwell_to_make_energy_feasible,10.434,11.681,1.7698484848484848
Arroyo_Garage_01,11D_SYN_Arroyo_Garage_01_0000874,increased_dwell_to_make_energy_feasible,1.24,13.99,2.1196969696969696
Arroyo_Garage_01,11D_SYN_Arroyo_Garage_01_0000878,increased_dwell_to_make_energy_feasible,3.871,11.891,1.8016666666666667
Arroyo_Garage_01,11D_SYN_Arroyo_Garage_01_0000882,increased_dwell_to_make_energy_feasible,5.104,9.244,1.4006060606060606
Arroyo_Garage_01,11D_SYN_Arroyo_Garage_01_0000886,increased_dwell_to_make_energy_feasible,3.218,6.907,1.0465151515151516
Arroyo_Garage_01,11D_SYN_Arroyo_Garage_01_0000888,increased_dwell_to_make_energy_feasible,0.945,15.935,2.4143939393939395
Arroyo_Garage_01,11D_SYN_Arroyo_Garage_01_0000896,increased_dwell_to_make_energy_feasible,9.677,11.034,1.671818181818182
Arroyo_Garage_01,11D_SYN_Arroyo_Garage_01_0000904,increased_dwell_to_make_energy_feasible,5.379,13.985,2.118939393939394
Arroyo_Garage_01,11D_SYN_Arroyo_Garage_01_0000934,increased_dwell_to_make_energy_feasible,0.588,11.217,1.6995454545454547
Arroyo_Garage_01,11D_SYN_Arroyo_Garage_01_0000935,increased_dwell_to_make_energy_feasible,13.896,13.196,1.9993939393939395
Arroyo_Garage_01,11D_SYN_Arroyo_Garage_01_0000943,increased_dwell_to_make_energy_feasible,1.145,38.76,5.872727272727273
Arroyo_Garage_01,11D_SYN_Arroyo_Garage_01_0000945,increased_dwell_to_make_energy_feasible,8.764,13.879,2.102878787878788
Arroyo_Garage_01,11D_SYN_Arroyo_Garage_01_0000955,increased_dwell_to_make_energy_feasible,6.325,11.068,1.676969696969697
Arroyo_Garage_01,11D_SYN_Arroyo_Garage_01_0000959,increased_dwell_to_make_energy_feasible,4.119,34.095,5.165909090909091
Arroyo_Garage_01,11D_SYN_Arroyo_Garage_01_0000968,increased_dwell_to_make_energy_feasible,5.121,8.809,1.3346969696969697
Arroyo_Garage_01,11D_SYN_Arroyo_Garage_01_0000981,increased_dwell_to_make_energy_feasible,2.605109020309452,6.432,0.9745454545454546
Arroyo_Garage_01,11D_SYN_Arroyo_Garage_01_0000982,increased_dwell_to_make_energy_feasible,24.273,11.608,1.758787878787879
Arroyo_Garage_01,11D_SYN_Arroyo_Garage_01_0000983,increased_dwell_to_make_energy_feasible,15.284,13.917,2.108636363636364
Arroyo_Garage_01,11D_SYN_Arroyo_Garage_01_0000986,increased_dwell_to_make_energy_feasible,4.019,15.275,2.3143939393939394
Arroyo_Garage_01,11D_SYN_Arroyo_Garage_01_0000992,increased_dwell_to_make_energy_feasible,7.708,16.86,2.5545454545454547
Arroyo_Garage_01,11D_SYN_Arroyo_Garage_01_0000999,increased_dwell_to_make_energy_feasible,13.196,13.919,2.1089393939393943
Arroyo_Garage_01,11D_SYN_Arroyo_Garage_01_0001007,increased_dwell_to_make_energy_feasible,4.552,5.861,0.8880303030303031
Arroyo_Garage_01,11D_SYN_Arroyo_Garage_01_0001017,increased_dwell_to_make_energy_feasible,13.229,10.439,1.5816666666666668
Arroyo_Garage_01,11D_SYN_Arroyo_Garage_01_0001021,increased_dwell_to_make_energy_feasible,1.107,6.811,1.031969696969697
Arroyo_Garage_01,11D_SYN_Arroyo_Garage_01_0001024,increased_dwell_to_make_energy_feasible,2.521,39.911,6.047121212121213
Arroyo_Garage_01,11D_SYN_Arroyo_Garage_01_0001032,increased_dwell_to_make_energy_feasible,4.687035543607725,24.056,3.644848484848485
Arroyo_Garage_01,11D_SYN_Arroyo_Garage_01_0001036,increased_dwell_to_make_energy_feasible,13.196,12.314,1.865757575757576
Arroyo_Garage_01,11D_SYN_Arroyo_Garage_01_0001037,increased_dwell_to_make_energy_feasible,4.562,4.81,0.7287878787878788
Arroyo_Garage_01,11D_SYN_Arroyo_Garage_01_0001044,increased_dwell_to_make_energy_feasible,6.003,13.893,2.1050000000000004
Arroyo_Garage_01,11D_SYN_Arroyo_Garage_01_0001049,increased_dwell_to_make_energy_feasible,10.867,5.496,0.8327272727272729
Arroyo_Garage_01,11D_SYN_Arroyo_Garage_01_0001050,increased_dwell_to_make_energy_feasible,6.969,13.901,2.1062121212121214
Arroyo_Garage_01,11D_SYN_Arroyo_Garage_01_0001066,increased_dwell_to_make_energy_feasible,9.431,19.453,2.9474242424242423
Arroyo_Garage_01,11D_SYN_Arroyo_Garage_01_0001072,increased_dwell_to_make_energy_feasible,8.944,13.913,2.1080303030303034
Arroyo_Garage_01,11D_SYN_Arroyo_Garage_01_0001076,increased_dwell_to_make_energy_feasible,8.535,12.195,1.8477272727272729
Arroyo_Garage_01,11D_SYN_Arroyo_Garage_01_0001089,increased_dwell_to_make_energy_feasible,3.773,14.760188172050436,2.236392147280369
Arroyo_Garage_01,11D_SYN_Arroyo_Garage_01_0001091,increased_dwell_to_make_energy_feasible,9.778,13.901,2.1062121212121214
Arroyo_Garage_01,11D_SYN_Arroyo_Garage_01_0001097,increased_dwell_to_make_energy_feasible,13.89,14.552951015528256,2.204992578110342
Arroyo_Garage_01,11D_SYN_Arroyo_Garage_01_0001101,increased_dwell_to_make_energy_feasible,1.007,6.15,0.9318181818181819
Arroyo_Garage_01,11D_SYN_Arroyo_Garage_01_0001107,increased_dwell_to_make_energy_feasible,1.381,11.146,1.688787878787879
Arroyo_Garage_01,11D_SYN_Arroyo_Garage_01_0001114,increased_dwell_to_make_energy_feasible,12.19,12.983,1.9671212121212123
Arroyo_Garage_01,11D_SYN_Arroyo_Garage_01_0001117,increased_dwell_to_make_energy_feasible,9.345,13.88,2.1030303030303035
Arroyo_Garage_01,11D_SYN_Arroyo_Garage_01_0001120,increased_dwell_to_make_energy_feasible,13.895,13.508,2.046666666666667
Arroyo_Garage_01,11D_SYN_Arroyo_Garage_01_0001122,increased_dwell_to_make_energy_feasible,13.994,12.66,1.9181818181818182
Arroyo_Garage_01,11D_SYN_Arroyo_Garage_01_0001126,increased_dwell_to_make_energy_feasible,6.506,6.866,1.0403030303030303
Arroyo_Garage_01,11D_SYN_Arroyo_Garage_01_0001129,increased_dwell_to_make_energy_feasible,7.723838112300514,7.45,1.128787878787879
Arroyo_Garage_01,11D_SYN_Arroyo_Garage_01_0001130,increased_dwell_to_make_energy_feasible,2.72,15.284,2.315757575757576
Arroyo_Garage_01,11D_SYN_Arroyo_Garage_01_0001132,increased_dwell_to_make_energy_feasible,23.303,8.499,1.2877272727272728
Arroyo_Garage_01,11D_SYN_Arroyo_Garage_01_0001136,increased_dwell_to_make_energy_feasible,6.473118279568481,6.16,0.9333333333333335
Arroyo_Garage_01,11D_SYN_Arroyo_Garage_01_0001139,increased_dwell_to_make_energy_feasible,5.159,5.367,0.8131818181818182
Arroyo_Garage_01,11D_SYN_Arroyo_Garage_01_0001141,increased_dwell_to_make_energy_feasible,9.774,8.61,1.3045454545454545
Arroyo_Garage_01,11D_SYN_Arroyo_Garage_01_0001145,increased_dwell_to_make_energy_feasible,14.255,13.89,2.104545454545455
Arroyo_Garage_01,11D_SYN_Arroyo_Garage_01_0001146,increased_dwell_to_make_energy_feasible,10.038,16.266,2.4645454545454544
Arroyo_Garage_01,11D_SYN_Arroyo_Garage_01_0001150,increased_dwell_to_make_energy_feasible,2.623,10.927,1.6556060606060605
Arroyo_Garage_01,11D_SYN_Arroyo_Garage_01_0001170,increased_dwell_to_make_energy_feasible,0.928,8.540825866187602,1.2940645251799396
Arroyo_Garage_01,11D_SYN_Arroyo_Garage_01_0001174,increased_dwell_to_make_energy_feasible,6.686,12.643,1.9156060606060608
Arroyo_Garage_01,11D_SYN_Arroyo_Garage_01_0001175,increased_dwell_to_make_energy_feasible,4.504,13.877,2.102575757575758
Arroyo_Garage_01,11D_SYN_Arroyo_Garage_01_0001179,increased_dwell_to_make_energy_feasible,2.101,13.793,2.089848484848485
Arroyo_Garage_01,11D_SYN_Arroyo_Garage_01_0001184,increased_dwell_to_make_energy_feasible,8.529,14.130797491038434,2.1410299228846115
Arroyo_Garage_01,11D_SYN_Arroyo_Garage_01_0001203,increased_dwell_to_make_energy_feasible,0.6520127777777778,19.034,2.883939393939394
Arroyo_Garage_01,11D_SYN_Arroyo_Garage_01_0001212,increased_dwell_to_make_energy_feasible,1.633,10.744,1.627878787878788
Arroyo_Garage_01,11D_SYN_Arroyo_Garage_01_0001215,increased_dwell_to_make_energy_feasible,5.955,6.451,0.9774242424242424
Arroyo_Garage_01,11D_SYN_Arroyo_Garage_01_0001218,increased_dwell_to_make_energy_feasible,13.872,4.846,0.7342424242424243
Arroyo_Garage_01,11D_SYN_Arroyo_Garage_01_0001220,increased_dwell_to_make_energy_feasible,13.924,2.357,0.3571212121212122
Arroyo_Garage_01,11D_SYN_Arroyo_Garage_01_0001227,increased_dwell_to_make_energy_feasible,9.134,13.958,2.114848484848485
Arroyo_Garage_01,11D_SYN_Arroyo_Garage_01_0001235,increased_dwell_to_make_energy_feasible,7.667,13.227,2.0040909090909094
Arroyo_Garage_01,11D_SYN_Arroyo_Garage_01_0001237,increased_dwell_to_make_energy_feasible,9.357,7.198,1.0906060606060608
Arroyo_Garage_01,11D_SYN_Arroyo_Garage_01_0001238,increased_dwell_to_make_energy_feasible,4.543,7.826,1.1857575757575758
Arroyo_Garage_01,11D_SYN_Arroyo_Garage_01_0001239,increased_dwell_to_make_energy_feasible,1.948,6.143,0.9307575757575758
Arroyo_Garage_01,11D_SYN_Arroyo_Garage_01_0001243,increased_dwell_to_make_energy_feasible,20.275,6.026,0.9130303030303031
Arroyo_Garage_01,11D_SYN_Arroyo_Garage_01_0001245,increased_dwell_to_make_energy_feasible,5.479,13.424,2.033939393939394
Arroyo_Garage_01,11D_SYN_Arroyo_Garage_01_0001253,increased_dwell_to_make_energy_feasible,3.255,13.213,2.001969696969697
Arroyo_Garage_01,11D_SYN_Arroyo_Garage_01_0001257,increased_dwell_to_make_energy_feasible,15.205,8.0,1.2121212121212122
Arroyo_Garage_01,11D_SYN_Arroyo_Garage_01_0001261,increased_dwell_to_make_energy_feasible,16.604,5.963,0.9034848484848486
Arroyo_Garage_01,11D_SYN_Arroyo_Garage_01_0001263,increased_dwell_to_make_energy_feasible,4.21,29.475,4.465909090909092
Arroyo_Garage_01,11D_SYN_Arroyo_Garage_01_0001271,increased_dwell_to_make_energy_feasible,11.882,13.662,2.0700000000000003
Arroyo_Garage_01,11D_SYN_Arroyo_Garage_01_0001277,increased_dwell_to_make_energy_feasible,4.603,23.88,3.618181818181818
Arroyo_Garage_01,11D_SYN_Arroyo_Garage_01_0001278,increased_dwell_to_make_energy_feasible,11.901,37.14,5.627272727272728
Arroyo_Garage_01,11D_SYN_Arroyo_Garage_01_0001284,increased_dwell_to_make_energy_feasible,2.521,14.047,2.1283333333333334
Arroyo_Garage_01,11D_SYN_Arroyo_Garage_01_0001287,increased_dwell_to_make_energy_feasible,12.019,17.468,2.646666666666667
Arroyo_Garage_01,11D_SYN_Arroyo_Garage_01_0001298,increased_dwell_to_make_energy_feasible,4.097,12.066,1.8281818181818184
Arroyo_Garage_01,11D_SYN_Arroyo_Garage_01_0001302,increased_dwell_to_make_energy_feasible,10.738,7.491,1.135
Arroyo_Garage_01,11D_SYN_Arroyo_Garage_01_0001306,increased_dwell_to_make_energy_feasible,4.178,13.917,2.108636363636364
Arroyo_Garage_01,11D_SYN_Arroyo_Garage_01_0001307,increased_dwell_to_make_energy_feasible,11.181,13.216,2.0024242424242424
Arroyo_Garage_01,11D_SYN_Arroyo_Garage_01_0001322,increased_dwell_to_make_energy_feasible,2.791,18.87093488650053,2.8592325585606866
Arroyo_Garage_01,11D_SYN_Arroyo_Garage_01_0001323,increased_dwell_to_make_energy_feasible,8.169,20.604,3.121818181818182
Arroyo_Garage_01,11D_SYN_Arroyo_Garage_01_0001326,increased_dwell_to_make_energy_feasible,9.893,15.143,2.2943939393939394
Arroyo_Garage_01,11D_SYN_Arroyo_Garage_01_0001330,increased_dwell_to_make_energy_feasible,4.382,10.567,1.601060606060606
Arroyo_Garage_01,11D_SYN_Arroyo_Garage_01_0001337,increased_dwell_to_make_energy_feasible,13.889,6.322,0.9578787878787879
Arroyo_Garage_01,11D_SYN_Arroyo_Garage_01_0001377,increased_dwell_to_make_energy_feasible,4.302,13.899,2.105909090909091
Arroyo_Garage_01,11D_SYN_Arroyo_Garage_01_0001385,increased_dwell_to_make_energy_feasible,9.857,3.652,0.5533333333333333
Arroyo_Garage_01,11D_SYN_Arroyo_Garage_01_0001386,increased_dwell_to_make_energy_feasible,5.243,10.605,1.606818181818182
Arroyo_Garage_01,11D_SYN_Arroyo_Garage_01_0001391,increased_dwell_to_make_energy_feasible,5.568,15.692,2.377575757575758
Arroyo_Garage_01,11D_SYN_Arroyo_Garage_01_0001394,increased_dwell_to_make_energy_feasible,3.782,13.898,2.105757575757576
Arroyo_Garage_01,11D_SYN_Arroyo_Garage_01_0001395,increased_dwell_to_make_energy_feasible,4.035,13.879,2.102878787878788
Arroyo_Garage_01,11D_SYN_Arroyo_Garage_01_0001403,increased_dwell_to_make_energy_feasible,10.665,13.901,2.1062121212121214
Arroyo_Garage_01,11D_SYN_Arroyo_Garage_01_0001410,increased_dwell_to_make_energy_feasible,9.477,30.981,4.694090909090909
Arroyo_Garage_01,11D_SYN_Arroyo_Garage_01_0001413,increased_dwell_to_make_energy_feasible,7.442,13.899,2.105909090909091
Arroyo_Garage_01,11D_SYN_Arroyo_Garage_01_0001415,increased_dwell_to_make_energy_feasible,14.909,12.668,1.9193939393939394
Arroyo_Garage_01,11D_SYN_Arroyo_Garage_01_0001420,increased_dwell_to_make_energy_feasible,6.392,13.965,2.115909090909091
Arroyo_Garage_01,11D_SYN_Arroyo_Garage_01_0001421,increased_dwell_to_make_energy_feasible,13.267,7.659,1.1604545454545454
Arroyo_Garage_01,11D_SYN_Arroyo_Garage_01_0001423,increased_dwell_to_make_energy_feasible,13.909,6.085,0.921969696969697
Arroyo_Garage_01,11D_SYN_Arroyo_Garage_01_0001425,increased_dwell_to_make_energy_feasible,6.549,15.871,2.4046969696969698
Arroyo_Garage_01,11D_SYN_Arroyo_Garage_01_0001437,increased_dwell_to_make_energy_feasible,13.894,14.188786944444448,2.1498162037037045
Arroyo_Garage_01,11D_SYN_Arroyo_Garage_01_0001443,increased_dwell_to_make_energy_feasible,0.632,5.551,0.8410606060606062
Arroyo_Garage_01,11D_SYN_Arroyo_Garage_01_0001451,increased_dwell_to_make_energy_feasible,12.163,1.834,0.2778787878787879
Arroyo_Garage_01,11D_SYN_Arroyo_Garage_01_0001457,increased_dwell_to_make_energy_feasible,7.729,10.349,1.568030303030303
Arroyo_Garage_01,11D_SYN_Arroyo_Garage_01_0001459,increased_dwell_to_make_energy_feasible,13.288,13.918,2.108787878787879
Arroyo_Garage_01,11D_SYN_Arroyo_Garage_01_0001460,increased_dwell_to_make_energy_feasible,13.1,12.737,1.929848484848485
Arroyo_Garage_01,11D_SYN_Arroyo_Garage_01_0001473,increased_dwell_to_make_energy_feasible,1.831132019115,6.589,0.9983333333333334
Arroyo_Garage_01,11D_SYN_Arroyo_Garage_01_0001484,increased_dwell_to_make_energy_feasible,5.154,10.374,1.571818181818182
Arroyo_Garage_01,11D_SYN_Arroyo_Garage_01_0001488,increased_dwell_to_make_energy_feasible,2.969,11.377,1.723787878787879
Arroyo_Garage_01,11D_SYN_Arroyo_Garage_01_0001498,increased_dwell_to_make_energy_feasible,5.066,13.877,2.102575757575758
Arroyo_Garage_01,11D_SYN_Arroyo_Garage_01_0001503,increased_dwell_to_make_energy_feasible,13.218,7.2,1.090909090909091
Arroyo_Garage_01,11D_SYN_Arroyo_Garage_01_0001506,increased_dwell_to_make_energy_feasible,12.2,4.125,0.625
Arroyo_Garage_01,11D_SYN_Arroyo_Garage_01_0001509,increased_dwell_to_make_energy_feasible,13.196,15.903,2.4095454545454547
Arroyo_Garage_01,11D_SYN_Arroyo_Garage_01_0001513,increased_dwell_to_make_energy_feasible,5.975,4.315,0.6537878787878789
Arroyo_Garage_01,11D_SYN_Arroyo_Garage_01_0001514,increased_dwell_to_make_energy_feasible,3.932,23.657,3.5843939393939395
Arroyo_Garage_01,11D_SYN_Arroyo_Garage_01_0001517,increased_dwell_to_make_energy_feasible,16.235,8.657,1.3116666666666668
Arroyo_Garage_01,11D_SYN_Arroyo_Garage_01_0001522,increased_dwell_to_make_energy_feasible,41.434,6.703,1.0156060606060606
Arroyo_Garage_01,11D_SYN_Arroyo_Garage_01_0001529,increased_dwell_to_make_energy_feasible,6.057,10.095,1.5295454545454548
Arroyo_Garage_01,11D_SYN_Arroyo_Garage_01_0001537,increased_dwell_to_make_energy_feasible,9.487,13.912,2.107878787878788
Arroyo_Garage_01,11D_SYN_Arroyo_Garage_01_0001547,increased_dwell_to_make_energy_feasible,13.881,15.396,2.332727272727273
Arroyo_Garage_01,11D_SYN_Arroyo_Garage_01_0001548,increased_dwell_to_make_energy_feasible,18.313,13.779,2.087727272727273
Arroyo_Garage_01,11D_SYN_Arroyo_Garage_01_0001561,increased_dwell_to_make_energy_feasible,7.072,6.661,1.0092424242424243
Arroyo_Garage_01,11D_SYN_Arroyo_Garage_01_0001564,increased_dwell_to_make_energy_feasible,4.71,28.998,4.3936363636363645
Arroyo_Garage_01,11D_SYN_Arroyo_Garage_01_0001593,increased_dwell_to_make_energy_feasible,7.531986260454307,9.581,1.4516666666666667
Arroyo_Garage_01,11D_SYN_Arroyo_Garage_01_0001612,increased_dwell_to_make_energy_feasible,4.471,4.546,0.6887878787878788
Arroyo_Garage_01,11D_SYN_Arroyo_Garage_01_0001616,increased_dwell_to_make_energy_feasible,10.72,39.85,6.037878787878788
Arroyo_Garage_01,11D_SYN_Arroyo_Garage_01_0001618,increased_dwell_to_make_energy_feasible,3.774,7.116,1.0781818181818181
Arroyo_Garage_01,11D_SYN_Arroyo_Garage_01_0001626,increased_dwell_to_make_energy_feasible,8.17,7.531,1.141060606060606
Arroyo_Garage_01,11D_SYN_Arroyo_Garage_01_0001628,increased_dwell_to_make_energy_feasible,26.201,12.136,1.8387878787878789
Arroyo_Garage_01,11D_SYN_Arroyo_Garage_01_0001631,increased_dwell_to_make_energy_feasible,2.989,4.392,0.6654545454545455
Arroyo_Garage_01,11D_SYN_Arroyo_Garage_01_0001633,increased_dwell_to_make_energy_feasible,13.874,2.326,0.3524242424242425
Arroyo_Garage_01,11D_SYN_Arroyo_Garage_01_0001637,increased_dwell_to_make_energy_feasible,4.026,11.107,1.6828787878787879
Arroyo_Garage_01,11D_SYN_Arroyo_Garage_01_0001653,increased_dwell_to_make_energy_feasible,3.08,31.493,4.7716666666666665
Arroyo_Garage_01,11D_SYN_Arroyo_Garage_01_0001665,increased_dwell_to_make_energy_feasible,8.522,24.273,3.6777272727272727
Arroyo_Garage_01,11D_SYN_Arroyo_Garage_01_0001675,increased_dwell_to_make_energy_feasible,3.03,3.615,0.5477272727272728
Arroyo_Garage_01,11D_SYN_Arroyo_Garage_01_0001676,increased_dwell_to_make_energy_feasible,8.708,15.605,2.3643939393939397
Arroyo_Garage_01,11D_SYN_Arroyo_Garage_01_0001685,increased_dwell_to_make_energy_feasible,13.503,9.818,1.4875757575757576
Arroyo_Garage_01,11D_SYN_Arroyo_Garage_01_0001693,increased_dwell_to_make_energy_feasible,10.578,14.95,2.265151515151515
Arroyo_Garage_01,11D_SYN_Arroyo_Garage_01_0001695,increased_dwell_to_make_energy_feasible,2.133,10.203,1.545909090909091
Arroyo_Garage_01,11D_SYN_Arroyo_Garage_01_0001703,increased_dwell_to_make_energy_feasible,5.993,27.743,4.203484848484848
Arroyo_Garage_01,11D_SYN_Arroyo_Garage_01_0001715,increased_dwell_to_make_energy_feasible,0.838,13.583,2.058030303030303
Arroyo_Garage_01,11D_SYN_Arroyo_Garage_01_0001717,increased_dwell_to_make_energy_feasible,5.652,5.388,0.8163636363636364
Arroyo_Garage_01,11D_SYN_Arroyo_Garage_01_0001725,increased_dwell_to_make_energy_feasible,15.312,7.254,1.0990909090909091
Arroyo_Garage_01,11D_SYN_Arroyo_Garage_01_0001729,increased_dwell_to_make_energy_feasible,3.776,10.815,1.6386363636363637
Arroyo_Garage_01,11D_SYN_Arroyo_Garage_01_0001732,increased_dwell_to_make_energy_feasible,1.186,13.901,2.1062121212121214
Arroyo_Garage_01,11D_SYN_Arroyo_Garage_01_0001739,increased_dwell_to_make_energy_feasible,0.98,13.043,1.9762121212121213
Arroyo_Garage_01,11D_SYN_Arroyo_Garage_01_0001742,increased_dwell_to_make_energy_feasible,8.618,6.969,1.055909090909091
Arroyo_Garage_01,11D_SYN_Arroyo_Garage_01_0001752,increased_dwell_to_make_energy_feasible,10.27292562725841,13.908,2.1072727272727274
Arroyo_Garage_01,11D_SYN_Arroyo_Garage_01_0001754,increased_dwell_to_make_energy_feasible,5.29,5.764680406213948,0.8734364251839316
Arroyo_Garage_01,11D_SYN_Arroyo_Garage_01_0001755,increased_dwell_to_make_energy_feasible,6.551,17.397,2.6359090909090908
Arroyo_Garage_01,11D_SYN_Arroyo_Garage_01_0001757,increased_dwell_to_make_energy_feasible,14.621,4.526,0.6857575757575758
Arroyo_Garage_01,11D_SYN_Arroyo_Garage_01_0001760,increased_dwell_to_make_energy_feasible,8.12,10.748,1.6284848484848484
Arroyo_Garage_01,11D_SYN_Arroyo_Garage_01_0001761,increased_dwell_to_make_energy_feasible,0.838,13.237,2.005606060606061
Arroyo_Garage_01,11D_SYN_Arroyo_Garage_01_0001762,increased_dwell_to_make_energy_feasible,4.117,13.467,2.0404545454545455
Arroyo_Garage_01,11D_SYN_Arroyo_Garage_01_0001764,increased_dwell_to_make_energy_feasible,7.952,5.118,0.7754545454545455
Arroyo_Garage_01,11D_SYN_Arroyo_Garage_01_0001772,increased_dwell_to_make_energy_feasible,11.84,14.857,2.251060606060606
Arroyo_Garage_01,11D_SYN_Arroyo_Garage_01_0001792,increased_dwell_to_make_energy_feasible,6.694,13.902,2.1063636363636364
Arroyo_Garage_01,11D_SYN_Arroyo_Garage_01_0001797,increased_dwell_to_make_energy_feasible,14.972,40.858,6.1906060606060604
Arroyo_Garage_01,11D_SYN_Arroyo_Garage_01_0001812,increased_dwell_to_make_energy_feasible,16.302,13.128,1.9890909090909092
Arroyo_Garage_01,11D_SYN_Arroyo_Garage_01_0001815,increased_dwell_to_make_energy_feasible,2.862,13.501,2.0456060606060604
Arroyo_Garage_01,11D_SYN_Arroyo_Garage_01_0001816,increased_dwell_to_make_energy_feasible,2.266,13.893,2.1050000000000004
Arroyo_Garage_01,11D_SYN_Arroyo_Garage_01_0001817,increased_dwell_to_make_energy_feasible,3.774,8.73,1.322727272727273
Arroyo_Garage_01,11D_SYN_Arroyo_Garage_01_0001835,increased_dwell_to_make_energy_feasible,5.359,4.636,0.7024242424242425
Arroyo_Garage_01,11D_SYN_Arroyo_Garage_01_0001840,increased_dwell_to_make_energy_feasible,7.934,16.157,2.4480303030303032
Arroyo_Garage_01,11D_SYN_Arroyo_Garage_01_0001854,increased_dwell_to_make_energy_feasible,7.285,6.609,1.0013636363636365
Arroyo_Garage_01,11D_SYN_Arroyo_Garage_01_0001861,increased_dwell_to_make_energy_feasible,16.801,15.605,2.3643939393939397
Arroyo_Garage_01,11D_SYN_Arroyo_Garage_01_0001867,increased_dwell_to_make_energy_feasible,5.153,40.035,6.0659090909090905
Arroyo_Garage_01,11D_SYN_Arroyo_Garage_01_0001875,increased_dwell_to_make_energy_feasible,13.578,39.833,6.03530303030303
Arroyo_Garage_01,11D_SYN_Arroyo_Garage_01_0001876,increased_dwell_to_make_energy_feasible,6.419,13.892,2.104848484848485
Arroyo_Garage_01,11D_SYN_Arroyo_Garage_01_0001881,increased_dwell_to_make_energy_feasible,4.026,14.085,2.1340909090909093
Arroyo_Garage_01,11D_SYN_Arroyo_Garage_01_0001882,increased_dwell_to_make_energy_feasible,6.964,4.43,0.6712121212121213
Arroyo_Garage_01,11D_SYN_Arroyo_Garage_01_0001892,increased_dwell_to_make_energy_feasible,13.866,27.201,4.121363636363637
Arroyo_Garage_01,11D_SYN_Arroyo_Garage_01_0001894,increased_dwell_to_make_energy_feasible,10.16,13.485,2.043181818181818
Arroyo_Garage_01,11D_SYN_Arroyo_Garage_01_0001895,increased_dwell_to_make_energy_feasible,4.331,13.594,2.0596969696969696
Arroyo_Garage_01,11D_SYN_Arroyo_Garage_01_0001903,increased_dwell_to_make_energy_feasible,4.174,18.19821684587548,2.757305582708406
Arroyo_Garage_01,11D_SYN_Arroyo_Garage_01_0001921,increased_dwell_to_make_energy_feasible,5.239,3.144,0.47636363636363643
Arroyo_Garage_01,11D_SYN_Arroyo_Garage_01_0001934,increased_dwell_to_make_energy_feasible,3.26,9.02,1.3666666666666667
Arroyo_Garage_01,11D_SYN_Arroyo_Garage_01_0001935,increased_dwell_to_make_energy_feasible,3.481,7.729,1.1710606060606061
Arroyo_Garage_01,11D_SYN_Arroyo_Garage_01_0001941,increased_dwell_to_make_energy_feasible,0.669,9.961,1.5092424242424243
Arroyo_Garage_01,11D_SYN_Arroyo_Garage_01_0001945,increased_dwell_to_make_energy_feasible,2.473,34.056,5.16
Arroyo_Garage_01,11D_SYN_Arroyo_Garage_01_0001947,increased_dwell_to_make_energy_feasible,13.873,13.915,2.1083333333333334
Arroyo_Garage_01,11D_SYN_Arroyo_Garage_01_0001954,increased_dwell_to_make_energy_feasible,5.4,4.796,0.7266666666666668
Arroyo_Garage_01,11D_SYN_Arroyo_Garage_01_0001959,increased_dwell_to_make_energy_feasible,2.531,13.942,2.1124242424242428
Arroyo_Garage_01,11D_SYN_Arroyo_Garage_01_0001967,increased_dwell_to_make_energy_feasible,6.197,11.685,1.7704545454545457
Arroyo_Garage_01,11D_SYN_Arroyo_Garage_01_0001974,increased_dwell_to_make_energy_feasible,4.104,10.032,1.52
Arroyo_Garage_01,11D_SYN_Arroyo_Garage_01_0001978,increased_dwell_to_make_energy_feasible,5.003,3.811,0.5774242424242424
Arroyo_Garage_01,11D_SYN_Arroyo_Garage_01_0001994,increased_dwell_to_make_energy_feasible,13.951,13.345,2.021969696969697
Arroyo_Garage_01,11D_SYN_Arroyo_Garage_01_0002001,increased_dwell_to_make_energy_feasible,16.987,16.657,2.523787878787879
Arroyo_Garage_01,11D_SYN_Arroyo_Garage_01_0002017,increased_dwell_to_make_energy_feasible,0.917,4.127,0.6253030303030302
Arroyo_Garage_01,11D_SYN_Arroyo_Garage_01_0002022,increased_dwell_to_make_energy_feasible,10.962,13.902,2.1063636363636364
Arroyo_Garage_01,11D_SYN_Arroyo_Garage_01_0002029,increased_dwell_to_make_energy_feasible,4.922,16.225,2.4583333333333335
Arroyo_Garage_01,11D_SYN_Arroyo_Garage_01_0002032,increased_dwell_to_make_energy_feasible,7.99,8.169,1.2377272727272728
Arroyo_Garage_01,11D_SYN_Arroyo_Garage_01_0002035,increased_dwell_to_make_energy_feasible,4.775,41.868,6.343636363636365
Arroyo_Garage_01,11D_SYN_Arroyo_Garage_01_0002038,increased_dwell_to_make_energy_feasible,1.794,6.926,1.0493939393939395
Arroyo_Garage_01,11D_SYN_Arroyo_Garage_01_0002048,increased_dwell_to_make_energy_feasible,2.025,9.481,1.4365151515151515
Arroyo_Garage_01,11D_SYN_Arroyo_Garage_01_0002053,increased_dwell_to_make_energy_feasible,4.306,19.4,2.9393939393939394
Arroyo_Garage_01,11D_SYN_Arroyo_Garage_01_0002054,increased_dwell_to_make_energy_feasible,2.242,13.889,2.1043939393939395
Arroyo_Garage_01,11D_SYN_Arroyo_Garage_01_0002061,increased_dwell_to_make_energy_feasible,13.518,24.088,3.64969696969697
Arroyo_Garage_01,11D_SYN_Arroyo_Garage_01_0002073,increased_dwell_to_make_energy_feasible,2.052,16.1,2.43939393939394
Arroyo_Garage_01,11D_SYN_Arroyo_Garage_01_0002080,increased_dwell_to_make_energy_feasible,4.1,13.214,2.0021212121212124
Arroyo_Garage_01,11D_SYN_Arroyo_Garage_01_0002096,increased_dwell_to_make_energy_feasible,5.956,13.225,2.003787878787879
Arroyo_Garage_01,11D_SYN_Arroyo_Garage_01_0002105,increased_dwell_to_make_energy_feasible,25.355,9.271,1.40469696969697
Arroyo_Garage_01,11D_SYN_Arroyo_Garage_01_0002114,increased_dwell_to_make_energy_feasible,2.352,9.444,1.4309090909090911
Arroyo_Garage_01,11D_SYN_Arroyo_Garage_01_0002140,increased_dwell_to_make_energy_feasible,11.988,13.886,2.103939393939394
Arroyo_Garage_01,11D_SYN_Arroyo_Garage_01_0002144,increased_dwell_to_make_energy_feasible,12.508,13.892,2.104848484848485
Arroyo_Garage_01,11D_SYN_Arroyo_Garage_01_0002154,increased_dwell_to_make_energy_feasible,13.88,7.972,1.207878787878788
Arroyo_Garage_01,11D_SYN_Arroyo_Garage_01_0002156,increased_dwell_to_make_energy_feasible,4.013,11.873,1.7989393939393938
Arroyo_Garage_01,11D_SYN_Arroyo_Garage_01_0002157,increased_dwell_to_make_energy_feasible,13.89,8.632,1.3078787878787879
Arroyo_Garage_01,11D_SYN_Arroyo_Garage_01_0002158,increased_dwell_to_make_energy_feasible,10.419,20.348,3.083030303030303
Arroyo_Garage_01,11D_SYN_Arroyo_Garage_01_0002160,increased_dwell_to_make_energy_feasible,7.2,28.691,4.347121212121213
Arroyo_Garage_01,11D_SYN_Arroyo_Garage_01_0002165,increased_dwell_to_make_energy_feasible,8.208,13.218,2.002727272727273
Arroyo_Garage_01,11D_SYN_Arroyo_Garage_01_0002167,increased_dwell_to_make_energy_feasible,15.816,16.546,2.506969696969697
Arroyo_Garage_01,11D_SYN_Arroyo_Garage_01_0002169,increased_dwell_to_make_energy_feasible,12.492,13.893,2.1050000000000004
Arroyo_Garage_01,11D_SYN_Arroyo_Garage_01_0002177,increased_dwell_to_make_energy_feasible,2.18,3.911248506570774,0.5926134100864809
Arroyo_Garage_01,11D_SYN_Arroyo_Garage_01_0002180,increased_dwell_to_make_energy_feasible,4.906,13.221,2.0031818181818184
Arroyo_Garage_01,11D_SYN_Arroyo_Garage_01_0002191,increased_dwell_to_make_energy_feasible,2.945,6.761,1.0243939393939394
Arroyo_Garage_01,11D_SYN_Arroyo_Garage_01_0002199,increased_dwell_to_make_energy_feasible,11.828,13.89,2.104545454545455
Arroyo_Garage_01,11D_SYN_Arroyo_Garage_01_0002205,increased_dwell_to_make_energy_feasible,4.053,3.88,0.5878787878787879
Arroyo_Garage_01,11D_SYN_Arroyo_Garage_01_0002215,increased_dwell_to_make_energy_feasible,4.762,13.869,2.1013636363636365
Arroyo_Garage_01,11D_SYN_Arroyo_Garage_01_0002221,increased_dwell_to_make_energy_feasible,10.099,13.55,2.053030303030303
Arroyo_Garage_01,11D_SYN_Arroyo_Garage_01_0002223,increased_dwell_to_make_energy_feasible,13.431,11.865,1.7977272727272728
Arroyo_Garage_01,11D_SYN_Arroyo_Garage_01_0002226,increased_dwell_to_make_energy_feasible,13.883,6.498,0.9845454545454546
Arroyo_Garage_01,11D_SYN_Arroyo_Garage_01_0002230,increased_dwell_to_make_energy_feasible,8.611,9.931,1.5046969696969696
Arroyo_Garage_01,11D_SYN_Arroyo_Garage_01_0002233,increased_dwell_to_make_energy_feasible,2.085,9.419,1.4271212121212122
Arroyo_Garage_01,11D_SYN_Arroyo_Garage_01_0002260,increased_dwell_to_make_energy_feasible,6.012,8.167,1.2374242424242425
Arroyo_Garage_01,11D_SYN_Arroyo_Garage_01_0002282,increased_dwell_to_make_energy_feasible,11.51547640382332,9.708,1.470909090909091
Arroyo_Garage_01,11D_SYN_Arroyo_Garage_01_0002284,increased_dwell_to_make_energy_feasible,3.259,13.926,2.1100000000000003
Arroyo_Garage_01,11D_SYN_Arroyo_Garage_01_0002289,increased_dwell_to_make_energy_feasible,7.861,10.58,1.603030303030303
Arroyo_Garage_01,11D_SYN_Arroyo_Garage_01_0002292,increased_dwell_to_make_energy_feasible,3.538,9.829,1.4892424242424245
Arroyo_Garage_01,11D_SYN_Arroyo_Garage_01_0002302,increased_dwell_to_make_energy_feasible,2.636,3.329923055555556,0.5045337962962964
Arroyo_Garage_01,11D_SYN_Arroyo_Garage_01_0002307,increased_dwell_to_make_energy_feasible,10.599,14.347434289127907,2.173853680170895
Arroyo_Garage_01,11D_SYN_Arroyo_Garage_01_0002310,increased_dwell_to_make_energy_feasible,4.517,13.876,2.1024242424242425
Arroyo_Garage_01,11D_SYN_Arroyo_Garage_01_0002312,increased_dwell_to_make_energy_feasible,3.473,13.205,2.000757575757576
Arroyo_Garage_01,11D_SYN_Arroyo_Garage_01_0002333,increased_dwell_to_make_energy_feasible,18.737,13.129,1.9892424242424243
Arroyo_Garage_01,11D_SYN_Arroyo_Garage_01_0002337,increased_dwell_to_make_energy_feasible,6.397,10.449,1.5831818181818182
Arroyo_Garage_01,11D_SYN_Arroyo_Garage_01_0002338,increased_dwell_to_make_energy_feasible,10.666,30.957,4.690454545454545
Arroyo_Garage_01,11D_SYN_Arroyo_Garage_01_0002341,increased_dwell_to_make_energy_feasible,1.449,6.225,0.9431818181818182
Arroyo_Garage_01,11D_SYN_Arroyo_Garage_01_0002353,increased_dwell_to_make_energy_feasible,1.049,13.878,2.102727272727273
Arroyo_Garage_01,11D_SYN_Arroyo_Garage_01_0002355,increased_dwell_to_make_energy_feasible,9.745,17.927,2.7162121212121213
Arroyo_Garage_01,11D_SYN_Arroyo_Garage_01_0002356,increased_dwell_to_make_energy_feasible,15.903,13.893,2.1050000000000004
Arroyo_Garage_01,11D_SYN_Arroyo_Garage_01_0002359,increased_dwell_to_make_energy_feasible,5.911765232973899,13.059,1.9786363636363635
Arroyo_Garage_01,11D_SYN_Arroyo_Garage_01_0002361,increased_dwell_to_make_energy_feasible,10.381,8.508,1.289090909090909
Arroyo_Garage_01,11D_SYN_Arroyo_Garage_01_0002374,increased_dwell_to_make_energy_feasible,13.892,6.494,0.983939393939394
Arroyo_Garage_01,11D_SYN_Arroyo_Garage_01_0002377,increased_dwell_to_make_energy_feasible,9.856,5.073,0.7686363636363638
Arroyo_Garage_01,11D_SYN_Arroyo_Garage_01_0002387,increased_dwell_to_make_energy_feasible,8.145,13.874,2.1021212121212125
Arroyo_Garage_01,11D_SYN_Arroyo_Garage_01_0002393,increased_dwell_to_make_energy_feasible,11.677,16.084,2.436969696969697
Arroyo_Garage_01,11D_SYN_Arroyo_Garage_01_0002396,increased_dwell_to_make_energy_feasible,7.573,13.873,2.101969696969697
Arroyo_Garage_01,11D_SYN_Arroyo_Garage_01_0002398,increased_dwell_to_make_energy_feasible,14.453,3.581,0.5425757575757576
Arroyo_Garage_01,11D_SYN_Arroyo_Garage_01_0002412,increased_dwell_to_make_energy_feasible,13.893,10.537,1.5965151515151517
Arroyo_Garage_01,11D_SYN_Arroyo_Garage_01_0002415,increased_dwell_to_make_energy_feasible,13.977,8.02,1.215151515151515
Arroyo_Garage_01,11D_SYN_Arroyo_Garage_01_0002422,increased_dwell_to_make_energy_feasible,12.913,13.224,2.003636363636364
Arroyo_Garage_01,11D_SYN_Arroyo_Garage_01_0002432,increased_dwell_to_make_energy_feasible,5.351,13.211,2.001666666666667
Arroyo_Garage_01,11D_SYN_Arroyo_Garage_01_0002436,increased_dwell_to_make_energy_feasible,18.651,28.301,4.288030303030303
Arroyo_Garage_01,11D_SYN_Arroyo_Garage_01_0002449,increased_dwell_to_make_energy_feasible,6.463,11.73,1.7772727272727273
Arroyo_Garage_01,11D_SYN_Arroyo_Garage_01_0002452,increased_dwell_to_make_energy_feasible,13.924,16.663,2.52469696969697
Arroyo_Garage_01,11D_SYN_Arroyo_Garage_01_0002463,increased_dwell_to_make_energy_feasible,6.128,5.873,0.8898484848484849
Arroyo_Garage_01,11D_SYN_Arroyo_Garage_01_0002469,increased_dwell_to_make_energy_feasible,3.981,13.904,2.106666666666667
Arroyo_Garage_01,11D_SYN_Arroyo_Garage_01_0002475,increased_dwell_to_make_energy_feasible,13.787,13.873,2.101969696969697
Arroyo_Garage_01,11D_SYN_Arroyo_Garage_01_0002477,increased_dwell_to_make_energy_feasible,7.934,2.656,0.40242424242424246
Arroyo_Garage_01,11D_SYN_Arroyo_Garage_01_0002479,increased_dwell_to_make_energy_feasible,0.985,12.571,1.9046969696969698
Arroyo_Garage_01,11D_SYN_Arroyo_Garage_01_0002490,increased_dwell_to_make_energy_feasible,3.106,8.38,1.26969696969697
Arroyo_Garage_01,11D_SYN_Arroyo_Garage_01_0002492,increased_dwell_to_make_energy_feasible,5.9,6.558,0.9936363636363637
Arroyo_Garage_01,11D_SYN_Arroyo_Garage_01_0002499,increased_dwell_to_make_energy_feasible,6.08,13.892,2.104848484848485
Arroyo_Garage_01,11D_SYN_Arroyo_Garage_01_0002519,increased_dwell_to_make_energy_feasible,5.481,6.245,0.9462121212121213
Arroyo_Garage_01,11D_SYN_Arroyo_Garage_01_0002521,increased_dwell_to_make_energy_feasible,1.085,4.005,0.6068181818181818
Arroyo_Garage_01,11D_SYN_Arroyo_Garage_01_0002527,increased_dwell_to_make_energy_feasible,1.852,13.214,2.0021212121212124
Arroyo_Garage_01,11D_SYN_Arroyo_Garage_01_0002530,increased_dwell_to_make_energy_feasible,4.555,6.994,1.0596969696969698
Arroyo_Garage_01,11D_SYN_Arroyo_Garage_01_0002536,increased_dwell_to_make_energy_feasible,3.715,15.727,2.3828787878787883
Arroyo_Garage_01,11D_SYN_Arroyo_Garage_01_0002537,increased_dwell_to_make_energy_feasible,0.999,4.915,0.7446969696969697
Arroyo_Garage_01,11D_SYN_Arroyo_Garage_01_0002541,increased_dwell_to_make_energy_feasible,6.906,12.791,1.9380303030303032
Arroyo_Garage_01,11D_SYN_Arroyo_Garage_01_0002542,increased_dwell_to_make_energy_feasible,13.969,13.865,2.100757575757576
Arroyo_Garage_01,11D_SYN_Arroyo_Garage_01_0002544,increased_dwell_to_make_energy_feasible,2.492,10.815,1.6386363636363637
Arroyo_Garage_01,11D_SYN_Arroyo_Garage_01_0002545,increased_dwell_to_make_energy_feasible,13.725,6.935,1.0507575757575758
Arroyo_Garage_01,11D_SYN_Arroyo_Garage_01_0002553,increased_dwell_to_make_energy_feasible,11.043,9.053,1.3716666666666668
Arroyo_Garage_01,11D_SYN_Arroyo_Garage_01_0002556,increased_dwell_to_make_energy_feasible,0.934,9.382,1.4215151515151516
Arroyo_Garage_01,11D_SYN_Arroyo_Garage_01_0002557,increased_dwell_to_make_energy_feasible,6.699,3.91,0.5924242424242425
Arroyo_Garage_01,11D_SYN_Arroyo_Garage_01_0002565,increased_dwell_to_make_energy_feasible,6.27,10.306,1.5615151515151515
Arroyo_Garage_01,11D_SYN_Arroyo_Garage_01_0002568,increased_dwell_to_make_energy_feasible,7.894,5.46,0.8272727272727273
Arroyo_Garage_01,11D_SYN_Arroyo_Garage_01_0002580,increased_dwell_to_make_energy_feasible,13.866,13.893,2.1050000000000004
Arroyo_Garage_01,11D_SYN_Arroyo_Garage_01_0002581,increased_dwell_to_make_energy_feasible,2.259,9.696,1.4690909090909092
Arroyo_Garage_01,11D_SYN_Arroyo_Garage_01_0002591,increased_dwell_to_make_energy_feasible,12.414,15.377749402624191,2.329962030700635
Arroyo_Garage_01,11D_SYN_Arroyo_Garage_01_0002597,increased_dwell_to_make_energy_feasible,13.246,5.4,0.8181818181818182
Arroyo_Garage_01,11D_SYN_Arroyo_Garage_01_0002599,increased_dwell_to_make_energy_feasible,13.97,9.72,1.4727272727272729
Arroyo_Garage_01,11D_SYN_Arroyo_Garage_01_0002601,removed_infeasible_after_horizon_clip,0.01,0.0,-9.36
Arroyo_Garage_01,11D_SYN_Arroyo_Garage_01_0002601,removed_infeasible_after_horizon_clip,0.01,0.0,-13.3625
Arroyo_Garage_01,11D_SYN_Arroyo_Garage_01_0002602,removed_infeasible_after_horizon_clip,0.01,0.0,-17.009166666666665
Arroyo_Garage_01,11D_SYN_Arroyo_Garage_01_0002602,removed_infeasible_after_horizon_clip,0.01,0.0,-10.01361111111111
Arroyo_Garage_01,11D_SYN_Arroyo_Garage_01_0002602,removed_infeasible_after_horizon_clip,0.01,0.0,-9.186111111111112
Arroyo_Garage_01,11D_SYN_Arroyo_Garage_01_0002602,removed_infeasible_after_horizon_clip,0.01,0.0,-7.425
Arroyo_Garage_01,11D_SYN_Arroyo_Garage_01_0002602,increased_dwell_to_make_energy_feasible,13.926,8.532,1.2927272727272727
Arroyo_Garage_01,11D_SYN_Arroyo_Garage_01_0002603,increased_dwell_to_make_energy_feasible,0.923,13.475,2.0416666666666665
Arroyo_Garage_01,11D_SYN_Arroyo_Garage_01_0002604,removed_infeasible_after_horizon_clip,0.01,0.0,-10.229444444444445
Arroyo_Garage_01,11D_SYN_Arroyo_Garage_01_0002604,removed_infeasible_after_horizon_clip,0.01,0.0,-9.233888888888888
Arroyo_Garage_01,11D_SYN_Arroyo_Garage_01_0002604,removed_infeasible_after_horizon_clip,0.01,0.0,-17.354166666666668
Arroyo_Garage_01,11D_SYN_Arroyo_Garage_01_0002604,removed_infeasible_after_horizon_clip,0.01,0.0,-8.223055555555556
Arroyo_Garage_01,11D_SYN_Arroyo_Garage_01_0002604,removed_infeasible_after_horizon_clip,0.01,0.0,-8.898888888888889
Arroyo_Garage_01,11D_SYN_Arroyo_Garage_01_0002605,removed_infeasible_after_horizon_clip,0.01,0.0,-9.363888888888889
Arroyo_Garage_01,11D_SYN_Arroyo_Garage_01_0002605,increased_dwell_to_make_energy_feasible,0.939,16.646,2.5221212121212124
Arroyo_Garage_01,11D_SYN_Arroyo_Garage_01_0002606,removed_infeasible_after_horizon_clip,0.01,0.0,-10.991666666666667
Arroyo_Garage_01,11D_SYN_Arroyo_Garage_01_0002606,removed_infeasible_after_horizon_clip,0.01,0.0,-9.544444444444444
Arroyo_Garage_01,11D_SYN_Arroyo_Garage_01_0002607,removed_infeasible_after_horizon_clip,0.01,0.0,-10.718333333333334
Arroyo_Garage_01,11D_SYN_Arroyo_Garage_01_0002607,removed_infeasible_after_horizon_clip,0.01,0.0,-9.659444444444444
Arroyo_Garage_01,11D_SYN_Arroyo_Garage_01_0002608,increased_dwell_to_make_energy_feasible,7.391,5.1965068697730725,0.7873495257231928
Arroyo_Garage_01,11D_SYN_Arroyo_Garage_01_0002609,removed_infeasible_after_horizon_clip,0.01,0.0,-11.024722222222222
Arroyo_Garage_01,11D_SYN_Arroyo_Garage_01_0002609,removed_infeasible_after_horizon_clip,0.01,0.0,-10.070833333333333
Arroyo_Garage_01,11D_SYN_Arroyo_Garage_01_0002609,removed_infeasible_after_horizon_clip,0.01,0.0,-17.531111111111112
Arroyo_Garage_01,11D_SYN_Arroyo_Garage_01_0002609,increased_dwell_to_make_energy_feasible,6.709,12.406,1.8796969696969699
Arroyo_Garage_01,11D_SYN_Arroyo_Garage_01_0002610,removed_infeasible_after_horizon_clip,0.01,0.0,-9.031944444444445
Arroyo_Garage_01,11D_SYN_Arroyo_Garage_01_0002610,removed_infeasible_after_horizon_clip,0.01,0.0,-9.563055555555556
Arroyo_Garage_01,11D_SYN_Arroyo_Garage_01_0002610,removed_infeasible_after_horizon_clip,0.01,0.0,-16.539722222222224
Arroyo_Garage_01,11D_SYN_Arroyo_Garage_01_0002610,removed_infeasible_after_horizon_clip,0.01,0.0,-0.23444444444444446
Arroyo_Garage_01,11D_SYN_Arroyo_Garage_01_0002610,removed_infeasible_after_horizon_clip,0.01,0.0,-9.45861111111111
Arroyo_Garage_01,11D_SYN_Arroyo_Garage_01_0002610,removed_infeasible_after_horizon_clip,0.01,0.0,-7.2925
Arroyo_Garage_01,11D_SYN_Arroyo_Garage_01_0002610,removed_infeasible_after_horizon_clip,0.01,0.0,-9.773888888888889
Arroyo_Garage_01,11D_SYN_Arroyo_Garage_01_0002610,removed_infeasible_after_horizon_clip,0.01,0.0,-10.9275
Arroyo_Garage_01,11D_SYN_Arroyo_Garage_01_0002610,removed_infeasible_after_horizon_clip,0.01,0.0,-11.883333333333333
Arroyo_Garage_01,11D_SYN_Arroyo_Garage_01_0002610,removed_infeasible_after_horizon_clip,0.01,0.0,-8.16611111111111
Arroyo_Garage_01,11D_SYN_Arroyo_Garage_01_0002611,removed_infeasible_after_horizon_clip,0.01,0.0,-10.988333333333333
Arroyo_Garage_01,11D_SYN_Arroyo_Garage_01_0002611,removed_infeasible_after_horizon_clip,0.01,0.0,-9.850555555555555
Arroyo_Garage_01,11D_SYN_Arroyo_Garage_01_0002611,removed_infeasible_after_horizon_clip,0.01,0.0,-8.269722222222223
Arroyo_Garage_01,11D_SYN_Arroyo_Garage_01_0002612,removed_infeasible_after_horizon_clip,0.01,0.0,-10.1875
Arroyo_Garage_01,11D_SYN_Arroyo_Garage_01_0002612,clipped_departure_and_capped_energy,7.127,0.13566666666666666,0.020555555555555556
Arroyo_Garage_01,11D_SYN_Arroyo_Garage_01_0002613,removed_infeasible_after_horizon_clip,0.01,0.0,-10.800833333333333
Arroyo_Garage_01,11D_SYN_Arroyo_Garage_01_0002613,removed_infeasible_after_horizon_clip,0.01,0.0,-9.090833333333334
Arroyo_Garage_01,11D_SYN_Arroyo_Garage_01_0002613,removed_infeasible_after_horizon_clip,0.01,0.0,-10.345277777777778
Arroyo_Garage_01,11D_SYN_Arroyo_Garage_01_0002613,removed_infeasible_after_horizon_clip,0.01,0.0,-6.826944444444444
Arroyo_Garage_01,11D_SYN_Arroyo_Garage_01_0002613,removed_infeasible_after_horizon_clip,0.01,0.0,-10.758055555555556
Arroyo_Garage_01,11D_SYN_Arroyo_Garage_01_0002613,removed_infeasible_after_horizon_clip,0.01,0.0,-11.505
Arroyo_Garage_01,11D_SYN_Arroyo_Garage_01_0002613,removed_infeasible_after_horizon_clip,0.01,0.0,-9.387777777777778
Arroyo_Garage_01,11D_SYN_Arroyo_Garage_01_0002615,removed_infeasible_after_horizon_clip,0.01,0.0,-9.403611111111111
Arroyo_Garage_01,11D_SYN_Arroyo_Garage_01_0002615,removed_infeasible_after_horizon_clip,0.01,0.0,-8.446111111111112
Arroyo_Garage_01,11D_SYN_Arroyo_Garage_01_0002615,removed_infeasible_after_horizon_clip,0.01,0.0,-13.312777777777777
Arroyo_Garage_01,11D_SYN_Arroyo_Garage_01_0002615,removed_infeasible_after_horizon_clip,0.01,0.0,-14.653611111111111
Arroyo_Garage_01,11D_SYN_Arroyo_Garage_01_0002615,removed_infeasible_after_horizon_clip,0.01,0.0,-13.139444444444445
Arroyo_Garage_01,11D_SYN_Arroyo_Garage_01_0002615,removed_infeasible_after_horizon_clip,0.01,0.0,-7.153888888888889
Arroyo_Garage_01,11D_SYN_Arroyo_Garage_01_0002615,removed_infeasible_after_horizon_clip,0.01,0.0,-9.844722222222222
Arroyo_Garage_01,11D_SYN_Arroyo_Garage_01_0002615,removed_infeasible_after_horizon_clip,0.01,0.0,-7.5625
Arroyo_Garage_01,11D_SYN_Arroyo_Garage_01_0002616,removed_infeasible_after_horizon_clip,0.01,0.0,-9.837222222222222
Arroyo_Garage_01,11D_SYN_Arroyo_Garage_01_0002616,removed_infeasible_after_horizon_clip,0.01,0.0,-10.783611111111112
Arroyo_Garage_01,11D_SYN_Arroyo_Garage_01_0002616,removed_infeasible_after_horizon_clip,0.01,0.0,-15.795
Arroyo_Garage_01,11D_SYN_Arroyo_Garage_01_0002616,removed_infeasible_after_horizon_clip,0.01,0.0,-10.544166666666667
Arroyo_Garage_01,11D_SYN_Arroyo_Garage_01_0002616,removed_infeasible_after_horizon_clip,0.01,0.0,-17.406944444444445
Arroyo_Garage_01,11D_SYN_Arroyo_Garage_01_0002616,removed_infeasible_after_horizon_clip,0.01,0.0,-12.166666666666666
Arroyo_Garage_01,11D_SYN_Arroyo_Garage_01_0002616,removed_infeasible_after_horizon_clip,0.01,0.0,-10.711944444444445
Arroyo_Garage_01,11D_SYN_Arroyo_Garage_01_0002616,removed_infeasible_after_horizon_clip,0.01,0.0,-7.152777777777778
Arroyo_Garage_01,11D_SYN_Arroyo_Garage_01_0002616,removed_infeasible_after_horizon_clip,0.01,0.0,-15.364722222222222
Arroyo_Garage_01,11D_SYN_Arroyo_Garage_01_0002616,removed_infeasible_after_horizon_clip,0.01,0.0,-2.629722222222222
Arroyo_Garage_01,11D_SYN_Arroyo_Garage_01_0002616,removed_infeasible_after_horizon_clip,0.01,0.0,-9.439722222222223
Arroyo_Garage_01,11D_SYN_Arroyo_Garage_01_0002616,removed_infeasible_after_horizon_clip,0.01,0.0,-11.126944444444444
Arroyo_Garage_01,11D_SYN_Arroyo_Garage_01_0002616,removed_infeasible_after_horizon_clip,0.01,0.0,-15.894166666666667
Arroyo_Garage_01,11D_SYN_Arroyo_Garage_01_0002616,removed_infeasible_after_horizon_clip,0.01,0.0,-9.790833333333333
Arroyo_Garage_01,11D_SYN_Arroyo_Garage_01_0002616,removed_infeasible_after_horizon_clip,0.01,0.0,-16.7325
Arroyo_Garage_01,11D_SYN_Arroyo_Garage_01_0002616,removed_infeasible_after_horizon_clip,0.01,0.0,-9.153333333333334
Arroyo_Garage_01,11D_SYN_Arroyo_Garage_01_0002616,removed_infeasible_after_horizon_clip,0.01,0.0,-16.3725
Arroyo_Garage_01,11D_SYN_Arroyo_Garage_01_0002616,removed_infeasible_after_horizon_clip,0.01,0.0,-15.449444444444444
Arroyo_Garage_01,11D_SYN_Arroyo_Garage_01_0002616,removed_infeasible_after_horizon_clip,0.01,0.0,-9.79138888888889
Arroyo_Garage_01,11D_SYN_Arroyo_Garage_01_0002617,removed_infeasible_after_horizon_clip,0.01,0.0,-9.101944444444445
Arroyo_Garage_01,11D_SYN_Arroyo_Garage_01_0002617,removed_infeasible_after_horizon_clip,0.01,0.0,-16.793333333333333
Arroyo_Garage_01,11D_SYN_Arroyo_Garage_01_0002617,removed_infeasible_after_horizon_clip,0.01,0.0,-9.93138888888889
Arroyo_Garage_01,11D_SYN_Arroyo_Garage_01_0002617,removed_infeasible_after_horizon_clip,0.01,0.0,-9.026666666666667
Arroyo_Garage_01,11D_SYN_Arroyo_Garage_01_0002617,removed_infeasible_after_horizon_clip,0.01,0.0,-9.936944444444444
Arroyo_Garage_01,11D_SYN_Arroyo_Garage_01_0002617,removed_infeasible_after_horizon_clip,0.01,0.0,-9.405555555555555
Arroyo_Garage_01,11D_SYN_Arroyo_Garage_01_0002619,removed_infeasible_after_horizon_clip,0.01,0.0,-10.861666666666666
Arroyo_Garage_01,11D_SYN_Arroyo_Garage_01_0002620,removed_infeasible_after_horizon_clip,0.01,0.0,-11.20888888888889
Arroyo_Garage_01,11D_SYN_Arroyo_Garage_01_0002620,removed_infeasible_after_horizon_clip,0.01,0.0,-12.667222222222222
Arroyo_Garage_01,11D_SYN_Arroyo_Garage_01_0002620,removed_infeasible_after_horizon_clip,0.01,0.0,-17.712222222222223
Arroyo_Garage_01,11D_SYN_Arroyo_Garage_01_0002620,removed_infeasible_after_horizon_clip,0.01,0.0,-12.710555555555555
Arroyo_Garage_01,11D_SYN_Arroyo_Garage_01_0002620,removed_infeasible_after_horizon_clip,0.01,0.0,-14.309166666666666
Arroyo_Garage_01,11D_SYN_Arroyo_Garage_01_0002620,removed_infeasible_after_horizon_clip,0.01,0.0,-10.12138888888889
Arroyo_Garage_01,11D_SYN_Arroyo_Garage_01_0002620,removed_infeasible_after_horizon_clip,0.01,0.0,-9.041944444444445
Arroyo_Garage_01,11D_SYN_Arroyo_Garage_01_0002620,increased_dwell_to_make_energy_feasible,11.677,11.795,1.787121212121212
Arroyo_Garage_01,11D_SYN_Arroyo_Garage_01_0002621,removed_infeasible_after_horizon_clip,0.01,0.0,-11.425833333333333
Arroyo_Garage_01,11D_SYN_Arroyo_Garage_01_0002622,removed_infeasible_after_horizon_clip,0.01,0.0,-8.390277777777778
Arroyo_Garage_01,11D_SYN_Arroyo_Garage_01_0002622,removed_infeasible_after_horizon_clip,0.01,0.0,-9.701944444444445
Arroyo_Garage_01,11D_SYN_Arroyo_Garage_01_0002622,removed_infeasible_after_horizon_clip,0.01,0.0,-9.507222222222222
Arroyo_Garage_01,11D_SYN_Arroyo_Garage_01_0002622,removed_infeasible_after_horizon_clip,0.01,0.0,-13.907777777777778
Arroyo_Garage_01,11D_SYN_Arroyo_Garage_01_0002622,removed_infeasible_after_horizon_clip,0.01,0.0,-11.151111111111112
Arroyo_Garage_01,11D_SYN_Arroyo_Garage_01_0002622,removed_infeasible_after_horizon_clip,0.01,0.0,-12.546111111111111
Arroyo_Garage_01,11D_SYN_Arroyo_Garage_01_0002622,removed_infeasible_after_horizon_clip,0.01,0.0,-8.011666666666667
Arroyo_Garage_01,11D_SYN_Arroyo_Garage_01_0002622,removed_infeasible_after_horizon_clip,0.01,0.0,-8.920277777777779
Arroyo_Garage_01,11D_SYN_Arroyo_Garage_01_0002622,removed_infeasible_after_horizon_clip,0.01,0.0,-8.115277777777777
Arroyo_Garage_01,11D_SYN_Arroyo_Garage_01_0002622,removed_infeasible_after_horizon_clip,0.01,0.0,-2.2941666666666665
Arroyo_Garage_01,11D_SYN_Arroyo_Garage_01_0002622,removed_infeasible_after_horizon_clip,0.01,0.0,-9.0375
Arroyo_Garage_01,11D_SYN_Arroyo_Garage_01_0002622,removed_infeasible_after_horizon_clip,0.01,0.0,-7.739166666666667
Arroyo_Garage_01,11D_SYN_Arroyo_Garage_01_0002622,removed_infeasible_after_horizon_clip,0.01,0.0,-14.881388888888889
Arroyo_Garage_01,11D_SYN_Arroyo_Garage_01_0002622,removed_infeasible_after_horizon_clip,0.01,0.0,-8.779166666666667
Arroyo_Garage_01,11D_SYN_Arroyo_Garage_01_0002622,removed_infeasible_after_horizon_clip,0.01,0.0,-14.473333333333333
Arroyo_Garage_01,11D_SYN_Arroyo_Garage_01_0002622,removed_infeasible_after_horizon_clip,0.01,0.0,-8.480833333333333
Arroyo_Garage_01,11D_SYN_Arroyo_Garage_01_0002622,clipped_departure_and_capped_energy,6.807,7.076666666666666,1.0722222222222222
Arroyo_Garage_01,11D_SYN_Arroyo_Garage_01_0002624,removed_infeasible_after_horizon_clip,0.01,0.0,-10.709722222222222
Arroyo_Garage_01,11D_SYN_Arroyo_Garage_01_0002624,removed_infeasible_after_horizon_clip,0.01,0.0,-9.059166666666666
Arroyo_Garage_01,11D_SYN_Arroyo_Garage_01_0002624,removed_infeasible_after_horizon_clip,0.01,0.0,-10.706111111111111
Arroyo_Garage_01,11D_SYN_Arroyo_Garage_01_0002624,removed_infeasible_after_horizon_clip,0.01,0.0,-12.300833333333333
Arroyo_Garage_01,11D_SYN_Arroyo_Garage_01_0002625,removed_infeasible_after_horizon_clip,0.01,0.0,-10.21
California_Garage_02,11D_SYN_California_Garage_02_0000002,removed_infeasible_after_horizon_clip,1.191,0.0,6.794444444444444
California_Garage_02,11D_SYN_California_Garage_02_0000004,removed_infeasible_after_horizon_clip,1.687,0.0,3.4908333333333332
California_Garage_02,11D_SYN_California_Garage_02_0000007,increased_dwell_to_make_energy_feasible,12.746,6.798440860214859,1.0300667970022515
California_Garage_02,11D_SYN_California_Garage_02_0000010,removed_infeasible_after_horizon_clip,10.578,0.0,1.7744444444444445
California_Garage_02,11D_SYN_California_Garage_02_0000013,increased_dwell_to_make_energy_feasible,8.462,13.893,2.1050000000000004
California_Garage_02,11D_SYN_California_Garage_02_0000023,increased_dwell_to_make_energy_feasible,13.917,7.483,1.1337878787878788
California_Garage_02,11D_SYN_California_Garage_02_0000030,increased_dwell_to_make_energy_feasible,4.068,11.813,1.789848484848485
California_Garage_02,11D_SYN_California_Garage_02_0000038,increased_dwell_to_make_energy_feasible,6.014,15.142,2.2942424242424244
California_Garage_02,11D_SYN_California_Garage_02_0000039,increased_dwell_to_make_energy_feasible,13.917,13.906,2.1069696969696974
California_Garage_02,11D_SYN_California_Garage_02_0000047,increased_dwell_to_make_energy_feasible,6.658,13.871,2.101666666666667
California_Garage_02,11D_SYN_California_Garage_02_0000048,increased_dwell_to_make_energy_feasible,8.04,10.562,1.6003030303030303
California_Garage_02,11D_SYN_California_Garage_02_0000050,increased_dwell_to_make_energy_feasible,7.924,13.891,2.10469696969697
California_Garage_02,11D_SYN_California_Garage_02_0000053,increased_dwell_to_make_energy_feasible,8.763,13.888,2.1042424242424245
California_Garage_02,11D_SYN_California_Garage_02_0000054,increased_dwell_to_make_energy_feasible,0.86,47.489,7.19530303030303
California_Garage_02,11D_SYN_California_Garage_02_0000055,increased_dwell_to_make_energy_feasible,19.725,13.984,2.118787878787879
California_Garage_02,11D_SYN_California_Garage_02_0000058,increased_dwell_to_make_energy_feasible,13.166,12.479,1.8907575757575756
California_Garage_02,11D_SYN_California_Garage_02_0000067,increased_dwell_to_make_energy_feasible,10.526,8.157,1.235909090909091
California_Garage_02,11D_SYN_California_Garage_02_0000069,increased_dwell_to_make_energy_feasible,8.279,10.753,1.6292424242424244
California_Garage_02,11D_SYN_California_Garage_02_0000070,increased_dwell_to_make_energy_feasible,9.723,2.715,0.4113636363636364
California_Garage_02,11D_SYN_California_Garage_02_0000077,increased_dwell_to_make_energy_feasible,13.896,9.357,1.4177272727272727
California_Garage_02,11D_SYN_California_Garage_02_0000095,increased_dwell_to_make_energy_feasible,13.878,7.378,1.117878787878788
California_Garage_02,11D_SYN_California_Garage_02_0000096,increased_dwell_to_make_energy_feasible,8.879,16.663,2.52469696969697
California_Garage_02,11D_SYN_California_Garage_02_0000100,increased_dwell_to_make_energy_feasible,9.557,18.161,2.751666666666667
California_Garage_02,11D_SYN_California_Garage_02_0000101,increased_dwell_to_make_energy_feasible,6.71,11.94,1.809090909090909
California_Garage_02,11D_SYN_California_Garage_02_0000112,increased_dwell_to_make_energy_feasible,13.896,17.801,2.697121212121212
California_Garage_02,11D_SYN_California_Garage_02_0000123,increased_dwell_to_make_energy_feasible,5.565,1.8115890083624075,0.2744831830852133
California_Garage_02,11D_SYN_California_Garage_02_0000140,increased_dwell_to_make_energy_feasible,11.6,5.314,0.8051515151515152
California_Garage_02,11D_SYN_California_Garage_02_0000166,increased_dwell_to_make_energy_feasible,14.45,7.121,1.078939393939394
California_Garage_02,11D_SYN_California_Garage_02_0000181,increased_dwell_to_make_energy_feasible,4.051,13.933,2.1110606060606063
California_Garage_02,11D_SYN_California_Garage_02_0000187,increased_dwell_to_make_energy_feasible,0.953,13.62277329749125,2.064056560225947
California_Garage_02,11D_SYN_California_Garage_02_0000216,increased_dwell_to_make_energy_feasible,1.071,12.034,1.8233333333333335
California_Garage_02,11D_SYN_California_Garage_02_0000228,increased_dwell_to_make_energy_feasible,1.008,4.233,0.6413636363636364
California_Garage_02,11D_SYN_California_Garage_02_0000231,increased_dwell_to_make_energy_feasible,13.215,18.567,2.8131818181818184
California_Garage_02,11D_SYN_California_Garage_02_0000241,increased_dwell_to_make_energy_feasible,2.87,13.872,2.101818181818182
California_Garage_02,11D_SYN_California_Garage_02_0000245,increased_dwell_to_make_energy_feasible,6.637,7.938,1.2027272727272726
California_Garage_02,11D_SYN_California_Garage_02_0000254,increased_dwell_to_make_energy_feasible,13.424,8.347,1.2646969696969697
California_Garage_02,11D_SYN_California_Garage_02_0000257,increased_dwell_to_make_energy_feasible,11.592,1.967,0.29803030303030303
California_Garage_02,11D_SYN_California_Garage_02_0000261,increased_dwell_to_make_energy_feasible,13.465,13.886,2.103939393939394
California_Garage_02,11D_SYN_California_Garage_02_0000266,increased_dwell_to_make_energy_feasible,7.081,13.818,2.0936363636363637
California_Garage_02,11D_SYN_California_Garage_02_0000277,increased_dwell_to_make_energy_feasible,6.984,8.304,1.2581818181818183
California_Garage_02,11D_SYN_California_Garage_02_0000280,increased_dwell_to_make_energy_feasible,4.898,12.407,1.8798484848484849
California_Garage_02,11D_SYN_California_Garage_02_0000281,increased_dwell_to_make_energy_feasible,11.161,9.244,1.4006060606060606
California_Garage_02,11D_SYN_California_Garage_02_0000288,increased_dwell_to_make_energy_feasible,21.848,13.584,2.058181818181818
California_Garage_02,11D_SYN_California_Garage_02_0000298,increased_dwell_to_make_energy_feasible,13.877,4.563077956988793,0.6913754480286051
California_Garage_02,11D_SYN_California_Garage_02_0000299,increased_dwell_to_make_energy_feasible,0.641,14.347434289127907,2.173853680170895
California_Garage_02,11D_SYN_California_Garage_02_0000300,increased_dwell_to_make_energy_feasible,0.771,4.198,0.6360606060606061
California_Garage_02,11D_SYN_California_Garage_02_0000304,increased_dwell_to_make_energy_feasible,11.97,10.816,1.638787878787879
California_Garage_02,11D_SYN_California_Garage_02_0000312,increased_dwell_to_make_energy_feasible,13.979,7.164,1.0854545454545454
California_Garage_02,11D_SYN_California_Garage_02_0000315,increased_dwell_to_make_energy_feasible,1.142,4.965,0.7522727272727273
California_Garage_02,11D_SYN_California_Garage_02_0000317,increased_dwell_to_make_energy_feasible,17.755,15.048,2.2800000000000002
California_Garage_02,11D_SYN_California_Garage_02_0000318,increased_dwell_to_make_energy_feasible,9.251,13.916,2.108484848484849
California_Garage_02,11D_SYN_California_Garage_02_0000323,increased_dwell_to_make_energy_feasible,6.293,19.478,2.9512121212121216
California_Garage_02,11D_SYN_California_Garage_02_0000326,increased_dwell_to_make_energy_feasible,0.725,12.132,1.8381818181818181
California_Garage_02,11D_SYN_California_Garage_02_0000362,increased_dwell_to_make_energy_feasible,4.205,7.419,1.124090909090909
California_Garage_02,11D_SYN_California_Garage_02_0000365,increased_dwell_to_make_energy_feasible,13.948,16.806,2.546363636363637
California_Garage_02,11D_SYN_California_Garage_02_0000367,increased_dwell_to_make_energy_feasible,2.468,13.883,2.1034848484848485
California_Garage_02,11D_SYN_California_Garage_02_0000386,increased_dwell_to_make_energy_feasible,1.878,14.014,2.1233333333333335
California_Garage_02,11D_SYN_California_Garage_02_0000415,increased_dwell_to_make_energy_feasible,1.245,15.671,2.3743939393939395
California_Garage_02,11D_SYN_California_Garage_02_0000418,increased_dwell_to_make_energy_feasible,2.667,13.884,2.103636363636364
California_Garage_02,11D_SYN_California_Garage_02_0000420,increased_dwell_to_make_energy_feasible,8.991,9.343,1.4156060606060608
California_Garage_02,11D_SYN_California_Garage_02_0000430,increased_dwell_to_make_energy_feasible,5.131,12.042,1.8245454545454547
California_Garage_02,11D_SYN_California_Garage_02_0000440,increased_dwell_to_make_energy_feasible,0.715,11.84,1.793939393939394
California_Garage_02,11D_SYN_California_Garage_02_0000464,increased_dwell_to_make_energy_feasible,3.938,8.694,1.3172727272727274
California_Garage_02,11D_SYN_California_Garage_02_0000469,increased_dwell_to_make_energy_feasible,4.583,10.265,1.5553030303030304
California_Garage_02,11D_SYN_California_Garage_02_0000475,increased_dwell_to_make_energy_feasible,1.108,2.997,0.4540909090909091
California_Garage_02,11D_SYN_California_Garage_02_0000477,increased_dwell_to_make_energy_feasible,13.286,14.355,2.1750000000000003
California_Garage_02,11D_SYN_California_Garage_02_0000481,increased_dwell_to_make_energy_feasible,18.38,3.164,0.47939393939393943
California_Garage_02,11D_SYN_California_Garage_02_0000497,increased_dwell_to_make_energy_feasible,8.538,3.356,0.5084848484848485
California_Garage_02,11D_SYN_California_Garage_02_0000510,increased_dwell_to_make_energy_feasible,13.877,13.192,1.998787878787879
California_Garage_02,11D_SYN_California_Garage_02_0000515,increased_dwell_to_make_energy_feasible,8.065,13.192,1.998787878787879
California_Garage_02,11D_SYN_California_Garage_02_0000517,increased_dwell_to_make_energy_feasible,14.431,12.641,1.9153030303030305
California_Garage_02,11D_SYN_California_Garage_02_0000519,increased_dwell_to_make_energy_feasible,8.855,5.952,0.9018181818181819
California_Garage_02,11D_SYN_California_Garage_02_0000531,increased_dwell_to_make_energy_feasible,5.243,5.103,0.7731818181818182
California_Garage_02,11D_SYN_California_Garage_02_0000536,increased_dwell_to_make_energy_feasible,9.02,13.207,2.0010606060606064
California_Garage_02,11D_SYN_California_Garage_02_0000538,increased_dwell_to_make_energy_feasible,2.292,21.184,3.20969696969697
California_Garage_02,11D_SYN_California_Garage_02_0000539,increased_dwell_to_make_energy_feasible,8.764,41.897,6.348030303030304
California_Garage_02,11D_SYN_California_Garage_02_0000549,increased_dwell_to_make_energy_feasible,0.875,18.518,2.805757575757576
California_Garage_02,11D_SYN_California_Garage_02_0000556,increased_dwell_to_make_energy_feasible,13.901,13.917,2.108636363636364
California_Garage_02,11D_SYN_California_Garage_02_0000561,increased_dwell_to_make_energy_feasible,13.173,9.16,1.387878787878788
California_Garage_02,11D_SYN_California_Garage_02_0000577,increased_dwell_to_make_energy_feasible,12.273,13.186,1.997878787878788
California_Garage_02,11D_SYN_California_Garage_02_0000580,increased_dwell_to_make_energy_feasible,11.201,13.89,2.104545454545455
California_Garage_02,11D_SYN_California_Garage_02_0000586,increased_dwell_to_make_energy_feasible,5.552,6.875,1.0416666666666667
California_Garage_02,11D_SYN_California_Garage_02_0000590,increased_dwell_to_make_energy_feasible,13.586,15.554,2.356666666666667
California_Garage_02,11D_SYN_California_Garage_02_0000591,increased_dwell_to_make_energy_feasible,3.225,13.907,2.1071212121212124
California_Garage_02,11D_SYN_California_Garage_02_0000594,increased_dwell_to_make_energy_feasible,0.837,21.525,3.2613636363636362
California_Garage_02,11D_SYN_California_Garage_02_0000601,increased_dwell_to_make_energy_feasible,10.124,6.652,1.007878787878788
California_Garage_02,11D_SYN_California_Garage_02_0000603,increased_dwell_to_make_energy_feasible,11.603,6.548755973714021,0.9922357535930336
California_Garage_02,11D_SYN_California_Garage_02_0000623,increased_dwell_to_make_energy_feasible,3.775,14.026,2.1251515151515155
California_Garage_02,11D_SYN_California_Garage_02_0000626,increased_dwell_to_make_energy_feasible,4.071,13.892,2.104848484848485
California_Garage_02,11D_SYN_California_Garage_02_0000630,increased_dwell_to_make_energy_feasible,11.32,13.9,2.1060606060606064
California_Garage_02,11D_SYN_California_Garage_02_0000635,increased_dwell_to_make_energy_feasible,8.685,13.61965352449445,2.063583867347644
California_Garage_02,11D_SYN_California_Garage_02_0000648,increased_dwell_to_make_energy_feasible,4.846,6.85,1.0378787878787878
California_Garage_02,11D_SYN_California_Garage_02_0000650,increased_dwell_to_make_energy_feasible,2.266,9.572,1.4503030303030302
California_Garage_02,11D_SYN_California_Garage_02_0000664,increased_dwell_to_make_energy_feasible,13.878,13.879,2.102878787878788
California_Garage_02,11D_SYN_California_Garage_02_0000667,increased_dwell_to_make_energy_feasible,10.588,25.573,3.87469696969697
California_Garage_02,11D_SYN_California_Garage_02_0000671,increased_dwell_to_make_energy_feasible,13.543,12.071,1.828939393939394
California_Garage_02,11D_SYN_California_Garage_02_0000676,increased_dwell_to_make_energy_feasible,8.143,14.504,2.1975757575757577
California_Garage_02,11D_SYN_California_Garage_02_0000684,increased_dwell_to_make_energy_feasible,5.146,13.903,2.106515151515152
California_Garage_02,11D_SYN_California_Garage_02_0000690,increased_dwell_to_make_energy_feasible,7.005,10.247,1.5525757575757577
California_Garage_02,11D_SYN_California_Garage_02_0000696,increased_dwell_to_make_energy_feasible,8.528,6.514,0.986969696969697
California_Garage_02,11D_SYN_California_Garage_02_0000702,increased_dwell_to_make_energy_feasible,17.077,1.838,0.2784848484848485
California_Garage_02,11D_SYN_California_Garage_02_0000705,increased_dwell_to_make_energy_feasible,10.575,15.37,2.3287878787878786
California_Garage_02,11D_SYN_California_Garage_02_0000709,increased_dwell_to_make_energy_feasible,11.97,12.519,1.896818181818182
California_Garage_02,11D_SYN_California_Garage_02_0000713,increased_dwell_to_make_energy_feasible,5.928,15.322,2.3215151515151513
California_Garage_02,11D_SYN_California_Garage_02_0000714,increased_dwell_to_make_energy_feasible,24.395,14.085,2.1340909090909093
California_Garage_02,11D_SYN_California_Garage_02_0000722,increased_dwell_to_make_energy_feasible,2.477,42.98,6.512121212121212
California_Garage_02,11D_SYN_California_Garage_02_0000730,increased_dwell_to_make_energy_feasible,5.963,13.357,2.023787878787879
California_Garage_02,11D_SYN_California_Garage_02_0000739,increased_dwell_to_make_energy_feasible,20.046,13.922733611111113,2.109505092592593
California_Garage_02,11D_SYN_California_Garage_02_0000741,increased_dwell_to_make_energy_feasible,13.863,10.799,1.6362121212121212
California_Garage_02,11D_SYN_California_Garage_02_0000745,increased_dwell_to_make_energy_feasible,9.787,12.247,1.8556060606060607
California_Garage_02,11D_SYN_California_Garage_02_0000746,increased_dwell_to_make_energy_feasible,12.247,13.2,2.0
California_Garage_02,11D_SYN_California_Garage_02_0000751,increased_dwell_to_make_energy_feasible,1.734,23.242,3.521515151515152
California_Garage_02,11D_SYN_California_Garage_02_0000754,increased_dwell_to_make_energy_feasible,9.142,9.431,1.428939393939394
California_Garage_02,11D_SYN_California_Garage_02_0000763,increased_dwell_to_make_energy_feasible,13.991,13.538,2.0512121212121213
California_Garage_02,11D_SYN_California_Garage_02_0000764,increased_dwell_to_make_energy_feasible,13.885,14.036,2.126666666666667
California_Garage_02,11D_SYN_California_Garage_02_0000770,increased_dwell_to_make_energy_feasible,27.713,4.288,0.6496969696969698
California_Garage_02,11D_SYN_California_Garage_02_0000773,increased_dwell_to_make_energy_feasible,12.142,13.401,2.0304545454545457
California_Garage_02,11D_SYN_California_Garage_02_0000775,increased_dwell_to_make_energy_feasible,6.672,13.91,2.107575757575758
California_Garage_02,11D_SYN_California_Garage_02_0000776,increased_dwell_to_make_energy_feasible,9.394,16.447,2.491969696969697
California_Garage_02,11D_SYN_California_Garage_02_0000779,increased_dwell_to_make_energy_feasible,1.682,5.551,0.8410606060606062
California_Garage_02,11D_SYN_California_Garage_02_0000792,increased_dwell_to_make_energy_feasible,4.701354540019017,13.884,2.103636363636364
California_Garage_02,11D_SYN_California_Garage_02_0000794,increased_dwell_to_make_energy_feasible,10.201,13.882,2.1033333333333335
California_Garage_02,11D_SYN_California_Garage_02_0000796,increased_dwell_to_make_energy_feasible,13.265,14.967,2.267727272727273
California_Garage_02,11D_SYN_California_Garage_02_0000797,increased_dwell_to_make_energy_feasible,13.974,13.878,2.102727272727273
California_Garage_02,11D_SYN_California_Garage_02_0000801,increased_dwell_to_make_energy_feasible,13.878,30.129,4.565
California_Garage_02,11D_SYN_California_Garage_02_0000806,increased_dwell_to_make_energy_feasible,4.964,13.933,2.1110606060606063
California_Garage_02,11D_SYN_California_Garage_02_0000825,increased_dwell_to_make_energy_feasible,2.541,11.386,1.725151515151515
California_Garage_02,11D_SYN_California_Garage_02_0000827,increased_dwell_to_make_energy_feasible,10.372,2.756,0.41757575757575754
California_Garage_02,11D_SYN_California_Garage_02_0000836,increased_dwell_to_make_energy_feasible,4.616,8.331,1.2622727272727272
California_Garage_02,11D_SYN_California_Garage_02_0000837,increased_dwell_to_make_energy_feasible,5.702,14.722,2.2306060606060605
California_Garage_02,11D_SYN_California_Garage_02_0000845,increased_dwell_to_make_energy_feasible,13.329,14.064,2.130909090909091
California_Garage_02,11D_SYN_California_Garage_02_0000848,increased_dwell_to_make_energy_feasible,3.365,7.526,1.1403030303030304
California_Garage_02,11D_SYN_California_Garage_02_0000869,increased_dwell_to_make_energy_feasible,13.884,13.878,2.102727272727273
California_Garage_02,11D_SYN_California_Garage_02_0000876,increased_dwell_to_make_energy_feasible,13.62277329749125,13.908,2.1072727272727274
California_Garage_02,11D_SYN_California_Garage_02_0000891,increased_dwell_to_make_energy_feasible,3.186,13.228,2.0042424242424244
California_Garage_02,11D_SYN_California_Garage_02_0000896,increased_dwell_to_make_energy_feasible,4.384,14.163,2.145909090909091
California_Garage_02,11D_SYN_California_Garage_02_0000911,increased_dwell_to_make_energy_feasible,7.336,11.472,1.7381818181818183
California_Garage_02,11D_SYN_California_Garage_02_0000912,increased_dwell_to_make_energy_feasible,10.78,43.605,6.6068181818181815
California_Garage_02,11D_SYN_California_Garage_02_0000935,increased_dwell_to_make_energy_feasible,14.167,3.372,0.5109090909090909
California_Garage_02,11D_SYN_California_Garage_02_0000936,increased_dwell_to_make_energy_feasible,7.952,13.887,2.1040909090909095
California_Garage_02,11D_SYN_California_Garage_02_0000944,increased_dwell_to_make_energy_feasible,13.957,11.54739666666667,1.749605555555556
California_Garage_02,11D_SYN_California_Garage_02_0000947,increased_dwell_to_make_energy_feasible,4.852,13.891,2.10469696969697
California_Garage_02,11D_SYN_California_Garage_02_0000948,increased_dwell_to_make_energy_feasible,3.481,13.886,2.103939393939394
California_Garage_02,11D_SYN_California_Garage_02_0000970,increased_dwell_to_make_energy_feasible,8.479,12.505,1.89469696969697
California_Garage_02,11D_SYN_California_Garage_02_0000978,increased_dwell_to_make_energy_feasible,1.819,5.552,0.8412121212121212
California_Garage_02,11D_SYN_California_Garage_02_0000985,increased_dwell_to_make_energy_feasible,12.275,14.581,2.2092424242424245
California_Garage_02,11D_SYN_California_Garage_02_0000987,increased_dwell_to_make_energy_feasible,0.575,15.994,2.4233333333333333
California_Garage_02,11D_SYN_California_Garage_02_0000990,increased_dwell_to_make_energy_feasible,13.884,16.427,2.4889393939393942
California_Garage_02,11D_SYN_California_Garage_02_0000997,increased_dwell_to_make_energy_feasible,13.913,11.756,1.7812121212121212
California_Garage_02,11D_SYN_California_Garage_02_0001001,increased_dwell_to_make_energy_feasible,4.516,13.199,1.999848484848485
California_Garage_02,11D_SYN_California_Garage_02_0001005,increased_dwell_to_make_energy_feasible,42.01736611111111,6.102,0.9245454545454547
California_Garage_02,11D_SYN_California_Garage_02_0001010,increased_dwell_to_make_energy_feasible,4.519,13.873,2.101969696969697
California_Garage_02,11D_SYN_California_Garage_02_0001015,increased_dwell_to_make_energy_feasible,20.353,2.374,0.35969696969696974
California_Garage_02,11D_SYN_California_Garage_02_0001030,increased_dwell_to_make_energy_feasible,12.412,6.087,0.9222727272727272
California_Garage_02,11D_SYN_California_Garage_02_0001033,increased_dwell_to_make_energy_feasible,9.7,2.286,0.3463636363636364
California_Garage_02,11D_SYN_California_Garage_02_0001049,increased_dwell_to_make_energy_feasible,14.033,9.169,1.3892424242424244
California_Garage_02,11D_SYN_California_Garage_02_0001057,increased_dwell_to_make_energy_feasible,11.84,19.654,2.977878787878788
California_Garage_02,11D_SYN_California_Garage_02_0001059,increased_dwell_to_make_energy_feasible,13.99,13.282,2.0124242424242427
California_Garage_02,11D_SYN_California_Garage_02_0001066,increased_dwell_to_make_energy_feasible,16.801,12.247,1.8556060606060607
California_Garage_02,11D_SYN_California_Garage_02_0001077,increased_dwell_to_make_energy_feasible,13.204,10.733,1.6262121212121214
California_Garage_02,11D_SYN_California_Garage_02_0001079,increased_dwell_to_make_energy_feasible,8.743,9.715,1.471969696969697
California_Garage_02,11D_SYN_California_Garage_02_0001093,increased_dwell_to_make_energy_feasible,2.683,4.784039725207919,0.7248545038193818
California_Garage_02,11D_SYN_California_Garage_02_0001101,increased_dwell_to_make_energy_feasible,14.857,12.401,1.878939393939394
California_Garage_02,11D_SYN_California_Garage_02_0001112,increased_dwell_to_make_energy_feasible,20.189,13.901,2.1062121212121214
California_Garage_02,11D_SYN_California_Garage_02_0001114,increased_dwell_to_make_energy_feasible,6.445,11.59281138888889,1.7564865740740743
California_Garage_02,11D_SYN_California_Garage_02_0001116,increased_dwell_to_make_energy_feasible,4.929,15.873,2.4050000000000002
California_Garage_02,11D_SYN_California_Garage_02_0001122,increased_dwell_to_make_energy_feasible,10.941,11.214,1.6990909090909092
California_Garage_02,11D_SYN_California_Garage_02_0001128,increased_dwell_to_make_energy_feasible,2.66,6.085,0.921969696969697
California_Garage_02,11D_SYN_California_Garage_02_0001130,increased_dwell_to_make_energy_feasible,12.191,12.886,1.9524242424242424
California_Garage_02,11D_SYN_California_Garage_02_0001143,increased_dwell_to_make_energy_feasible,4.729,13.602,2.060909090909091
California_Garage_02,11D_SYN_California_Garage_02_0001144,increased_dwell_to_make_energy_feasible,3.922,13.618821944444443,2.06345787037037
California_Garage_02,11D_SYN_California_Garage_02_0001146,increased_dwell_to_make_energy_feasible,11.779,16.008,2.4254545454545453
California_Garage_02,11D_SYN_California_Garage_02_0001156,increased_dwell_to_make_energy_feasible,13.887,13.881,2.1031818181818185
California_Garage_02,11D_SYN_California_Garage_02_0001157,increased_dwell_to_make_energy_feasible,5.621,13.906,2.1069696969696974
California_Garage_02,11D_SYN_California_Garage_02_0001164,increased_dwell_to_make_energy_feasible,16.582,16.639,2.521060606060606
California_Garage_02,11D_SYN_California_Garage_02_0001174,increased_dwell_to_make_energy_feasible,9.249,13.089,1.9831818181818184
California_Garage_02,11D_SYN_California_Garage_02_0001185,increased_dwell_to_make_energy_feasible,2.266,2.143,0.3246969696969697
California_Garage_02,11D_SYN_California_Garage_02_0001191,increased_dwell_to_make_energy_feasible,3.254,13.936,2.111515151515152
California_Garage_02,11D_SYN_California_Garage_02_0001203,increased_dwell_to_make_energy_feasible,5.087,18.894,2.862727272727273
California_Garage_02,11D_SYN_California_Garage_02_0001205,increased_dwell_to_make_energy_feasible,3.381,13.947,2.1131818181818183
California_Garage_02,11D_SYN_California_Garage_02_0001216,increased_dwell_to_make_energy_feasible,4.335,13.641,2.066818181818182
California_Garage_02,11D_SYN_California_Garage_02_0001219,increased_dwell_to_make_energy_feasible,7.433,13.942,2.1124242424242428
California_Garage_02,11D_SYN_California_Garage_02_0001221,increased_dwell_to_make_energy_feasible,13.208,6.124,0.9278787878787879
California_Garage_02,11D_SYN_California_Garage_02_0001229,increased_dwell_to_make_energy_feasible,12.524,13.908,2.1072727272727274
California_Garage_02,11D_SYN_California_Garage_02_0001240,increased_dwell_to_make_energy_feasible,5.653,13.232,2.004848484848485
California_Garage_02,11D_SYN_California_Garage_02_0001242,increased_dwell_to_make_energy_feasible,14.122,13.198,1.99969696969697
California_Garage_02,11D_SYN_California_Garage_02_0001243,increased_dwell_to_make_energy_feasible,4.306,19.93,3.01969696969697
California_Garage_02,11D_SYN_California_Garage_02_0001248,increased_dwell_to_make_energy_feasible,13.96,28.815,4.365909090909091
California_Garage_02,11D_SYN_California_Garage_02_0001258,increased_dwell_to_make_energy_feasible,13.905,8.831,1.3380303030303031
California_Garage_02,11D_SYN_California_Garage_02_0001268,increased_dwell_to_make_energy_feasible,9.54,10.835,1.6416666666666668
California_Garage_02,11D_SYN_California_Garage_02_0001274,increased_dwell_to_make_energy_feasible,8.540825866187602,13.788,2.0890909090909093
California_Garage_02,11D_SYN_California_Garage_02_0001280,increased_dwell_to_make_energy_feasible,5.518,26.328,3.9890909090909092
California_Garage_02,11D_SYN_California_Garage_02_0001289,increased_dwell_to_make_energy_feasible,13.91,9.06,1.3727272727272728
California_Garage_02,11D_SYN_California_Garage_02_0001297,increased_dwell_to_make_energy_feasible,4.608,16.085,2.4371212121212125
California_Garage_02,11D_SYN_California_Garage_02_0001308,increased_dwell_to_make_energy_feasible,13.927,10.694,1.6203030303030306
California_Garage_02,11D_SYN_California_Garage_02_0001321,increased_dwell_to_make_energy_feasible,7.723838112300514,5.177,0.7843939393939394
California_Garage_02,11D_SYN_California_Garage_02_0001323,increased_dwell_to_make_energy_feasible,12.763,6.127,0.9283333333333333
California_Garage_02,11D_SYN_California_Garage_02_0001332,increased_dwell_to_make_energy_feasible,6.568,9.432,1.4290909090909092
California_Garage_02,11D_SYN_California_Garage_02_0001336,increased_dwell_to_make_energy_feasible,13.96,2.555,0.38712121212121214
California_Garage_02,11D_SYN_California_Garage_02_0001339,increased_dwell_to_make_energy_feasible,2.135,11.728,1.776969696969697
California_Garage_02,11D_SYN_California_Garage_02_0001343,increased_dwell_to_make_energy_feasible,0.7143369175622748,9.336,1.4145454545454548
California_Garage_02,11D_SYN_California_Garage_02_0001344,increased_dwell_to_make_energy_feasible,5.739,10.515,1.5931818181818183
California_Garage_02,11D_SYN_California_Garage_02_0001358,increased_dwell_to_make_energy_feasible,1.28,13.895,2.1053030303030305
California_Garage_02,11D_SYN_California_Garage_02_0001364,increased_dwell_to_make_energy_feasible,1.47,10.828,1.6406060606060606
California_Garage_02,11D_SYN_California_Garage_02_0001366,increased_dwell_to_make_energy_feasible,16.563,13.897,2.105606060606061
California_Garage_02,11D_SYN_California_Garage_02_0001369,increased_dwell_to_make_energy_feasible,8.494,11.256,1.7054545454545456
California_Garage_02,11D_SYN_California_Garage_02_0001370,increased_dwell_to_make_energy_feasible,0.825,13.909,2.1074242424242424
California_Garage_02,11D_SYN_California_Garage_02_0001380,increased_dwell_to_make_energy_feasible,6.953,13.338,2.020909090909091
California_Garage_02,11D_SYN_California_Garage_02_0001385,increased_dwell_to_make_energy_feasible,13.901,6.026,0.9130303030303031
California_Garage_02,11D_SYN_California_Garage_02_0001391,increased_dwell_to_make_energy_feasible,10.577,13.876,2.1024242424242425
California_Garage_02,11D_SYN_California_Garage_02_0001393,increased_dwell_to_make_energy_feasible,13.289,13.616,2.063030303030303
California_Garage_02,11D_SYN_California_Garage_02_0001397,increased_dwell_to_make_energy_feasible,8.685,10.81,1.637878787878788
California_Garage_02,11D_SYN_California_Garage_02_0001398,increased_dwell_to_make_energy_feasible,9.839,15.554938769424547,2.3568089044582647
California_Garage_02,11D_SYN_California_Garage_02_0001410,increased_dwell_to_make_energy_feasible,17.82,31.043,4.703484848484849
California_Garage_02,11D_SYN_California_Garage_02_0001418,increased_dwell_to_make_energy_feasible,5.321,5.312,0.8048484848484849
California_Garage_02,11D_SYN_California_Garage_02_0001420,increased_dwell_to_make_energy_feasible,9.1,4.972,0.7533333333333334
California_Garage_02,11D_SYN_California_Garage_02_0001426,increased_dwell_to_make_energy_feasible,6.286,9.894,1.4990909090909093
California_Garage_02,11D_SYN_California_Garage_02_0001436,increased_dwell_to_make_energy_feasible,1.946,10.135,1.5356060606060606
California_Garage_02,11D_SYN_California_Garage_02_0001438,increased_dwell_to_make_energy_feasible,5.27,8.128,1.2315151515151517
California_Garage_02,11D_SYN_California_Garage_02_0001442,increased_dwell_to_make_energy_feasible,13.574,12.105,1.8340909090909092
California_Garage_02,11D_SYN_California_Garage_02_0001444,increased_dwell_to_make_energy_feasible,8.479256272400251,12.307,1.86469696969697
California_Garage_02,11D_SYN_California_Garage_02_0001445,increased_dwell_to_make_energy_feasible,1.506,13.91,2.107575757575758
California_Garage_02,11D_SYN_California_Garage_02_0001452,increased_dwell_to_make_energy_feasible,2.373,19.645,2.9765151515151516
California_Garage_02,11D_SYN_California_Garage_02_0001469,increased_dwell_to_make_energy_feasible,2.798,7.508,1.1375757575757577
California_Garage_02,11D_SYN_California_Garage_02_0001477,increased_dwell_to_make_energy_feasible,6.36,11.016,1.6690909090909092
California_Garage_02,11D_SYN_California_Garage_02_0001499,increased_dwell_to_make_energy_feasible,13.877,6.077,0.9207575757575758
California_Garage_02,11D_SYN_California_Garage_02_0001508,increased_dwell_to_make_energy_feasible,13.447,13.638,2.0663636363636364
California_Garage_02,11D_SYN_California_Garage_02_0001510,increased_dwell_to_make_energy_feasible,2.865,20.189,3.058939393939394
California_Garage_02,11D_SYN_California_Garage_02_0001513,increased_dwell_to_make_energy_feasible,13.647,14.17191009557865,2.1472591053907046
California_Garage_02,11D_SYN_California_Garage_02_0001522,increased_dwell_to_make_energy_feasible,11.97,11.349,1.7195454545454547
California_Garage_02,11D_SYN_California_Garage_02_0001536,increased_dwell_to_make_energy_feasible,9.779,13.52,2.0484848484848484
California_Garage_02,11D_SYN_California_Garage_02_0001542,increased_dwell_to_make_energy_feasible,0.952,25.901,3.9243939393939398
California_Garage_02,11D_SYN_California_Garage_02_0001544,increased_dwell_to_make_energy_feasible,13.322,12.578,1.9057575757575758
California_Garage_02,11D_SYN_California_Garage_02_0001546,increased_dwell_to_make_energy_feasible,5.267,14.261621863808337,2.1608517975467176
California_Garage_02,11D_SYN_California_Garage_02_0001548,increased_dwell_to_make_energy_feasible,6.777,16.134,2.444545454545455
California_Garage_02,11D_SYN_California_Garage_02_0001558,increased_dwell_to_make_energy_feasible,1.12,12.009,1.8195454545454548
California_Garage_02,11D_SYN_California_Garage_02_0001559,increased_dwell_to_make_energy_feasible,13.917,14.937,2.263181818181818
California_Garage_02,11D_SYN_California_Garage_02_0001560,increased_dwell_to_make_energy_feasible,2.486,10.744,1.627878787878788
California_Garage_02,11D_SYN_California_Garage_02_0001561,increased_dwell_to_make_energy_feasible,4.799,10.101,1.5304545454545457
California_Garage_02,11D_SYN_California_Garage_02_0001574,increased_dwell_to_make_energy_feasible,16.456,15.155,2.2962121212121214
California_Garage_02,11D_SYN_California_Garage_02_0001575,increased_dwell_to_make_energy_feasible,3.075,13.236,2.005454545454546
California_Garage_02,11D_SYN_California_Garage_02_0001587,increased_dwell_to_make_energy_feasible,6.005,5.782,0.8760606060606061
California_Garage_02,11D_SYN_California_Garage_02_0001588,increased_dwell_to_make_energy_feasible,1.348,16.266,2.4645454545454544
California_Garage_02,11D_SYN_California_Garage_02_0001594,increased_dwell_to_make_energy_feasible,2.243,10.303,1.5610606060606063
California_Garage_02,11D_SYN_California_Garage_02_0001595,increased_dwell_to_make_energy_feasible,4.019,11.545,1.7492424242424243
California_Garage_02,11D_SYN_California_Garage_02_0001601,increased_dwell_to_make_energy_feasible,7.863,10.189,1.543787878787879
California_Garage_02,11D_SYN_California_Garage_02_0001608,increased_dwell_to_make_energy_feasible,5.066,9.552,1.4472727272727273
California_Garage_02,11D_SYN_California_Garage_02_0001612,increased_dwell_to_make_energy_feasible,5.838,13.311,2.016818181818182
California_Garage_02,11D_SYN_California_Garage_02_0001614,increased_dwell_to_make_energy_feasible,5.004369772998546,13.892,2.104848484848485
California_Garage_02,11D_SYN_California_Garage_02_0001618,increased_dwell_to_make_energy_feasible,4.66743279569851,14.054,2.1293939393939394
California_Garage_02,11D_SYN_California_Garage_02_0001627,increased_dwell_to_make_energy_feasible,7.884,4.202,0.6366666666666667
California_Garage_02,11D_SYN_California_Garage_02_0001640,increased_dwell_to_make_energy_feasible,11.695,13.92,2.1090909090909093
California_Garage_02,11D_SYN_California_Garage_02_0001653,increased_dwell_to_make_energy_feasible,2.286,11.141,1.6880303030303032
California_Garage_02,11D_SYN_California_Garage_02_0001656,increased_dwell_to_make_energy_feasible,14.409,6.351,0.9622727272727273
California_Garage_02,11D_SYN_California_Garage_02_0001661,increased_dwell_to_make_energy_feasible,2.553,11.268,1.7072727272727275
California_Garage_02,11D_SYN_California_Garage_02_0001671,increased_dwell_to_make_energy_feasible,6.219,8.419,1.2756060606060609
California_Garage_02,11D_SYN_California_Garage_02_0001684,increased_dwell_to_make_energy_feasible,4.374,9.222,1.3972727272727272
California_Garage_02,11D_SYN_California_Garage_02_0001690,increased_dwell_to_make_energy_feasible,25.711,4.978,0.7542424242424243
California_Garage_02,11D_SYN_California_Garage_02_0001706,increased_dwell_to_make_energy_feasible,6.052,12.126,1.8372727272727274
California_Garage_02,11D_SYN_California_Garage_02_0001707,increased_dwell_to_make_energy_feasible,7.477,18.944,2.87030303030303
California_Garage_02,11D_SYN_California_Garage_02_0001717,increased_dwell_to_make_energy_feasible,4.302,13.145,1.9916666666666667
California_Garage_02,11D_SYN_California_Garage_02_0001719,increased_dwell_to_make_energy_feasible,7.637,9.871,1.4956060606060608
California_Garage_02,11D_SYN_California_Garage_02_0001721,increased_dwell_to_make_energy_feasible,13.761,6.784,1.0278787878787878
California_Garage_02,11D_SYN_California_Garage_02_0001725,increased_dwell_to_make_energy_feasible,1.917,10.754,1.6293939393939394
California_Garage_02,11D_SYN_California_Garage_02_0001732,increased_dwell_to_make_energy_feasible,4.392,13.934,2.1112121212121213
California_Garage_02,11D_SYN_California_Garage_02_0001735,increased_dwell_to_make_energy_feasible,1.627,13.901,2.1062121212121214
California_Garage_02,11D_SYN_California_Garage_02_0001742,increased_dwell_to_make_energy_feasible,2.525,13.186,1.997878787878788
California_Garage_02,11D_SYN_California_Garage_02_0001778,increased_dwell_to_make_energy_feasible,39.921,30.957,4.690454545454545
California_Garage_02,11D_SYN_California_Garage_02_0001785,increased_dwell_to_make_energy_feasible,14.903,7.305,1.106818181818182
California_Garage_02,11D_SYN_California_Garage_02_0001801,increased_dwell_to_make_energy_feasible,5.89,8.017,1.2146969696969696
California_Garage_02,11D_SYN_California_Garage_02_0001806,increased_dwell_to_make_energy_feasible,2.697,7.881,1.194090909090909
California_Garage_02,11D_SYN_California_Garage_02_0001810,increased_dwell_to_make_energy_feasible,19.516,13.889,2.1043939393939395
California_Garage_02,11D_SYN_California_Garage_02_0001813,increased_dwell_to_make_energy_feasible,6.991,13.9,2.1060606060606064
California_Garage_02,11D_SYN_California_Garage_02_0001819,increased_dwell_to_make_energy_feasible,5.036,12.829,1.943787878787879
California_Garage_02,11D_SYN_California_Garage_02_0001821,increased_dwell_to_make_energy_feasible,6.845,8.22,1.2454545454545456
California_Garage_02,11D_SYN_California_Garage_02_0001822,increased_dwell_to_make_energy_feasible,3.725,13.867,2.1010606060606065
California_Garage_02,11D_SYN_California_Garage_02_0001827,increased_dwell_to_make_energy_feasible,4.648,12.851,1.9471212121212123
California_Garage_02,11D_SYN_California_Garage_02_0001835,increased_dwell_to_make_energy_feasible,1.6825253882916569,12.191,1.8471212121212124
California_Garage_02,11D_SYN_California_Garage_02_0001836,increased_dwell_to_make_energy_feasible,6.002,6.052,0.916969696969697
California_Garage_02,11D_SYN_California_Garage_02_0001858,increased_dwell_to_make_energy_feasible,12.675,13.892,2.104848484848485
California_Garage_02,11D_SYN_California_Garage_02_0001864,increased_dwell_to_make_energy_feasible,13.292,13.915,2.1083333333333334
California_Garage_02,11D_SYN_California_Garage_02_0001867,increased_dwell_to_make_energy_feasible,8.284,5.282,0.8003030303030304
California_Garage_02,11D_SYN_California_Garage_02_0001870,increased_dwell_to_make_energy_feasible,2.553,0.932,0.14121212121212123
California_Garage_02,11D_SYN_California_Garage_02_0001872,increased_dwell_to_make_energy_feasible,4.352,16.053,2.4322727272727276
California_Garage_02,11D_SYN_California_Garage_02_0001877,increased_dwell_to_make_energy_feasible,11.91,13.309,2.0165151515151516
California_Garage_02,11D_SYN_California_Garage_02_0001884,increased_dwell_to_make_energy_feasible,16.126,11.859,1.7968181818181819
California_Garage_02,11D_SYN_California_Garage_02_0001893,increased_dwell_to_make_energy_feasible,13.896,6.599,0.999848484848485
California_Garage_02,11D_SYN_California_Garage_02_0001902,increased_dwell_to_make_energy_feasible,5.482,13.885,2.103787878787879
California_Garage_02,11D_SYN_California_Garage_02_0001908,increased_dwell_to_make_energy_feasible,13.207,13.359,2.0240909090909094
California_Garage_02,11D_SYN_California_Garage_02_0001909,increased_dwell_to_make_energy_feasible,4.156,14.264,2.161212121212121
California_Garage_02,11D_SYN_California_Garage_02_0001919,increased_dwell_to_make_energy_feasible,1.974,5.551,0.8410606060606062
California_Garage_02,11D_SYN_California_Garage_02_0001931,increased_dwell_to_make_energy_feasible,2.68,39.946,6.052424242424243
California_Garage_02,11D_SYN_California_Garage_02_0001939,increased_dwell_to_make_energy_feasible,6.609,14.932,2.2624242424242427
California_Garage_02,11D_SYN_California_Garage_02_0001945,increased_dwell_to_make_energy_feasible,6.279,13.971,2.116818181818182
California_Garage_02,11D_SYN_California_Garage_02_0001960,increased_dwell_to_make_energy_feasible,13.72,18.187,2.755606060606061
California_Garage_02,11D_SYN_California_Garage_02_0001962,increased_dwell_to_make_energy_feasible,13.884,5.428,0.8224242424242425
California_Garage_02,11D_SYN_California_Garage_02_0001966,increased_dwell_to_make_energy_feasible,1.016,17.815,2.6992424242424247
California_Garage_02,11D_SYN_California_Garage_02_0001967,increased_dwell_to_make_energy_feasible,6.161,6.345,0.9613636363636364
California_Garage_02,11D_SYN_California_Garage_02_0001973,increased_dwell_to_make_energy_feasible,6.503,13.902,2.1063636363636364
California_Garage_02,11D_SYN_California_Garage_02_0001981,increased_dwell_to_make_energy_feasible,14.289751666666668,11.173,1.6928787878787879
California_Garage_02,11D_SYN_California_Garage_02_0001982,increased_dwell_to_make_energy_feasible,10.466,12.373,1.8746969696969698
California_Garage_02,11D_SYN_California_Garage_02_0001994,increased_dwell_to_make_energy_feasible,1.163,6.026,0.9130303030303031
California_Garage_02,11D_SYN_California_Garage_02_0002000,increased_dwell_to_make_energy_feasible,15.69,12.275,1.859848484848485
California_Garage_02,11D_SYN_California_Garage_02_0002004,increased_dwell_to_make_energy_feasible,20.576,16.358,2.4784848484848485
California_Garage_02,11D_SYN_California_Garage_02_0002011,increased_dwell_to_make_energy_feasible,4.907,13.833337222222225,2.0959601851851857
California_Garage_02,11D_SYN_California_Garage_02_0002013,increased_dwell_to_make_energy_feasible,3.357,13.822,2.0942424242424242
California_Garage_02,11D_SYN_California_Garage_02_0002029,increased_dwell_to_make_energy_feasible,2.997,15.205,2.3037878787878787
California_Garage_02,11D_SYN_California_Garage_02_0002038,increased_dwell_to_make_energy_feasible,12.122,4.672,0.7078787878787879
California_Garage_02,11D_SYN_California_Garage_02_0002052,increased_dwell_to_make_energy_feasible,4.47,20.022,3.0336363636363637
California_Garage_02,11D_SYN_California_Garage_02_0002081,increased_dwell_to_make_energy_feasible,9.698,3.533,0.5353030303030303
California_Garage_02,11D_SYN_California_Garage_02_0002082,increased_dwell_to_make_energy_feasible,10.796,11.759,1.7816666666666667
California_Garage_02,11D_SYN_California_Garage_02_0002086,increased_dwell_to_make_energy_feasible,3.264,7.284,1.1036363636363637
California_Garage_02,11D_SYN_California_Garage_02_0002096,increased_dwell_to_make_energy_feasible,13.046,10.828,1.6406060606060606
California_Garage_02,11D_SYN_California_Garage_02_0002104,increased_dwell_to_make_energy_feasible,3.794,42.066,6.373636363636364
California_Garage_02,11D_SYN_California_Garage_02_0002115,increased_dwell_to_make_energy_feasible,4.776,5.448,0.8254545454545456
California_Garage_02,11D_SYN_California_Garage_02_0002119,increased_dwell_to_make_energy_feasible,2.48,3.085,0.46742424242424246
California_Garage_02,11D_SYN_California_Garage_02_0002122,increased_dwell_to_make_energy_feasible,8.352,11.825,1.7916666666666667
California_Garage_02,11D_SYN_California_Garage_02_0002129,increased_dwell_to_make_energy_feasible,2.51,13.944,2.112727272727273
California_Garage_02,11D_SYN_California_Garage_02_0002130,increased_dwell_to_make_energy_feasible,5.145,9.316,1.4115151515151516
California_Garage_02,11D_SYN_California_Garage_02_0002132,increased_dwell_to_make_energy_feasible,4.182,15.978,2.420909090909091
California_Garage_02,11D_SYN_California_Garage_02_0002135,increased_dwell_to_make_energy_feasible,5.271,11.889,1.8013636363636363
California_Garage_02,11D_SYN_California_Garage_02_0002138,increased_dwell_to_make_energy_feasible,6.483,7.29,1.1045454545454547
California_Garage_02,11D_SYN_California_Garage_02_0002139,increased_dwell_to_make_energy_feasible,3.065,12.907,1.9556060606060608
California_Garage_02,11D_SYN_California_Garage_02_0002140,increased_dwell_to_make_energy_feasible,13.212,41.476,6.284242424242424
California_Garage_02,11D_SYN_California_Garage_02_0002142,increased_dwell_to_make_energy_feasible,14.957,17.11,2.5924242424242423
California_Garage_02,11D_SYN_California_Garage_02_0002145,increased_dwell_to_make_energy_feasible,3.294,10.343,1.5671212121212121
California_Garage_02,11D_SYN_California_Garage_02_0002152,increased_dwell_to_make_energy_feasible,10.325,8.904,1.3490909090909091
California_Garage_02,11D_SYN_California_Garage_02_0002155,increased_dwell_to_make_energy_feasible,8.545,13.888,2.1042424242424245
California_Garage_02,11D_SYN_California_Garage_02_0002157,increased_dwell_to_make_energy_feasible,42.066,6.57,0.9954545454545456
California_Garage_02,11D_SYN_California_Garage_02_0002159,increased_dwell_to_make_energy_feasible,8.275,14.06614305555556,2.1312337962962973
California_Garage_02,11D_SYN_California_Garage_02_0002170,increased_dwell_to_make_energy_feasible,13.888,6.994,1.0596969696969698
California_Garage_02,11D_SYN_California_Garage_02_0002171,increased_dwell_to_make_energy_feasible,10.006,12.418,1.8815151515151516
California_Garage_02,11D_SYN_California_Garage_02_0002174,increased_dwell_to_make_energy_feasible,9.444,13.259,2.0089393939393942
California_Garage_02,11D_SYN_California_Garage_02_0002179,increased_dwell_to_make_energy_feasible,4.622,7.242,1.0972727272727274
California_Garage_02,11D_SYN_California_Garage_02_0002181,increased_dwell_to_make_energy_feasible,4.234,8.163,1.2368181818181818
California_Garage_02,11D_SYN_California_Garage_02_0002183,increased_dwell_to_make_energy_feasible,1.517,11.637,1.7631818181818184
California_Garage_02,11D_SYN_California_Garage_02_0002185,increased_dwell_to_make_energy_feasible,2.604,12.037,1.823787878787879
California_Garage_02,11D_SYN_California_Garage_02_0002187,increased_dwell_to_make_energy_feasible,6.082,15.769,2.3892424242424246
California_Garage_02,11D_SYN_California_Garage_02_0002194,increased_dwell_to_make_energy_feasible,13.664,6.108,0.9254545454545454
California_Garage_02,11D_SYN_California_Garage_02_0002204,increased_dwell_to_make_energy_feasible,0.533,41.918,6.3512121212121215
California_Garage_02,11D_SYN_California_Garage_02_0002228,increased_dwell_to_make_energy_feasible,0.607,13.309,2.0165151515151516
California_Garage_02,11D_SYN_California_Garage_02_0002230,increased_dwell_to_make_energy_feasible,13.707,2.988,0.45272727272727276
California_Garage_02,11D_SYN_California_Garage_02_0002266,increased_dwell_to_make_energy_feasible,3.577,17.318,2.6239393939393945
California_Garage_02,11D_SYN_California_Garage_02_0002275,increased_dwell_to_make_energy_feasible,7.981,13.221,2.0031818181818184
California_Garage_02,11D_SYN_California_Garage_02_0002286,increased_dwell_to_make_energy_feasible,0.64,10.853,1.6443939393939395
California_Garage_02,11D_SYN_California_Garage_02_0002289,increased_dwell_to_make_energy_feasible,0.915,13.91,2.107575757575758
California_Garage_02,11D_SYN_California_Garage_02_0002298,increased_dwell_to_make_energy_feasible,8.275,13.991,2.119848484848485
California_Garage_02,11D_SYN_California_Garage_02_0002301,increased_dwell_to_make_energy_feasible,6.297,13.869,2.1013636363636365
California_Garage_02,11D_SYN_California_Garage_02_0002311,increased_dwell_to_make_energy_feasible,5.05,9.046,1.3706060606060606
California_Garage_02,11D_SYN_California_Garage_02_0002315,increased_dwell_to_make_energy_feasible,8.673,11.268,1.7072727272727275
California_Garage_02,11D_SYN_California_Garage_02_0002316,increased_dwell_to_make_energy_feasible,4.148,13.871,2.101666666666667
California_Garage_02,11D_SYN_California_Garage_02_0002320,increased_dwell_to_make_energy_feasible,13.907,6.093,0.9231818181818182
California_Garage_02,11D_SYN_California_Garage_02_0002321,increased_dwell_to_make_energy_feasible,16.16,5.958,0.9027272727272728
California_Garage_02,11D_SYN_California_Garage_02_0002334,increased_dwell_to_make_energy_feasible,1.02,13.223,2.003484848484849
California_Garage_02,11D_SYN_California_Garage_02_0002361,increased_dwell_to_make_energy_feasible,4.469,13.991,2.119848484848485
California_Garage_02,11D_SYN_California_Garage_02_0002364,increased_dwell_to_make_energy_feasible,7.138,2.59,0.3924242424242424
California_Garage_02,11D_SYN_California_Garage_02_0002365,increased_dwell_to_make_energy_feasible,9.801,21.659,3.2816666666666667
California_Garage_02,11D_SYN_California_Garage_02_0002372,increased_dwell_to_make_energy_feasible,10.312,13.881,2.1031818181818185
California_Garage_02,11D_SYN_California_Garage_02_0002375,increased_dwell_to_make_energy_feasible,5.444024790917713,13.901,2.1062121212121214
California_Garage_02,11D_SYN_California_Garage_02_0002377,increased_dwell_to_make_energy_feasible,1.945,7.393,1.1201515151515151
California_Garage_02,11D_SYN_California_Garage_02_0002387,increased_dwell_to_make_energy_feasible,1.938,30.472,4.616969696969697
California_Garage_02,11D_SYN_California_Garage_02_0002391,increased_dwell_to_make_energy_feasible,4.637,13.941,2.1122727272727273
California_Garage_02,11D_SYN_California_Garage_02_0002395,increased_dwell_to_make_energy_feasible,9.569,5.029,0.761969696969697
California_Garage_02,11D_SYN_California_Garage_02_0002396,increased_dwell_to_make_energy_feasible,6.915,9.171,1.3895454545454544
California_Garage_02,11D_SYN_California_Garage_02_0002416,increased_dwell_to_make_energy_feasible,6.701,13.06,1.978787878787879
California_Garage_02,11D_SYN_California_Garage_02_0002430,increased_dwell_to_make_energy_feasible,9.958,9.526,1.4433333333333334
California_Garage_02,11D_SYN_California_Garage_02_0002473,increased_dwell_to_make_energy_feasible,2.618,4.324,0.6551515151515152
California_Garage_02,11D_SYN_California_Garage_02_0002481,increased_dwell_to_make_energy_feasible,14.163337222222223,8.983,1.3610606060606063
California_Garage_02,11D_SYN_California_Garage_02_0002485,increased_dwell_to_make_energy_feasible,3.446,13.906,2.1069696969696974
California_Garage_02,11D_SYN_California_Garage_02_0002487,increased_dwell_to_make_energy_feasible,8.216,13.927,2.1101515151515153
California_Garage_02,11D_SYN_California_Garage_02_0002498,increased_dwell_to_make_energy_feasible,5.623,10.203,1.545909090909091
California_Garage_02,11D_SYN_California_Garage_02_0002507,increased_dwell_to_make_energy_feasible,9.548,6.66,1.0090909090909093
California_Garage_02,11D_SYN_California_Garage_02_0002511,increased_dwell_to_make_energy_feasible,1.751,16.715,2.5325757575757577
California_Garage_02,11D_SYN_California_Garage_02_0002527,increased_dwell_to_make_energy_feasible,6.197,39.874,6.041515151515152
California_Garage_02,11D_SYN_California_Garage_02_0002535,increased_dwell_to_make_energy_feasible,13.885,20.674,3.1324242424242423
California_Garage_02,11D_SYN_California_Garage_02_0002538,increased_dwell_to_make_energy_feasible,7.089,18.87093488650053,2.8592325585606866
California_Garage_02,11D_SYN_California_Garage_02_0002544,increased_dwell_to_make_energy_feasible,5.67,12.572,1.9048484848484848
California_Garage_02,11D_SYN_California_Garage_02_0002545,increased_dwell_to_make_energy_feasible,9.239,12.414,1.8809090909090909
California_Garage_02,11D_SYN_California_Garage_02_0002550,increased_dwell_to_make_energy_feasible,11.43,13.908,2.1072727272727274
California_Garage_02,11D_SYN_California_Garage_02_0002559,increased_dwell_to_make_energy_feasible,10.254,11.767,1.782878787878788
California_Garage_02,11D_SYN_California_Garage_02_0002562,increased_dwell_to_make_energy_feasible,8.666,13.987,2.119242424242424
California_Garage_02,11D_SYN_California_Garage_02_0002567,increased_dwell_to_make_energy_feasible,13.291,13.699,2.0756060606060607
California_Garage_02,11D_SYN_California_Garage_02_0002575,increased_dwell_to_make_energy_feasible,4.091,11.211,1.6986363636363637
California_Garage_02,11D_SYN_California_Garage_02_0002579,increased_dwell_to_make_energy_feasible,6.705,13.892,2.104848484848485
California_Garage_02,11D_SYN_California_Garage_02_0002596,increased_dwell_to_make_energy_feasible,3.915,14.11,2.1378787878787877
California_Garage_02,11D_SYN_California_Garage_02_0002602,increased_dwell_to_make_energy_feasible,2.898,11.527,1.7465151515151516
California_Garage_02,11D_SYN_California_Garage_02_0002604,increased_dwell_to_make_energy_feasible,21.168,3.96,0.6
California_Garage_02,11D_SYN_California_Garage_02_0002609,increased_dwell_to_make_energy_feasible,2.305,34.095,5.165909090909091
California_Garage_02,11D_SYN_California_Garage_02_0002633,increased_dwell_to_make_energy_feasible,1.635,41.868,6.343636363636365
California_Garage_02,11D_SYN_California_Garage_02_0002639,increased_dwell_to_make_energy_feasible,12.563,9.839,1.490757575757576
California_Garage_02,11D_SYN_California_Garage_02_0002640,increased_dwell_to_make_energy_feasible,9.677,2.955,0.44772727272727275
California_Garage_02,11D_SYN_California_Garage_02_0002642,increased_dwell_to_make_energy_feasible,4.457,10.562,1.6003030303030303
California_Garage_02,11D_SYN_California_Garage_02_0002643,increased_dwell_to_make_energy_feasible,5.996,13.818,2.0936363636363637
California_Garage_02,11D_SYN_California_Garage_02_0002649,increased_dwell_to_make_energy_feasible,2.428,14.327827060931783,2.170882888019967
California_Garage_02,11D_SYN_California_Garage_02_0002662,increased_dwell_to_make_energy_feasible,10.542,6.985,1.0583333333333333
California_Garage_02,11D_SYN_California_Garage_02_0002664,increased_dwell_to_make_energy_feasible,13.905,5.305,0.8037878787878788
California_Garage_02,11D_SYN_California_Garage_02_0002666,increased_dwell_to_make_energy_feasible,2.884858124252898,12.443,1.8853030303030303
California_Garage_02,11D_SYN_California_Garage_02_0002689,increased_dwell_to_make_energy_feasible,1.863,14.064,2.130909090909091
California_Garage_02,11D_SYN_California_Garage_02_0002695,increased_dwell_to_make_energy_feasible,4.709,13.208,2.0012121212121214
California_Garage_02,11D_SYN_California_Garage_02_0002699,increased_dwell_to_make_energy_feasible,21.543,7.399,1.121060606060606
California_Garage_02,11D_SYN_California_Garage_02_0002711,increased_dwell_to_make_energy_feasible,14.041,13.154,1.9930303030303032
California_Garage_02,11D_SYN_California_Garage_02_0002716,increased_dwell_to_make_energy_feasible,2.498,11.856,1.7963636363636364
California_Garage_02,11D_SYN_California_Garage_02_0002719,increased_dwell_to_make_energy_feasible,2.556,13.913,2.1080303030303034
California_Garage_02,11D_SYN_California_Garage_02_0002735,increased_dwell_to_make_energy_feasible,11.656,11.856,1.7963636363636364
California_Garage_02,11D_SYN_California_Garage_02_0002739,increased_dwell_to_make_energy_feasible,6.538,3.932,0.5957575757575758
California_Garage_02,11D_SYN_California_Garage_02_0002749,increased_dwell_to_make_energy_feasible,2.552,13.912,2.107878787878788
California_Garage_02,11D_SYN_California_Garage_02_0002752,increased_dwell_to_make_energy_feasible,18.518,11.38,1.7242424242424244
California_Garage_02,11D_SYN_California_Garage_02_0002756,increased_dwell_to_make_energy_feasible,3.164,13.974,2.117272727272727
California_Garage_02,11D_SYN_California_Garage_02_0002759,increased_dwell_to_make_energy_feasible,9.86,11.695,1.7719696969696972
California_Garage_02,11D_SYN_California_Garage_02_0002764,increased_dwell_to_make_energy_feasible,2.504,10.879,1.6483333333333334
California_Garage_02,11D_SYN_California_Garage_02_0002770,increased_dwell_to_make_energy_feasible,8.835,3.245,0.4916666666666667
California_Garage_02,11D_SYN_California_Garage_02_0002776,increased_dwell_to_make_energy_feasible,1.231,7.262,1.1003030303030303
California_Garage_02,11D_SYN_California_Garage_02_0002783,increased_dwell_to_make_energy_feasible,3.145,10.684,1.6187878787878787
California_Garage_02,11D_SYN_California_Garage_02_0002788,increased_dwell_to_make_energy_feasible,6.012,12.45,1.8863636363636365
California_Garage_02,11D_SYN_California_Garage_02_0002799,increased_dwell_to_make_energy_feasible,13.868,4.695,0.7113636363636364
California_Garage_02,11D_SYN_California_Garage_02_0002801,increased_dwell_to_make_energy_feasible,6.398,2.737,0.41469696969696973
California_Garage_02,11D_SYN_California_Garage_02_0002805,increased_dwell_to_make_energy_feasible,4.234,2.709,0.41045454545454546
California_Garage_02,11D_SYN_California_Garage_02_0002810,increased_dwell_to_make_energy_feasible,5.448,6.637,1.0056060606060606
California_Garage_02,11D_SYN_California_Garage_02_0002818,increased_dwell_to_make_energy_feasible,9.109,11.091,1.6804545454545454
California_Garage_02,11D_SYN_California_Garage_02_0002821,increased_dwell_to_make_energy_feasible,6.161,13.208,2.0012121212121214
California_Garage_02,11D_SYN_California_Garage_02_0002826,increased_dwell_to_make_energy_feasible,5.814,13.228,2.0042424242424244
California_Garage_02,11D_SYN_California_Garage_02_0002832,increased_dwell_to_make_energy_feasible,25.573,8.168,1.2375757575757576
California_Garage_02,11D_SYN_California_Garage_02_0002845,increased_dwell_to_make_energy_feasible,14.504,13.937,2.111666666666667
California_Garage_02,11D_SYN_California_Garage_02_0002848,increased_dwell_to_make_energy_feasible,13.079,12.398,1.8784848484848486
California_Garage_02,11D_SYN_California_Garage_02_0002856,increased_dwell_to_make_energy_feasible,26.163,16.485,2.4977272727272726
California_Garage_02,11D_SYN_California_Garage_02_0002862,increased_dwell_to_make_energy_feasible,8.352,13.903,2.106515151515152
California_Garage_02,11D_SYN_California_Garage_02_0002871,increased_dwell_to_make_energy_feasible,8.932,4.048,0.6133333333333334
California_Garage_02,11D_SYN_California_Garage_02_0002876,increased_dwell_to_make_energy_feasible,7.609,13.02,1.9727272727272727
California_Garage_02,11D_SYN_California_Garage_02_0002882,increased_dwell_to_make_energy_feasible,13.96,15.554938769424547,2.3568089044582647
California_Garage_02,11D_SYN_California_Garage_02_0002885,increased_dwell_to_make_energy_feasible,0.977,14.722,2.2306060606060605
California_Garage_02,11D_SYN_California_Garage_02_0002886,increased_dwell_to_make_energy_feasible,12.415,11.723,1.7762121212121214
California_Garage_02,11D_SYN_California_Garage_02_0002888,increased_dwell_to_make_energy_feasible,0.866,13.205,2.000757575757576
California_Garage_02,11D_SYN_California_Garage_02_0002896,increased_dwell_to_make_energy_feasible,8.734,10.607,1.6071212121212122
California_Garage_02,11D_SYN_California_Garage_02_0002897,increased_dwell_to_make_energy_feasible,1.042,13.909,2.1074242424242424
California_Garage_02,11D_SYN_California_Garage_02_0002901,increased_dwell_to_make_energy_feasible,9.772,13.88,2.1030303030303035
California_Garage_02,11D_SYN_California_Garage_02_0002909,increased_dwell_to_make_energy_feasible,13.985,12.395,1.8780303030303032
California_Garage_02,11D_SYN_California_Garage_02_0002913,increased_dwell_to_make_energy_feasible,2.07,13.768,2.0860606060606064
California_Garage_02,11D_SYN_California_Garage_02_0002918,increased_dwell_to_make_energy_feasible,11.892,8.163,1.2368181818181818
California_Garage_02,11D_SYN_California_Garage_02_0002923,increased_dwell_to_make_energy_feasible,10.248,13.025,1.9734848484848486
California_Garage_02,11D_SYN_California_Garage_02_0002924,increased_dwell_to_make_energy_feasible,7.26,13.447,2.0374242424242426
California_Garage_02,11D_SYN_California_Garage_02_0002926,increased_dwell_to_make_energy_feasible,10.372,14.967,2.267727272727273
California_Garage_02,11D_SYN_California_Garage_02_0002929,increased_dwell_to_make_energy_feasible,13.711,13.89,2.104545454545455
California_Garage_02,11D_SYN_California_Garage_02_0002940,increased_dwell_to_make_energy_feasible,10.419,13.93,2.110606060606061
California_Garage_02,11D_SYN_California_Garage_02_0002943,increased_dwell_to_make_energy_feasible,9.271,12.817,1.9419696969696971
California_Garage_02,11D_SYN_California_Garage_02_0002952,increased_dwell_to_make_energy_feasible,7.95,10.733,1.6262121212121214
California_Garage_02,11D_SYN_California_Garage_02_0002966,increased_dwell_to_make_energy_feasible,12.199,13.874,2.1021212121212125
California_Garage_02,11D_SYN_California_Garage_02_0002975,increased_dwell_to_make_energy_feasible,12.001,10.605,1.606818181818182
California_Garage_02,11D_SYN_California_Garage_02_0002979,increased_dwell_to_make_energy_feasible,16.386,4.395,0.6659090909090909
California_Garage_02,11D_SYN_California_Garage_02_0002986,increased_dwell_to_make_energy_feasible,6.772,13.917,2.108636363636364
California_Garage_02,11D_SYN_California_Garage_02_0003001,increased_dwell_to_make_energy_feasible,1.92,3.4814053166054846,0.527485654031134
California_Garage_02,11D_SYN_California_Garage_02_0003002,increased_dwell_to_make_energy_feasible,2.327,6.156,0.9327272727272727
California_Garage_02,11D_SYN_California_Garage_02_0003010,increased_dwell_to_make_energy_feasible,6.289,12.882,1.951818181818182
California_Garage_02,11D_SYN_California_Garage_02_0003012,increased_dwell_to_make_energy_feasible,10.956,2.088,0.3163636363636364
California_Garage_02,11D_SYN_California_Garage_02_0003014,increased_dwell_to_make_energy_feasible,5.885,14.117,2.138939393939394
California_Garage_02,11D_SYN_California_Garage_02_0003021,increased_dwell_to_make_energy_feasible,1.954,10.13,1.5348484848484851
California_Garage_02,11D_SYN_California_Garage_02_0003026,increased_dwell_to_make_energy_feasible,7.633,5.359,0.811969696969697
California_Garage_02,11D_SYN_California_Garage_02_0003029,increased_dwell_to_make_energy_feasible,13.291,8.571,1.2986363636363636
California_Garage_02,11D_SYN_California_Garage_02_0003034,increased_dwell_to_make_energy_feasible,19.589,39.406,5.970606060606061
California_Garage_02,11D_SYN_California_Garage_02_0003042,increased_dwell_to_make_energy_feasible,2.664,4.746,0.7190909090909092
California_Garage_02,11D_SYN_California_Garage_02_0003044,increased_dwell_to_make_energy_feasible,13.919,10.992,1.6654545454545457
California_Garage_02,11D_SYN_California_Garage_02_0003048,increased_dwell_to_make_energy_feasible,5.7,5.972,0.904848484848485
California_Garage_02,11D_SYN_California_Garage_02_0003067,increased_dwell_to_make_energy_feasible,3.397,12.977,1.9662121212121213
California_Garage_02,11D_SYN_California_Garage_02_0003079,increased_dwell_to_make_energy_feasible,5.611,11.657,1.7662121212121213
California_Garage_02,11D_SYN_California_Garage_02_0003098,increased_dwell_to_make_energy_feasible,10.227,10.532,1.595757575757576
California_Garage_02,11D_SYN_California_Garage_02_0003113,increased_dwell_to_make_energy_feasible,13.046,5.991,0.9077272727272727
California_Garage_02,11D_SYN_California_Garage_02_0003119,increased_dwell_to_make_energy_feasible,13.875,21.671,3.2834848484848487
California_Garage_02,11D_SYN_California_Garage_02_0003126,increased_dwell_to_make_energy_feasible,1.523,32.61,4.940909090909091
California_Garage_02,11D_SYN_California_Garage_02_0003132,increased_dwell_to_make_energy_feasible,6.569,10.254,1.5536363636363637
California_Garage_02,11D_SYN_California_Garage_02_0003140,increased_dwell_to_make_energy_feasible,12.391,16.269,2.465
California_Garage_02,11D_SYN_California_Garage_02_0003145,increased_dwell_to_make_energy_feasible,4.868,12.267,1.8586363636363636
California_Garage_02,11D_SYN_California_Garage_02_0003149,increased_dwell_to_make_energy_feasible,5.242,26.378,3.996666666666667
California_Garage_02,11D_SYN_California_Garage_02_0003151,increased_dwell_to_make_energy_feasible,6.523,6.757,1.0237878787878787
California_Garage_02,11D_SYN_California_Garage_02_0003155,increased_dwell_to_make_energy_feasible,17.176,13.238,2.005757575757576
California_Garage_02,11D_SYN_California_Garage_02_0003161,increased_dwell_to_make_energy_feasible,6.064,14.97,2.2681818181818185
California_Garage_02,11D_SYN_California_Garage_02_0003185,increased_dwell_to_make_energy_feasible,2.392,4.223,0.6398484848484849
California_Garage_02,11D_SYN_California_Garage_02_0003188,increased_dwell_to_make_energy_feasible,9.885,4.568,0.6921212121212121
California_Garage_02,11D_SYN_California_Garage_02_0003191,increased_dwell_to_make_energy_feasible,1.71,6.395,0.9689393939393939
California_Garage_02,11D_SYN_California_Garage_02_0003192,increased_dwell_to_make_energy_feasible,2.161,13.288,2.0133333333333336
California_Garage_02,11D_SYN_California_Garage_02_0003206,increased_dwell_to_make_energy_feasible,13.918,13.932,2.1109090909090913
California_Garage_02,11D_SYN_California_Garage_02_0003208,increased_dwell_to_make_energy_feasible,8.64,13.277,2.0116666666666667
California_Garage_02,11D_SYN_California_Garage_02_0003212,increased_dwell_to_make_energy_feasible,12.1,12.851,1.9471212121212123
California_Garage_02,11D_SYN_California_Garage_02_0003223,increased_dwell_to_make_energy_feasible,1.516,23.303,3.530757575757576
California_Garage_02,11D_SYN_California_Garage_02_0003228,increased_dwell_to_make_energy_feasible,6.353,5.602,0.8487878787878789
California_Garage_02,11D_SYN_California_Garage_02_0003231,increased_dwell_to_make_energy_feasible,5.218,3.235,0.49015151515151517
California_Garage_02,11D_SYN_California_Garage_02_0003232,increased_dwell_to_make_energy_feasible,12.273,2.134,0.32333333333333336
California_Garage_02,11D_SYN_California_Garage_02_0003239,increased_dwell_to_make_energy_feasible,6.588,13.54,2.0515151515151513
California_Garage_02,11D_SYN_California_Garage_02_0003243,increased_dwell_to_make_energy_feasible,9.182,13.874,2.1021212121212125
California_Garage_02,11D_SYN_California_Garage_02_0003245,increased_dwell_to_make_energy_feasible,13.212,12.642,1.9154545454545455
California_Garage_02,11D_SYN_California_Garage_02_0003246,increased_dwell_to_make_energy_feasible,0.886,7.723838112300514,1.1702785018637143
California_Garage_02,11D_SYN_California_Garage_02_0003249,increased_dwell_to_make_energy_feasible,7.767,3.618,0.5481818181818182
California_Garage_02,11D_SYN_California_Garage_02_0003270,increased_dwell_to_make_energy_feasible,13.811,40.858,6.1906060606060604
California_Garage_02,11D_SYN_California_Garage_02_0003271,increased_dwell_to_make_energy_feasible,13.214,16.622,2.5184848484848485
California_Garage_02,11D_SYN_California_Garage_02_0003280,increased_dwell_to_make_energy_feasible,13.874,13.954,2.1142424242424243
California_Garage_02,11D_SYN_California_Garage_02_0003281,increased_dwell_to_make_energy_feasible,6.525,15.294,2.3172727272727274
California_Garage_02,11D_SYN_California_Garage_02_0003282,increased_dwell_to_make_energy_feasible,2.215,42.008,6.364848484848485
California_Garage_02,11D_SYN_California_Garage_02_0003289,increased_dwell_to_make_energy_feasible,6.555,6.289,0.9528787878787879
California_Garage_02,11D_SYN_California_Garage_02_0003292,increased_dwell_to_make_energy_feasible,2.292,23.794,3.6051515151515154
California_Garage_02,11D_SYN_California_Garage_02_0003293,increased_dwell_to_make_energy_feasible,9.259,4.388845579449898,0.6649766029469543
California_Garage_02,11D_SYN_California_Garage_02_0003308,increased_dwell_to_make_energy_feasible,13.868,40.112,6.077575757575758
California_Garage_02,11D_SYN_California_Garage_02_0003323,increased_dwell_to_make_energy_feasible,1.163,7.17,1.0863636363636364
California_Garage_02,11D_SYN_California_Garage_02_0003325,increased_dwell_to_make_energy_feasible,11.596,12.069,1.8286363636363638
California_Garage_02,11D_SYN_California_Garage_02_0003328,increased_dwell_to_make_energy_feasible,2.035,13.883,2.1034848484848485
California_Garage_02,11D_SYN_California_Garage_02_0003335,increased_dwell_to_make_energy_feasible,8.522,13.99,2.1196969696969696
California_Garage_02,11D_SYN_California_Garage_02_0003345,increased_dwell_to_make_energy_feasible,4.77,13.895,2.1053030303030305
California_Garage_02,11D_SYN_California_Garage_02_0003346,increased_dwell_to_make_energy_feasible,0.753,10.131,1.5350000000000001
California_Garage_02,11D_SYN_California_Garage_02_0003350,increased_dwell_to_make_energy_feasible,13.876,14.363508064512107,2.1762891006836527
California_Garage_02,11D_SYN_California_Garage_02_0003352,increased_dwell_to_make_energy_feasible,5.389,16.715,2.5325757575757577
California_Garage_02,11D_SYN_California_Garage_02_0003353,increased_dwell_to_make_energy_feasible,14.438,15.554,2.356666666666667
California_Garage_02,11D_SYN_California_Garage_02_0003361,increased_dwell_to_make_energy_feasible,1.772,12.108,1.8345454545454547
California_Garage_02,11D_SYN_California_Garage_02_0003363,increased_dwell_to_make_energy_feasible,1.779,15.322,2.3215151515151513
California_Garage_02,11D_SYN_California_Garage_02_0003364,increased_dwell_to_make_energy_feasible,13.884,30.553,4.629242424242425
California_Garage_02,11D_SYN_California_Garage_02_0003365,increased_dwell_to_make_energy_feasible,13.713333333333336,14.478,2.193636363636364
California_Garage_02,11D_SYN_California_Garage_02_0003380,increased_dwell_to_make_energy_feasible,2.268,13.205,2.000757575757576
California_Garage_02,11D_SYN_California_Garage_02_0003387,increased_dwell_to_make_energy_feasible,2.769,4.922,0.7457575757575757
California_Garage_02,11D_SYN_California_Garage_02_0003388,increased_dwell_to_make_energy_feasible,2.051,19.725,2.988636363636364
California_Garage_02,11D_SYN_California_Garage_02_0003391,increased_dwell_to_make_energy_feasible,5.992613500598342,9.059,1.3725757575757576
California_Garage_02,11D_SYN_California_Garage_02_0003393,increased_dwell_to_make_energy_feasible,11.77,8.978,1.3603030303030303
California_Garage_02,11D_SYN_California_Garage_02_0003399,increased_dwell_to_make_energy_feasible,2.697,6.274,0.9506060606060607
California_Garage_02,11D_SYN_California_Garage_02_0003424,increased_dwell_to_make_energy_feasible,2.092,3.044,0.46121212121212124
California_Garage_02,11D_SYN_California_Garage_02_0003425,increased_dwell_to_make_energy_feasible,11.301,7.494,1.1354545454545455
California_Garage_02,11D_SYN_California_Garage_02_0003428,increased_dwell_to_make_energy_feasible,11.21,4.822,0.7306060606060607
California_Garage_02,11D_SYN_California_Garage_02_0003440,increased_dwell_to_make_energy_feasible,6.765,5.507,0.8343939393939394
California_Garage_02,11D_SYN_California_Garage_02_0003448,increased_dwell_to_make_energy_feasible,6.274,9.473,1.4353030303030305
California_Garage_02,11D_SYN_California_Garage_02_0003449,increased_dwell_to_make_energy_feasible,8.23,12.275,1.859848484848485
California_Garage_02,11D_SYN_California_Garage_02_0003450,increased_dwell_to_make_energy_feasible,13.877,6.609,1.0013636363636365
California_Garage_02,11D_SYN_California_Garage_02_0003453,increased_dwell_to_make_energy_feasible,3.377,42.377,6.420757575757577
California_Garage_02,11D_SYN_California_Garage_02_0003470,increased_dwell_to_make_energy_feasible,5.155,13.644,2.0672727272727274
California_Garage_02,11D_SYN_California_Garage_02_0003472,increased_dwell_to_make_energy_feasible,25.509,9.415,1.4265151515151515
California_Garage_02,11D_SYN_California_Garage_02_0003474,increased_dwell_to_make_energy_feasible,13.905,8.219,1.2453030303030304
California_Garage_02,11D_SYN_California_Garage_02_0003475,increased_dwell_to_make_energy_feasible,2.528,9.72,1.4727272727272729
California_Garage_02,11D_SYN_California_Garage_02_0003484,increased_dwell_to_make_energy_feasible,11.289,13.267,2.0101515151515152
California_Garage_02,11D_SYN_California_Garage_02_0003491,increased_dwell_to_make_energy_feasible,3.21,27.201,4.121363636363637
California_Garage_02,11D_SYN_California_Garage_02_0003496,increased_dwell_to_make_energy_feasible,1.814,13.942,2.1124242424242428
California_Garage_02,11D_SYN_California_Garage_02_0003498,increased_dwell_to_make_energy_feasible,5.386,11.59281138888889,1.7564865740740743
California_Garage_02,11D_SYN_California_Garage_02_0003519,increased_dwell_to_make_energy_feasible,11.892,40.035,6.0659090909090905
California_Garage_02,11D_SYN_California_Garage_02_0003522,increased_dwell_to_make_energy_feasible,2.451,21.143,3.2034848484848486
California_Garage_02,11D_SYN_California_Garage_02_0003523,increased_dwell_to_make_energy_feasible,13.781,8.128,1.2315151515151517
California_Garage_02,11D_SYN_California_Garage_02_0003524,increased_dwell_to_make_energy_feasible,4.817,13.871,2.101666666666667
California_Garage_02,11D_SYN_California_Garage_02_0003554,increased_dwell_to_make_energy_feasible,12.069,33.969,5.146818181818182
California_Garage_02,11D_SYN_California_Garage_02_0003557,increased_dwell_to_make_energy_feasible,12.91,4.907,0.7434848484848485
California_Garage_02,11D_SYN_California_Garage_02_0003559,increased_dwell_to_make_energy_feasible,7.723838112300514,4.535416666666067,0.6871843434342526
California_Garage_02,11D_SYN_California_Garage_02_0003577,increased_dwell_to_make_energy_feasible,4.053,15.126,2.291818181818182
California_Garage_02,11D_SYN_California_Garage_02_0003578,increased_dwell_to_make_energy_feasible,9.709,16.107,2.4404545454545454
California_Garage_02,11D_SYN_California_Garage_02_0003580,increased_dwell_to_make_energy_feasible,2.816,15.085,2.2856060606060606
California_Garage_02,11D_SYN_California_Garage_02_0003581,increased_dwell_to_make_energy_feasible,4.926,13.876,2.1024242424242425
California_Garage_02,11D_SYN_California_Garage_02_0003584,increased_dwell_to_make_energy_feasible,9.169,10.399,1.5756060606060605
California_Garage_02,11D_SYN_California_Garage_02_0003586,increased_dwell_to_make_energy_feasible,2.187,13.776,2.0872727272727274
California_Garage_02,11D_SYN_California_Garage_02_0003588,increased_dwell_to_make_energy_feasible,0.869,18.68,2.8303030303030305
California_Garage_02,11D_SYN_California_Garage_02_0003593,increased_dwell_to_make_energy_feasible,13.198,9.166,1.388787878787879
California_Garage_02,11D_SYN_California_Garage_02_0003595,increased_dwell_to_make_energy_feasible,15.275,14.253,2.1595454545454547
California_Garage_02,11D_SYN_California_Garage_02_0003598,increased_dwell_to_make_energy_feasible,3.221,7.289,1.1043939393939395
California_Garage_02,11D_SYN_California_Garage_02_0003600,increased_dwell_to_make_energy_feasible,10.359,9.244,1.4006060606060606
California_Garage_02,11D_SYN_California_Garage_02_0003604,increased_dwell_to_make_energy_feasible,13.65,5.017,0.7601515151515152
California_Garage_02,11D_SYN_California_Garage_02_0003620,increased_dwell_to_make_energy_feasible,9.071,13.205,2.000757575757576
California_Garage_02,11D_SYN_California_Garage_02_0003621,increased_dwell_to_make_energy_feasible,11.816,10.211,1.5471212121212123
California_Garage_02,11D_SYN_California_Garage_02_0003623,increased_dwell_to_make_energy_feasible,3.789,16.009,2.4256060606060608
California_Garage_02,11D_SYN_California_Garage_02_0003636,increased_dwell_to_make_energy_feasible,4.636,6.658,1.0087878787878788
California_Garage_02,11D_SYN_California_Garage_02_0003637,increased_dwell_to_make_energy_feasible,13.899,2.537,0.3843939393939394
California_Garage_02,11D_SYN_California_Garage_02_0003645,increased_dwell_to_make_energy_feasible,5.41,6.891,1.0440909090909092
California_Garage_02,11D_SYN_California_Garage_02_0003662,increased_dwell_to_make_energy_feasible,13.906,13.887,2.1040909090909095
California_Garage_02,11D_SYN_California_Garage_02_0003667,increased_dwell_to_make_energy_feasible,12.542,14.026,2.1251515151515155
California_Garage_02,11D_SYN_California_Garage_02_0003672,increased_dwell_to_make_energy_feasible,13.907,3.393,0.514090909090909
California_Garage_02,11D_SYN_California_Garage_02_0003678,increased_dwell_to_make_energy_feasible,2.663,7.895,1.1962121212121213
California_Garage_02,11D_SYN_California_Garage_02_0003685,increased_dwell_to_make_energy_feasible,10.169,11.668,1.7678787878787878
California_Garage_02,11D_SYN_California_Garage_02_0003690,increased_dwell_to_make_energy_feasible,6.667,18.894,2.862727272727273
California_Garage_02,11D_SYN_California_Garage_02_0003709,increased_dwell_to_make_energy_feasible,13.865,2.997,0.4540909090909091
California_Garage_02,11D_SYN_California_Garage_02_0003711,increased_dwell_to_make_energy_feasible,10.201,12.509,1.8953030303030305
California_Garage_02,11D_SYN_California_Garage_02_0003713,increased_dwell_to_make_energy_feasible,11.796,13.13,1.9893939393939397
California_Garage_02,11D_SYN_California_Garage_02_0003716,increased_dwell_to_make_energy_feasible,0.505,11.153,1.689848484848485
California_Garage_02,11D_SYN_California_Garage_02_0003724,increased_dwell_to_make_energy_feasible,11.206,11.38,1.7242424242424244
California_Garage_02,11D_SYN_California_Garage_02_0003725,increased_dwell_to_make_energy_feasible,0.783,25.534,3.8687878787878787
California_Garage_02,11D_SYN_California_Garage_02_0003728,increased_dwell_to_make_energy_feasible,0.916,7.644,1.1581818181818182
California_Garage_02,11D_SYN_California_Garage_02_0003731,increased_dwell_to_make_energy_feasible,2.029,13.894,2.1051515151515154
California_Garage_02,11D_SYN_California_Garage_02_0003738,increased_dwell_to_make_energy_feasible,4.306,16.003,2.42469696969697
California_Garage_02,11D_SYN_California_Garage_02_0003742,increased_dwell_to_make_energy_feasible,1.722,7.695,1.165909090909091
California_Garage_02,11D_SYN_California_Garage_02_0003747,increased_dwell_to_make_energy_feasible,12.267,16.546,2.506969696969697
California_Garage_02,11D_SYN_California_Garage_02_0003754,increased_dwell_to_make_energy_feasible,13.905,2.848,0.4315151515151515
California_Garage_02,11D_SYN_California_Garage_02_0003759,increased_dwell_to_make_energy_feasible,2.654,13.908,2.1072727272727274
California_Garage_02,11D_SYN_California_Garage_02_0003764,increased_dwell_to_make_energy_feasible,10.615,17.48487007168597,2.649222738134238
California_Garage_02,11D_SYN_California_Garage_02_0003766,increased_dwell_to_make_energy_feasible,5.374,13.883,2.1034848484848485
California_Garage_02,11D_SYN_California_Garage_02_0003771,increased_dwell_to_make_energy_feasible,7.465,5.979,0.905909090909091
California_Garage_02,11D_SYN_California_Garage_02_0003774,increased_dwell_to_make_energy_feasible,2.103,17.534663978496432,2.6567672694691566
California_Garage_02,11D_SYN_California_Garage_02_0003776,increased_dwell_to_make_energy_feasible,14.083,13.987,2.119242424242424
California_Garage_02,11D_SYN_California_Garage_02_0003781,increased_dwell_to_make_energy_feasible,13.885,17.446,2.6433333333333335
California_Garage_02,11D_SYN_California_Garage_02_0003786,increased_dwell_to_make_energy_feasible,0.942,13.902,2.1063636363636364
California_Garage_02,11D_SYN_California_Garage_02_0003790,increased_dwell_to_make_energy_feasible,3.781324671445791,11.668,1.7678787878787878
California_Garage_02,11D_SYN_California_Garage_02_0003797,increased_dwell_to_make_energy_feasible,13.947,14.760188172050436,2.236392147280369
California_Garage_02,11D_SYN_California_Garage_02_0003807,increased_dwell_to_make_energy_feasible,12.17,6.473,0.9807575757575758
California_Garage_02,11D_SYN_California_Garage_02_0003829,increased_dwell_to_make_energy_feasible,11.985,12.143,1.839848484848485
California_Garage_02,11D_SYN_California_Garage_02_0003831,increased_dwell_to_make_energy_feasible,17.536,12.829,1.943787878787879
California_Garage_02,11D_SYN_California_Garage_02_0003838,increased_dwell_to_make_energy_feasible,6.055,13.892,2.104848484848485
California_Garage_02,11D_SYN_California_Garage_02_0003839,increased_dwell_to_make_energy_feasible,3.877,11.024,1.6703030303030302
California_Garage_02,11D_SYN_California_Garage_02_0003845,increased_dwell_to_make_energy_feasible,4.956,11.865,1.7977272727272728
California_Garage_02,11D_SYN_California_Garage_02_0003849,increased_dwell_to_make_energy_feasible,6.104,9.635,1.459848484848485
California_Garage_02,11D_SYN_California_Garage_02_0003853,increased_dwell_to_make_energy_feasible,14.683,13.927,2.1101515151515153
California_Garage_02,11D_SYN_California_Garage_02_0003857,increased_dwell_to_make_energy_feasible,7.580961768219736,9.387,1.4222727272727274
California_Garage_02,11D_SYN_California_Garage_02_0003860,increased_dwell_to_make_energy_feasible,6.318,4.829,0.7316666666666667
California_Garage_02,11D_SYN_California_Garage_02_0003864,increased_dwell_to_make_energy_feasible,7.034,10.835,1.6416666666666668
California_Garage_02,11D_SYN_California_Garage_02_0003871,increased_dwell_to_make_energy_feasible,2.039,33.013,5.001969696969697
California_Garage_02,11D_SYN_California_Garage_02_0003877,increased_dwell_to_make_energy_feasible,5.327,13.899,2.105909090909091
California_Garage_02,11D_SYN_California_Garage_02_0003882,increased_dwell_to_make_energy_feasible,8.843,13.186,1.997878787878788
California_Garage_02,11D_SYN_California_Garage_02_0003885,increased_dwell_to_make_energy_feasible,3.167,11.045,1.6734848484848486
California_Garage_02,11D_SYN_California_Garage_02_0003890,increased_dwell_to_make_energy_feasible,3.32,9.364,1.418787878787879
California_Garage_02,11D_SYN_California_Garage_02_0003895,increased_dwell_to_make_energy_feasible,3.345,10.386,1.5736363636363635
California_Garage_02,11D_SYN_California_Garage_02_0003914,increased_dwell_to_make_energy_feasible,13.924,13.288,2.0133333333333336
California_Garage_02,11D_SYN_California_Garage_02_0003915,increased_dwell_to_make_energy_feasible,13.41,1.838,0.2784848484848485
California_Garage_02,11D_SYN_California_Garage_02_0003917,increased_dwell_to_make_energy_feasible,14.346,6.838,1.0360606060606061
California_Garage_02,11D_SYN_California_Garage_02_0003920,increased_dwell_to_make_energy_feasible,6.006,11.278,1.708787878787879
California_Garage_02,11D_SYN_California_Garage_02_0003921,increased_dwell_to_make_energy_feasible,14.74,6.935,1.0507575757575758
California_Garage_02,11D_SYN_California_Garage_02_0003924,increased_dwell_to_make_energy_feasible,1.4169713261649433,11.51547640382332,1.7447691520944424
California_Garage_02,11D_SYN_California_Garage_02_0003931,increased_dwell_to_make_energy_feasible,13.896,25.122,3.8063636363636366
California_Garage_02,11D_SYN_California_Garage_02_0003937,increased_dwell_to_make_energy_feasible,9.341238052569022,2.237,0.338939393939394
California_Garage_02,11D_SYN_California_Garage_02_0003941,increased_dwell_to_make_energy_feasible,13.324,8.799,1.3331818181818182
California_Garage_02,11D_SYN_California_Garage_02_0003948,increased_dwell_to_make_energy_feasible,13.348,11.813,1.789848484848485
California_Garage_02,11D_SYN_California_Garage_02_0003951,increased_dwell_to_make_energy_feasible,6.749,10.547,1.5980303030303031
California_Garage_02,11D_SYN_California_Garage_02_0003960,increased_dwell_to_make_energy_feasible,1.845905017920892,3.652,0.5533333333333333
California_Garage_02,11D_SYN_California_Garage_02_0003963,increased_dwell_to_make_energy_feasible,25.267,10.496,1.5903030303030306
California_Garage_02,11D_SYN_California_Garage_02_0003974,increased_dwell_to_make_energy_feasible,23.181,17.411,2.638030303030303
California_Garage_02,11D_SYN_California_Garage_02_0003978,increased_dwell_to_make_energy_feasible,2.142,10.237,1.5510606060606063
California_Garage_02,11D_SYN_California_Garage_02_0003982,increased_dwell_to_make_energy_feasible,25.509,13.063,1.9792424242424245
California_Garage_02,11D_SYN_California_Garage_02_0003985,increased_dwell_to_make_energy_feasible,4.970134408602171,27.529,4.171060606060606
California_Garage_02,11D_SYN_California_Garage_02_0003986,increased_dwell_to_make_energy_feasible,2.539,13.501,2.0456060606060604
California_Garage_02,11D_SYN_California_Garage_02_0003989,increased_dwell_to_make_energy_feasible,10.116,13.881,2.1031818181818185
California_Garage_02,11D_SYN_California_Garage_02_0003991,increased_dwell_to_make_energy_feasible,13.906,6.906,1.0463636363636364
California_Garage_02,11D_SYN_California_Garage_02_0003992,increased_dwell_to_make_energy_feasible,5.145,11.758,1.7815151515151515
California_Garage_02,11D_SYN_California_Garage_02_0003996,increased_dwell_to_make_energy_feasible,14.842,13.898,2.105757575757576
California_Garage_02,11D_SYN_California_Garage_02_0003997,increased_dwell_to_make_energy_feasible,16.5,3.174,0.4809090909090909
California_Garage_02,11D_SYN_California_Garage_02_0004004,increased_dwell_to_make_energy_feasible,3.399,13.946,2.1130303030303033
California_Garage_02,11D_SYN_California_Garage_02_0004005,increased_dwell_to_make_energy_feasible,12.187,12.791656212661456,1.93812972919113
California_Garage_02,11D_SYN_California_Garage_02_0004007,increased_dwell_to_make_energy_feasible,13.884,29.475,4.465909090909092
California_Garage_02,11D_SYN_California_Garage_02_0004024,increased_dwell_to_make_energy_feasible,11.668,13.917,2.108636363636364
California_Garage_02,11D_SYN_California_Garage_02_0004026,increased_dwell_to_make_energy_feasible,14.033,5.02,0.7606060606060606
California_Garage_02,11D_SYN_California_Garage_02_0004028,increased_dwell_to_make_energy_feasible,27.747,22.998,3.484545454545455
California_Garage_02,11D_SYN_California_Garage_02_0004050,increased_dwell_to_make_energy_feasible,6.982,12.57,1.9045454545454548
California_Garage_02,11D_SYN_California_Garage_02_0004052,increased_dwell_to_make_energy_feasible,8.893,13.522,2.048787878787879
California_Garage_02,11D_SYN_California_Garage_02_0004060,increased_dwell_to_make_energy_feasible,13.9,22.818,3.4572727272727275
California_Garage_02,11D_SYN_California_Garage_02_0004072,increased_dwell_to_make_energy_feasible,6.445,2.623,0.39742424242424246
California_Garage_02,11D_SYN_California_Garage_02_0004100,increased_dwell_to_make_energy_feasible,7.419,10.251,1.5531818181818182
California_Garage_02,11D_SYN_California_Garage_02_0004107,increased_dwell_to_make_energy_feasible,14.25791367980901,13.203,2.0004545454545455
California_Garage_02,11D_SYN_California_Garage_02_0004131,increased_dwell_to_make_energy_feasible,13.873,35.668,5.404242424242424
California_Garage_02,11D_SYN_California_Garage_02_0004138,increased_dwell_to_make_energy_feasible,2.713,13.188,1.9981818181818183
California_Garage_02,11D_SYN_California_Garage_02_0004145,increased_dwell_to_make_energy_feasible,5.975,5.319251792114522,0.805947241229473
California_Garage_02,11D_SYN_California_Garage_02_0004147,increased_dwell_to_make_energy_feasible,13.203,4.215,0.6386363636363637
California_Garage_02,11D_SYN_California_Garage_02_0004175,increased_dwell_to_make_energy_feasible,13.87,13.232,2.004848484848485
California_Garage_02,11D_SYN_California_Garage_02_0004181,increased_dwell_to_make_energy_feasible,8.789,13.893,2.1050000000000004
California_Garage_02,11D_SYN_California_Garage_02_0004193,increased_dwell_to_make_energy_feasible,10.506,10.065,1.525
California_Garage_02,11D_SYN_California_Garage_02_0004196,increased_dwell_to_make_energy_feasible,12.523,13.894,2.1051515151515154
California_Garage_02,11D_SYN_California_Garage_02_0004197,increased_dwell_to_make_energy_feasible,13.064,12.124,1.8369696969696971
California_Garage_02,11D_SYN_California_Garage_02_0004199,increased_dwell_to_make_energy_feasible,14.539,13.568,2.0557575757575757
California_Garage_02,11D_SYN_California_Garage_02_0004200,increased_dwell_to_make_energy_feasible,4.893,15.155,2.2962121212121214
California_Garage_02,11D_SYN_California_Garage_02_0004201,increased_dwell_to_make_energy_feasible,1.307,17.78,2.6939393939393943
California_Garage_02,11D_SYN_California_Garage_02_0004202,increased_dwell_to_make_energy_feasible,4.442,5.653,0.8565151515151515
California_Garage_02,11D_SYN_California_Garage_02_0004207,increased_dwell_to_make_energy_feasible,4.829,13.869,2.1013636363636365
California_Garage_02,11D_SYN_California_Garage_02_0004208,increased_dwell_to_make_energy_feasible,10.226,13.933,2.1110606060606063
California_Garage_02,11D_SYN_California_Garage_02_0004213,increased_dwell_to_make_energy_feasible,3.844,4.419,0.6695454545454546
California_Garage_02,11D_SYN_California_Garage_02_0004214,increased_dwell_to_make_energy_feasible,8.721,10.001,1.5153030303030304
California_Garage_02,11D_SYN_California_Garage_02_0004219,increased_dwell_to_make_energy_feasible,13.544,16.447,2.491969696969697
California_Garage_02,11D_SYN_California_Garage_02_0004220,increased_dwell_to_make_energy_feasible,6.925,4.916,0.744848484848485
California_Garage_02,11D_SYN_California_Garage_02_0004221,increased_dwell_to_make_energy_feasible,1.068,13.906,2.1069696969696974
California_Garage_02,11D_SYN_California_Garage_02_0004224,increased_dwell_to_make_energy_feasible,6.732,25.355,3.841666666666667
California_Garage_02,11D_SYN_California_Garage_02_0004229,increased_dwell_to_make_energy_feasible,10.227,13.538,2.0512121212121213
California_Garage_02,11D_SYN_California_Garage_02_0004230,increased_dwell_to_make_energy_feasible,13.2,6.496,0.9842424242424244
California_Garage_02,11D_SYN_California_Garage_02_0004237,increased_dwell_to_make_energy_feasible,13.899,10.768,1.6315151515151518
California_Garage_02,11D_SYN_California_Garage_02_0004241,increased_dwell_to_make_energy_feasible,9.345,2.285,0.34621212121212125
California_Garage_02,11D_SYN_California_Garage_02_0004243,increased_dwell_to_make_energy_feasible,13.944,39.829,6.03469696969697
California_Garage_02,11D_SYN_California_Garage_02_0004257,increased_dwell_to_make_energy_feasible,13.248,13.939,2.1119696969696973
California_Garage_02,11D_SYN_California_Garage_02_0004266,increased_dwell_to_make_energy_feasible,14.255,34.797,5.272272727272727
California_Garage_02,11D_SYN_California_Garage_02_0004269,increased_dwell_to_make_energy_feasible,15.134,17.343,2.627727272727273
California_Garage_02,11D_SYN_California_Garage_02_0004278,increased_dwell_to_make_energy_feasible,3.432,13.198,1.99969696969697
California_Garage_02,11D_SYN_California_Garage_02_0004281,increased_dwell_to_make_energy_feasible,2.9,13.04,1.9757575757575758
California_Garage_02,11D_SYN_California_Garage_02_0004282,increased_dwell_to_make_energy_feasible,1.446,8.531,1.2925757575757577
California_Garage_02,11D_SYN_California_Garage_02_0004294,increased_dwell_to_make_energy_feasible,5.805,5.985,0.906818181818182
California_Garage_02,11D_SYN_California_Garage_02_0004295,increased_dwell_to_make_energy_feasible,8.998,6.061,0.9183333333333333
California_Garage_02,11D_SYN_California_Garage_02_0004296,increased_dwell_to_make_energy_feasible,13.094,6.996,1.06
California_Garage_02,11D_SYN_California_Garage_02_0004310,increased_dwell_to_make_energy_feasible,6.803,7.66,1.1606060606060606
California_Garage_02,11D_SYN_California_Garage_02_0004314,increased_dwell_to_make_energy_feasible,5.45,19.93,3.01969696969697
California_Garage_02,11D_SYN_California_Garage_02_0004317,increased_dwell_to_make_energy_feasible,4.038,11.35,1.7196969696969697
California_Garage_02,11D_SYN_California_Garage_02_0004318,increased_dwell_to_make_energy_feasible,9.345,13.9,2.1060606060606064
California_Garage_02,11D_SYN_California_Garage_02_0004320,increased_dwell_to_make_energy_feasible,10.369,13.776,2.0872727272727274
California_Garage_02,11D_SYN_California_Garage_02_0004340,increased_dwell_to_make_energy_feasible,4.291557646355346,9.11,1.3803030303030304
California_Garage_02,11D_SYN_California_Garage_02_0004349,increased_dwell_to_make_energy_feasible,13.901,6.94,1.0515151515151517
California_Garage_02,11D_SYN_California_Garage_02_0004354,increased_dwell_to_make_energy_feasible,8.611,13.907,2.1071212121212124
California_Garage_02,11D_SYN_California_Garage_02_0004363,increased_dwell_to_make_energy_feasible,12.817,13.951,2.1137878787878788
California_Garage_02,11D_SYN_California_Garage_02_0004369,increased_dwell_to_make_energy_feasible,11.553968040620935,7.406,1.122121212121212
California_Garage_02,11D_SYN_California_Garage_02_0004378,increased_dwell_to_make_energy_feasible,2.667,3.412,0.516969696969697
California_Garage_02,11D_SYN_California_Garage_02_0004386,increased_dwell_to_make_energy_feasible,4.245,11.527,1.7465151515151516
California_Garage_02,11D_SYN_California_Garage_02_0004388,increased_dwell_to_make_energy_feasible,0.516,6.023,0.9125757575757576
California_Garage_02,11D_SYN_California_Garage_02_0004404,increased_dwell_to_make_energy_feasible,4.676,3.986,0.603939393939394
California_Garage_02,11D_SYN_California_Garage_02_0004405,increased_dwell_to_make_energy_feasible,13.871,13.87,2.1015151515151516
California_Garage_02,11D_SYN_California_Garage_02_0004409,increased_dwell_to_make_energy_feasible,27.713,9.145,1.3856060606060605
California_Garage_02,11D_SYN_California_Garage_02_0004414,increased_dwell_to_make_energy_feasible,9.643,13.959,2.115
California_Garage_02,11D_SYN_California_Garage_02_0004418,increased_dwell_to_make_energy_feasible,12.896,10.971,1.6622727272727273
California_Garage_02,11D_SYN_California_Garage_02_0004424,increased_dwell_to_make_energy_feasible,6.661,13.89,2.104545454545455
California_Garage_02,11D_SYN_California_Garage_02_0004446,increased_dwell_to_make_energy_feasible,8.514,13.021,1.9728787878787881
California_Garage_02,11D_SYN_California_Garage_02_0004447,increased_dwell_to_make_energy_feasible,5.632,16.411,2.486515151515152
California_Garage_02,11D_SYN_California_Garage_02_0004456,increased_dwell_to_make_energy_feasible,13.904,13.88,2.1030303030303035
California_Garage_02,11D_SYN_California_Garage_02_0004468,increased_dwell_to_make_energy_feasible,9.37,6.856,1.0387878787878788
California_Garage_02,11D_SYN_California_Garage_02_0004472,increased_dwell_to_make_energy_feasible,4.563077956988793,24.996,3.787272727272727
California_Garage_02,11D_SYN_California_Garage_02_0004474,increased_dwell_to_make_energy_feasible,12.287,6.995,1.0598484848484848
California_Garage_02,11D_SYN_California_Garage_02_0004478,increased_dwell_to_make_energy_feasible,2.174,3.159,0.47863636363636364
California_Garage_02,11D_SYN_California_Garage_02_0004480,increased_dwell_to_make_energy_feasible,11.677,13.288,2.0133333333333336
California_Garage_02,11D_SYN_California_Garage_02_0004486,increased_dwell_to_make_energy_feasible,1.846,15.797,2.3934848484848485
California_Garage_02,11D_SYN_California_Garage_02_0004492,increased_dwell_to_make_energy_feasible,13.867,13.222,2.0033333333333334
California_Garage_02,11D_SYN_California_Garage_02_0004506,increased_dwell_to_make_energy_feasible,1.767,36.19,5.483333333333333
California_Garage_02,11D_SYN_California_Garage_02_0004527,increased_dwell_to_make_energy_feasible,6.749,10.99,1.6651515151515153
California_Garage_02,11D_SYN_California_Garage_02_0004534,increased_dwell_to_make_energy_feasible,13.009,13.894,2.1051515151515154
California_Garage_02,11D_SYN_California_Garage_02_0004536,increased_dwell_to_make_energy_feasible,13.544,21.606,3.273636363636364
California_Garage_02,11D_SYN_California_Garage_02_0004539,increased_dwell_to_make_energy_feasible,15.699,20.576,3.1175757575757577
California_Garage_02,11D_SYN_California_Garage_02_0004541,increased_dwell_to_make_energy_feasible,2.395,4.422,0.67
California_Garage_02,11D_SYN_California_Garage_02_0004543,increased_dwell_to_make_energy_feasible,6.659,13.905,2.106818181818182
California_Garage_02,11D_SYN_California_Garage_02_0004552,increased_dwell_to_make_energy_feasible,13.883,11.021,1.6698484848484851
California_Garage_02,11D_SYN_California_Garage_02_0004559,increased_dwell_to_make_energy_feasible,11.234,13.936,2.111515151515152
California_Garage_02,11D_SYN_California_Garage_02_0004564,increased_dwell_to_make_energy_feasible,13.728,11.983,1.815606060606061
California_Garage_02,11D_SYN_California_Garage_02_0004566,increased_dwell_to_make_energy_feasible,10.28,6.861,1.0395454545454546
California_Garage_02,11D_SYN_California_Garage_02_0004569,increased_dwell_to_make_energy_feasible,11.757,14.075,2.132575757575758
California_Garage_02,11D_SYN_California_Garage_02_0004575,increased_dwell_to_make_energy_feasible,4.49,10.135,1.5356060606060606
California_Garage_02,11D_SYN_California_Garage_02_0004576,increased_dwell_to_make_energy_feasible,13.076,13.879,2.102878787878788
California_Garage_02,11D_SYN_California_Garage_02_0004578,increased_dwell_to_make_energy_feasible,2.171,13.884,2.103636363636364
California_Garage_02,11D_SYN_California_Garage_02_0004580,increased_dwell_to_make_energy_feasible,13.881,5.281,0.8001515151515152
California_Garage_02,11D_SYN_California_Garage_02_0004581,increased_dwell_to_make_energy_feasible,4.829,14.957,2.2662121212121216
California_Garage_02,11D_SYN_California_Garage_02_0004596,increased_dwell_to_make_energy_feasible,9.253,12.728,1.9284848484848485
California_Garage_02,11D_SYN_California_Garage_02_0004599,increased_dwell_to_make_energy_feasible,13.888,13.882,2.1033333333333335
California_Garage_02,11D_SYN_California_Garage_02_0004609,increased_dwell_to_make_energy_feasible,4.836,13.218,2.002727272727273
California_Garage_02,11D_SYN_California_Garage_02_0004614,increased_dwell_to_make_energy_feasible,2.576,10.523,1.5943939393939395
California_Garage_02,11D_SYN_California_Garage_02_0004619,increased_dwell_to_make_energy_feasible,10.575,13.894,2.1051515151515154
California_Garage_02,11D_SYN_California_Garage_02_0004620,increased_dwell_to_make_energy_feasible,5.463,12.737,1.929848484848485
California_Garage_02,11D_SYN_California_Garage_02_0004623,increased_dwell_to_make_energy_feasible,1.163,13.889,2.1043939393939395
California_Garage_02,11D_SYN_California_Garage_02_0004632,increased_dwell_to_make_energy_feasible,10.173,11.891,1.8016666666666667
California_Garage_02,11D_SYN_California_Garage_02_0004633,increased_dwell_to_make_energy_feasible,13.776,13.974,2.117272727272727
California_Garage_02,11D_SYN_California_Garage_02_0004635,increased_dwell_to_make_energy_feasible,4.049451911588139,8.478,1.2845454545454547
California_Garage_02,11D_SYN_California_Garage_02_0004640,increased_dwell_to_make_energy_feasible,4.673,11.344,1.7187878787878788
California_Garage_02,11D_SYN_California_Garage_02_0004645,increased_dwell_to_make_energy_feasible,5.243,5.388,0.8163636363636364
California_Garage_02,11D_SYN_California_Garage_02_0004647,increased_dwell_to_make_energy_feasible,1.785,13.889,2.1043939393939395
California_Garage_02,11D_SYN_California_Garage_02_0004650,increased_dwell_to_make_energy_feasible,5.805,13.865,2.100757575757576
California_Garage_02,11D_SYN_California_Garage_02_0004654,increased_dwell_to_make_energy_feasible,4.272,3.481,0.5274242424242425
California_Garage_02,11D_SYN_California_Garage_02_0004666,increased_dwell_to_make_energy_feasible,2.394,13.901,2.1062121212121214
California_Garage_02,11D_SYN_California_Garage_02_0004678,increased_dwell_to_make_energy_feasible,11.217,10.805,1.6371212121212122
California_Garage_02,11D_SYN_California_Garage_02_0004685,increased_dwell_to_make_energy_feasible,8.361,8.169,1.2377272727272728
California_Garage_02,11D_SYN_California_Garage_02_0004687,increased_dwell_to_make_energy_feasible,1.482,13.901,2.1062121212121214
California_Garage_02,11D_SYN_California_Garage_02_0004693,increased_dwell_to_make_energy_feasible,6.143,12.114,1.8354545454545457
California_Garage_02,11D_SYN_California_Garage_02_0004694,increased_dwell_to_make_energy_feasible,12.819,5.971,0.9046969696969698
California_Garage_02,11D_SYN_California_Garage_02_0004699,increased_dwell_to_make_energy_feasible,10.324,4.674,0.7081818181818182
California_Garage_02,11D_SYN_California_Garage_02_0004700,increased_dwell_to_make_energy_feasible,2.215,11.250925925924747,1.7046857463522345
California_Garage_02,11D_SYN_California_Garage_02_0004704,increased_dwell_to_make_energy_feasible,11.909,13.937,2.111666666666667
California_Garage_02,11D_SYN_California_Garage_02_0004708,increased_dwell_to_make_energy_feasible,6.779,6.891,1.0440909090909092
California_Garage_02,11D_SYN_California_Garage_02_0004727,increased_dwell_to_make_energy_feasible,6.541,13.915,2.1083333333333334
California_Garage_02,11D_SYN_California_Garage_02_0004729,increased_dwell_to_make_energy_feasible,7.74,7.738,1.1724242424242426
California_Garage_02,11D_SYN_California_Garage_02_0004732,increased_dwell_to_make_energy_feasible,12.187,7.316,1.1084848484848486
California_Garage_02,11D_SYN_California_Garage_02_0004745,increased_dwell_to_make_energy_feasible,16.486,6.155,0.9325757575757576
California_Garage_02,11D_SYN_California_Garage_02_0004756,increased_dwell_to_make_energy_feasible,0.801,5.226,0.7918181818181819
California_Garage_02,11D_SYN_California_Garage_02_0004760,increased_dwell_to_make_energy_feasible,5.379,11.015,1.6689393939393942
California_Garage_02,11D_SYN_California_Garage_02_0004773,increased_dwell_to_make_energy_feasible,8.768,14.007,2.1222727272727275
California_Garage_02,11D_SYN_California_Garage_02_0004782,increased_dwell_to_make_energy_feasible,13.301,13.644,2.0672727272727274
California_Garage_02,11D_SYN_California_Garage_02_0004783,increased_dwell_to_make_energy_feasible,4.495246415773942,8.32,1.2606060606060607
California_Garage_02,11D_SYN_California_Garage_02_0004794,increased_dwell_to_make_energy_feasible,4.706,7.602,1.1518181818181819
California_Garage_02,11D_SYN_California_Garage_02_0004799,increased_dwell_to_make_energy_feasible,13.209,7.914,1.1990909090909092
California_Garage_02,11D_SYN_California_Garage_02_0004801,increased_dwell_to_make_energy_feasible,5.652,12.307,1.86469696969697
California_Garage_02,11D_SYN_California_Garage_02_0004816,increased_dwell_to_make_energy_feasible,4.246,13.872,2.101818181818182
California_Garage_02,11D_SYN_California_Garage_02_0004818,increased_dwell_to_make_energy_feasible,11.219,18.878,2.8603030303030303
California_Garage_02,11D_SYN_California_Garage_02_0004821,increased_dwell_to_make_energy_feasible,1.877,14.760188172050436,2.236392147280369
California_Garage_02,11D_SYN_California_Garage_02_0004824,increased_dwell_to_make_energy_feasible,6.25,3.173,0.4807575757575758
California_Garage_02,11D_SYN_California_Garage_02_0004825,increased_dwell_to_make_energy_feasible,13.267,13.204,2.000606060606061
California_Garage_02,11D_SYN_California_Garage_02_0004827,increased_dwell_to_make_energy_feasible,1.891,13.943,2.1125757575757578
California_Garage_02,11D_SYN_California_Garage_02_0004831,increased_dwell_to_make_energy_feasible,7.659,13.128,1.9890909090909092
California_Garage_02,11D_SYN_California_Garage_02_0004838,increased_dwell_to_make_energy_feasible,2.286,9.712,1.4715151515151517
California_Garage_02,11D_SYN_California_Garage_02_0004842,increased_dwell_to_make_energy_feasible,32.928,13.352,2.0230303030303034
California_Garage_02,11D_SYN_California_Garage_02_0004844,increased_dwell_to_make_energy_feasible,2.504,4.14,0.6272727272727272
California_Garage_02,11D_SYN_California_Garage_02_0004852,increased_dwell_to_make_energy_feasible,2.531,11.848,1.7951515151515154
California_Garage_02,11D_SYN_California_Garage_02_0004860,increased_dwell_to_make_energy_feasible,9.589,12.072,1.829090909090909
California_Garage_02,11D_SYN_California_Garage_02_0004892,increased_dwell_to_make_energy_feasible,13.967,6.143,0.9307575757575758
California_Garage_02,11D_SYN_California_Garage_02_0004894,increased_dwell_to_make_energy_feasible,14.017,2.553,0.38681818181818184
California_Garage_02,11D_SYN_California_Garage_02_0004904,increased_dwell_to_make_energy_feasible,6.105,12.531,1.898636363636364
California_Garage_02,11D_SYN_California_Garage_02_0004908,increased_dwell_to_make_energy_feasible,3.619,10.788,1.6345454545454547
California_Garage_02,11D_SYN_California_Garage_02_0004911,increased_dwell_to_make_energy_feasible,6.719,12.855,1.947727272727273
California_Garage_02,11D_SYN_California_Garage_02_0004922,increased_dwell_to_make_energy_feasible,16.004,0.952,0.14424242424242426
California_Garage_02,11D_SYN_California_Garage_02_0004923,increased_dwell_to_make_energy_feasible,6.675,10.251,1.5531818181818182
California_Garage_02,11D_SYN_California_Garage_02_0004931,increased_dwell_to_make_energy_feasible,10.861,13.914,2.1081818181818184
California_Garage_02,11D_SYN_California_Garage_02_0004932,increased_dwell_to_make_energy_feasible,7.438,13.37,2.025757575757576
California_Garage_02,11D_SYN_California_Garage_02_0004937,increased_dwell_to_make_energy_feasible,8.704,14.579,2.208939393939394
California_Garage_02,11D_SYN_California_Garage_02_0004940,increased_dwell_to_make_energy_feasible,15.793,5.793,0.8777272727272728
California_Garage_02,11D_SYN_California_Garage_02_0004942,increased_dwell_to_make_energy_feasible,13.909,13.871,2.101666666666667
California_Garage_02,11D_SYN_California_Garage_02_0004949,increased_dwell_to_make_energy_feasible,12.044,13.894,2.1051515151515154
California_Garage_02,11D_SYN_California_Garage_02_0004951,increased_dwell_to_make_energy_feasible,13.213,13.702,2.076060606060606
California_Garage_02,11D_SYN_California_Garage_02_0004955,increased_dwell_to_make_energy_feasible,11.507,13.222,2.0033333333333334
California_Garage_02,11D_SYN_California_Garage_02_0004969,increased_dwell_to_make_energy_feasible,9.809,2.306,0.3493939393939394
California_Garage_02,11D_SYN_California_Garage_02_0004974,increased_dwell_to_make_energy_feasible,5.595,13.915,2.1083333333333334
California_Garage_02,11D_SYN_California_Garage_02_0004996,increased_dwell_to_make_energy_feasible,7.671,8.361,1.266818181818182
California_Garage_02,11D_SYN_California_Garage_02_0004999,increased_dwell_to_make_energy_feasible,13.969,4.022,0.6093939393939395
California_Garage_02,11D_SYN_California_Garage_02_0005004,increased_dwell_to_make_energy_feasible,0.954,13.885,2.103787878787879
California_Garage_02,11D_SYN_California_Garage_02_0005005,increased_dwell_to_make_energy_feasible,2.472,13.745,2.0825757575757575
California_Garage_02,11D_SYN_California_Garage_02_0005008,increased_dwell_to_make_energy_feasible,5.445,14.112,2.138181818181818
California_Garage_02,11D_SYN_California_Garage_02_0005010,increased_dwell_to_make_energy_feasible,1.315,14.054,2.1293939393939394
California_Garage_02,11D_SYN_California_Garage_02_0005013,increased_dwell_to_make_energy_feasible,13.894,13.6,2.0606060606060606
California_Garage_02,11D_SYN_California_Garage_02_0005019,increased_dwell_to_make_energy_feasible,13.005,13.192,1.998787878787879
California_Garage_02,11D_SYN_California_Garage_02_0005024,increased_dwell_to_make_energy_feasible,2.039,8.162,1.2366666666666668
California_Garage_02,11D_SYN_California_Garage_02_0005031,increased_dwell_to_make_energy_feasible,6.523,11.47,1.737878787878788
California_Garage_02,11D_SYN_California_Garage_02_0005035,increased_dwell_to_make_energy_feasible,13.899,22.825,3.4583333333333335
California_Garage_02,11D_SYN_California_Garage_02_0005041,increased_dwell_to_make_energy_feasible,18.356,13.291,2.013787878787879
California_Garage_02,11D_SYN_California_Garage_02_0005042,increased_dwell_to_make_energy_feasible,11.847,18.597,2.817727272727273
California_Garage_02,11D_SYN_California_Garage_02_0005049,increased_dwell_to_make_energy_feasible,5.648,13.865,2.100757575757576
California_Garage_02,11D_SYN_California_Garage_02_0005060,increased_dwell_to_make_energy_feasible,7.627,20.576,3.1175757575757577
California_Garage_02,11D_SYN_California_Garage_02_0005065,increased_dwell_to_make_energy_feasible,1.492,10.515,1.5931818181818183
California_Garage_02,11D_SYN_California_Garage_02_0005066,increased_dwell_to_make_energy_feasible,8.987,13.91,2.107575757575758
California_Garage_02,11D_SYN_California_Garage_02_0005101,increased_dwell_to_make_energy_feasible,7.972,7.151,1.0834848484848485
California_Garage_02,11D_SYN_California_Garage_02_0005107,increased_dwell_to_make_energy_feasible,6.137,39.833,6.03530303030303
California_Garage_02,11D_SYN_California_Garage_02_0005119,increased_dwell_to_make_energy_feasible,11.735,11.504,1.7430303030303032
California_Garage_02,11D_SYN_California_Garage_02_0005121,increased_dwell_to_make_energy_feasible,16.126,12.508,1.895151515151515
California_Garage_02,11D_SYN_California_Garage_02_0005125,increased_dwell_to_make_energy_feasible,6.378,25.232,3.8230303030303032
California_Garage_02,11D_SYN_California_Garage_02_0005132,increased_dwell_to_make_energy_feasible,8.248,15.649,2.371060606060606
California_Garage_02,11D_SYN_California_Garage_02_0005145,increased_dwell_to_make_energy_feasible,4.157,4.859,0.7362121212121212
California_Garage_02,11D_SYN_California_Garage_02_0005165,increased_dwell_to_make_energy_feasible,8.872,11.281,1.7092424242424245
California_Garage_02,11D_SYN_California_Garage_02_0005167,increased_dwell_to_make_energy_feasible,4.396,12.509,1.8953030303030305
California_Garage_02,11D_SYN_California_Garage_02_0005172,increased_dwell_to_make_energy_feasible,13.2722879330942,17.592,2.6654545454545455
California_Garage_02,11D_SYN_California_Garage_02_0005174,increased_dwell_to_make_energy_feasible,13.291,9.894,1.4990909090909093
California_Garage_02,11D_SYN_California_Garage_02_0005181,increased_dwell_to_make_energy_feasible,0.912,41.897,6.348030303030304
California_Garage_02,11D_SYN_California_Garage_02_0005189,increased_dwell_to_make_energy_feasible,3.486,13.876,2.1024242424242425
California_Garage_02,11D_SYN_California_Garage_02_0005190,increased_dwell_to_make_energy_feasible,8.708,12.063,1.8277272727272729
California_Garage_02,11D_SYN_California_Garage_02_0005195,increased_dwell_to_make_energy_feasible,14.581,13.947,2.1131818181818183
California_Garage_02,11D_SYN_California_Garage_02_0005203,increased_dwell_to_make_energy_feasible,6.564,13.951,2.1137878787878788
California_Garage_02,11D_SYN_California_Garage_02_0005204,increased_dwell_to_make_energy_feasible,0.5081750298685943,12.373,1.8746969696969698
California_Garage_02,11D_SYN_California_Garage_02_0005208,increased_dwell_to_make_energy_feasible,4.636,11.26,1.706060606060606
California_Garage_02,11D_SYN_California_Garage_02_0005209,increased_dwell_to_make_energy_feasible,2.342,19.018,2.881515151515152
California_Garage_02,11D_SYN_California_Garage_02_0005211,increased_dwell_to_make_energy_feasible,3.457,12.195,1.8477272727272729
California_Garage_02,11D_SYN_California_Garage_02_0005212,increased_dwell_to_make_energy_feasible,5.461,9.35,1.4166666666666667
California_Garage_02,11D_SYN_California_Garage_02_0005214,increased_dwell_to_make_energy_feasible,5.937,13.97,2.1166666666666667
California_Garage_02,11D_SYN_California_Garage_02_0005217,increased_dwell_to_make_energy_feasible,3.413,13.904,2.106666666666667
California_Garage_02,11D_SYN_California_Garage_02_0005225,increased_dwell_to_make_energy_feasible,13.894,9.441,1.4304545454545456
California_Garage_02,11D_SYN_California_Garage_02_0005230,increased_dwell_to_make_energy_feasible,2.232,13.629,2.065
California_Garage_02,11D_SYN_California_Garage_02_0005232,increased_dwell_to_make_energy_feasible,1.939,6.871,1.0410606060606062
California_Garage_02,11D_SYN_California_Garage_02_0005234,increased_dwell_to_make_energy_feasible,12.818,13.506,2.0463636363636364
California_Garage_02,11D_SYN_California_Garage_02_0005237,increased_dwell_to_make_energy_feasible,1.942,13.873,2.101969696969697
California_Garage_02,11D_SYN_California_Garage_02_0005247,increased_dwell_to_make_energy_feasible,0.666,15.312,2.32
California_Garage_02,11D_SYN_California_Garage_02_0005248,increased_dwell_to_make_energy_feasible,5.669,6.064,0.9187878787878788
California_Garage_02,11D_SYN_California_Garage_02_0005250,increased_dwell_to_make_energy_feasible,5.861,13.191,1.9986363636363638
California_Garage_02,11D_SYN_California_Garage_02_0005255,increased_dwell_to_make_energy_feasible,8.983,15.835,2.3992424242424244
California_Garage_02,11D_SYN_California_Garage_02_0005258,increased_dwell_to_make_energy_feasible,3.412,11.548,1.7496969696969698
California_Garage_02,11D_SYN_California_Garage_02_0005259,increased_dwell_to_make_energy_feasible,9.073,12.851,1.9471212121212123
California_Garage_02,11D_SYN_California_Garage_02_0005261,increased_dwell_to_make_energy_feasible,13.879,6.055,0.9174242424242425
California_Garage_02,11D_SYN_California_Garage_02_0005275,increased_dwell_to_make_energy_feasible,14.403,13.831,2.0956060606060607
California_Garage_02,11D_SYN_California_Garage_02_0005277,increased_dwell_to_make_energy_feasible,6.81,11.162,1.6912121212121214
California_Garage_02,11D_SYN_California_Garage_02_0005280,increased_dwell_to_make_energy_feasible,2.734,16.713,2.5322727272727277
California_Garage_02,11D_SYN_California_Garage_02_0005285,increased_dwell_to_make_energy_feasible,13.155,10.401,1.575909090909091
California_Garage_02,11D_SYN_California_Garage_02_0005289,increased_dwell_to_make_energy_feasible,12.287,8.679,1.3150000000000002
California_Garage_02,11D_SYN_California_Garage_02_0005311,increased_dwell_to_make_energy_feasible,1.284,12.384,1.8763636363636365
California_Garage_02,11D_SYN_California_Garage_02_0005317,increased_dwell_to_make_energy_feasible,5.585,8.263,1.251969696969697
California_Garage_02,11D_SYN_California_Garage_02_0005326,increased_dwell_to_make_energy_feasible,6.205,18.432,2.7927272727272725
California_Garage_02,11D_SYN_California_Garage_02_0005340,increased_dwell_to_make_energy_feasible,13.916,11.031,1.6713636363636366
California_Garage_02,11D_SYN_California_Garage_02_0005343,increased_dwell_to_make_energy_feasible,11.182,13.206,2.000909090909091
California_Garage_02,11D_SYN_California_Garage_02_0005353,increased_dwell_to_make_energy_feasible,5.333,29.812,4.5169696969696975
California_Garage_02,11D_SYN_California_Garage_02_0005355,increased_dwell_to_make_energy_feasible,15.671,5.293,0.801969696969697
California_Garage_02,11D_SYN_California_Garage_02_0005356,increased_dwell_to_make_energy_feasible,13.137,11.51547640382332,1.7447691520944424
California_Garage_02,11D_SYN_California_Garage_02_0005357,increased_dwell_to_make_energy_feasible,4.906,10.826,1.6403030303030304
California_Garage_02,11D_SYN_California_Garage_02_0005374,increased_dwell_to_make_energy_feasible,6.168,13.324,2.018787878787879
California_Garage_02,11D_SYN_California_Garage_02_0005378,increased_dwell_to_make_energy_feasible,13.872,16.546,2.506969696969697
California_Garage_02,11D_SYN_California_Garage_02_0005379,increased_dwell_to_make_energy_feasible,6.143,4.927,0.7465151515151515
California_Garage_02,11D_SYN_California_Garage_02_0005383,increased_dwell_to_make_energy_feasible,14.253,11.256,1.7054545454545456
California_Garage_02,11D_SYN_California_Garage_02_0005393,increased_dwell_to_make_energy_feasible,13.874,13.424,2.033939393939394
California_Garage_02,11D_SYN_California_Garage_02_0005396,increased_dwell_to_make_energy_feasible,21.641,11.793,1.7868181818181819
California_Garage_02,11D_SYN_California_Garage_02_0005399,increased_dwell_to_make_energy_feasible,10.75,8.503304958182776,1.2883795391186024
California_Garage_02,11D_SYN_California_Garage_02_0005404,increased_dwell_to_make_energy_feasible,12.084,4.372,0.6624242424242425
California_Garage_02,11D_SYN_California_Garage_02_0005414,increased_dwell_to_make_energy_feasible,13.538,13.889,2.1043939393939395
California_Garage_02,11D_SYN_California_Garage_02_0005419,increased_dwell_to_make_energy_feasible,4.125,13.267,2.0101515151515152
California_Garage_02,11D_SYN_California_Garage_02_0005425,increased_dwell_to_make_energy_feasible,4.307,12.176,1.844848484848485
California_Garage_02,11D_SYN_California_Garage_02_0005428,increased_dwell_to_make_energy_feasible,11.02,10.179,1.5422727272727275
California_Garage_02,11D_SYN_California_Garage_02_0005433,increased_dwell_to_make_energy_feasible,4.335,11.224,1.7006060606060607
California_Garage_02,11D_SYN_California_Garage_02_0005444,increased_dwell_to_make_energy_feasible,3.49,5.914,0.8960606060606061
California_Garage_02,11D_SYN_California_Garage_02_0005463,increased_dwell_to_make_energy_feasible,3.956,13.893,2.1050000000000004
California_Garage_02,11D_SYN_California_Garage_02_0005485,increased_dwell_to_make_energy_feasible,13.883,13.145,1.9916666666666667
California_Garage_02,11D_SYN_California_Garage_02_0005488,increased_dwell_to_make_energy_feasible,16.978611111109608,5.931,0.8986363636363637
California_Garage_02,11D_SYN_California_Garage_02_0005491,increased_dwell_to_make_energy_feasible,1.986,15.171,2.298636363636364
California_Garage_02,11D_SYN_California_Garage_02_0005502,increased_dwell_to_make_energy_feasible,13.943,10.336,1.5660606060606062
California_Garage_02,11D_SYN_California_Garage_02_0005509,increased_dwell_to_make_energy_feasible,14.021,12.112,1.8351515151515152
California_Garage_02,11D_SYN_California_Garage_02_0005510,increased_dwell_to_make_energy_feasible,8.782,6.5,0.9848484848484849
California_Garage_02,11D_SYN_California_Garage_02_0005514,increased_dwell_to_make_energy_feasible,3.866,7.854,1.1900000000000002
California_Garage_02,11D_SYN_California_Garage_02_0005516,increased_dwell_to_make_energy_feasible,3.755,7.336,1.1115151515151516
California_Garage_02,11D_SYN_California_Garage_02_0005531,increased_dwell_to_make_energy_feasible,5.14,13.039,1.9756060606060606
California_Garage_02,11D_SYN_California_Garage_02_0005537,increased_dwell_to_make_energy_feasible,9.063,14.422,2.1851515151515155
California_Garage_02,11D_SYN_California_Garage_02_0005549,increased_dwell_to_make_energy_feasible,10.43,6.353,0.9625757575757576
California_Garage_02,11D_SYN_California_Garage_02_0005551,increased_dwell_to_make_energy_feasible,12.318,14.78,2.2393939393939393
California_Garage_02,11D_SYN_California_Garage_02_0005552,increased_dwell_to_make_energy_feasible,3.488,13.949,2.1134848484848487
California_Garage_02,11D_SYN_California_Garage_02_0005558,increased_dwell_to_make_energy_feasible,0.636,18.398,2.7875757575757576
California_Garage_02,11D_SYN_California_Garage_02_0005564,increased_dwell_to_make_energy_feasible,5.958,11.638,1.7633333333333334
California_Garage_02,11D_SYN_California_Garage_02_0005568,increased_dwell_to_make_energy_feasible,3.886,5.976,0.9054545454545455
California_Garage_02,11D_SYN_California_Garage_02_0005582,increased_dwell_to_make_energy_feasible,9.13,4.861,0.7365151515151516
California_Garage_02,11D_SYN_California_Garage_02_0005585,increased_dwell_to_make_energy_feasible,11.321,2.865,0.43409090909090914
California_Garage_02,11D_SYN_California_Garage_02_0005598,increased_dwell_to_make_energy_feasible,5.778,13.406,2.0312121212121212
California_Garage_02,11D_SYN_California_Garage_02_0005599,increased_dwell_to_make_energy_feasible,7.129,11.892,1.8018181818181818
California_Garage_02,11D_SYN_California_Garage_02_0005601,increased_dwell_to_make_energy_feasible,1.625,13.891,2.10469696969697
California_Garage_02,11D_SYN_California_Garage_02_0005608,increased_dwell_to_make_energy_feasible,5.464,13.924,2.10969696969697
California_Garage_02,11D_SYN_California_Garage_02_0005610,increased_dwell_to_make_energy_feasible,2.503,6.155,0.9325757575757576
California_Garage_02,11D_SYN_California_Garage_02_0005616,increased_dwell_to_make_energy_feasible,10.826,7.757,1.1753030303030303
California_Garage_02,11D_SYN_California_Garage_02_0005627,increased_dwell_to_make_energy_feasible,5.41,13.797,2.090454545454546
California_Garage_02,11D_SYN_California_Garage_02_0005628,increased_dwell_to_make_energy_feasible,8.79,13.335,2.0204545454545455
California_Garage_02,11D_SYN_California_Garage_02_0005629,increased_dwell_to_make_energy_feasible,8.538,13.962,2.1154545454545457
California_Garage_02,11D_SYN_California_Garage_02_0005637,increased_dwell_to_make_energy_feasible,3.6969982078858177,11.288,1.7103030303030304
California_Garage_02,11D_SYN_California_Garage_02_0005644,increased_dwell_to_make_energy_feasible,4.765464456385378,12.044,1.824848484848485
California_Garage_02,11D_SYN_California_Garage_02_0005647,increased_dwell_to_make_energy_feasible,5.326,10.69,1.6196969696969696
California_Garage_02,11D_SYN_California_Garage_02_0005659,increased_dwell_to_make_energy_feasible,8.834,3.294,0.49909090909090914
California_Garage_02,11D_SYN_California_Garage_02_0005666,increased_dwell_to_make_energy_feasible,4.39214904420385,13.644,2.0672727272727274
California_Garage_02,11D_SYN_California_Garage_02_0005669,increased_dwell_to_make_energy_feasible,3.019,6.149,0.9316666666666668
California_Garage_02,11D_SYN_California_Garage_02_0005674,increased_dwell_to_make_energy_feasible,2.964,14.137582138587293,2.1420578997859536
California_Garage_02,11D_SYN_California_Garage_02_0005676,increased_dwell_to_make_energy_feasible,13.142,13.899,2.105909090909091
California_Garage_02,11D_SYN_California_Garage_02_0005684,increased_dwell_to_make_energy_feasible,8.367,4.212,0.6381818181818182
California_Garage_02,11D_SYN_California_Garage_02_0005694,increased_dwell_to_make_energy_feasible,9.391,12.159,1.8422727272727275
California_Garage_02,11D_SYN_California_Garage_02_0005705,increased_dwell_to_make_energy_feasible,5.7,13.866,2.100909090909091
California_Garage_02,11D_SYN_California_Garage_02_0005718,increased_dwell_to_make_energy_feasible,6.588,10.766,1.6312121212121213
California_Garage_02,11D_SYN_California_Garage_02_0005731,increased_dwell_to_make_energy_feasible,3.981,2.619,0.39681818181818185
California_Garage_02,11D_SYN_California_Garage_02_0005733,increased_dwell_to_make_energy_feasible,0.937,13.073,1.980757575757576
California_Garage_02,11D_SYN_California_Garage_02_0005743,increased_dwell_to_make_energy_feasible,7.136,7.611,1.1531818181818183
California_Garage_02,11D_SYN_California_Garage_02_0005753,increased_dwell_to_make_energy_feasible,6.459,13.933,2.1110606060606063
California_Garage_02,11D_SYN_California_Garage_02_0005759,increased_dwell_to_make_energy_feasible,40.112,7.463,1.1307575757575759
California_Garage_02,11D_SYN_California_Garage_02_0005764,increased_dwell_to_make_energy_feasible,0.8,5.159,0.7816666666666667
California_Garage_02,11D_SYN_California_Garage_02_0005783,increased_dwell_to_make_energy_feasible,9.018,13.206,2.000909090909091
California_Garage_02,11D_SYN_California_Garage_02_0005784,increased_dwell_to_make_energy_feasible,13.585,16.447,2.491969696969697
California_Garage_02,11D_SYN_California_Garage_02_0005793,increased_dwell_to_make_energy_feasible,2.737,5.487,0.8313636363636364
California_Garage_02,11D_SYN_California_Garage_02_0005803,increased_dwell_to_make_energy_feasible,5.94,13.904,2.106666666666667
California_Garage_02,11D_SYN_California_Garage_02_0005815,increased_dwell_to_make_energy_feasible,9.708,10.514,1.593030303030303
California_Garage_02,11D_SYN_California_Garage_02_0005816,increased_dwell_to_make_energy_feasible,7.531986260454307,6.514,0.986969696969697
California_Garage_02,11D_SYN_California_Garage_02_0005817,increased_dwell_to_make_energy_feasible,5.365,9.108,1.3800000000000001
California_Garage_02,11D_SYN_California_Garage_02_0005821,increased_dwell_to_make_energy_feasible,5.52,11.629,1.761969696969697
California_Garage_02,11D_SYN_California_Garage_02_0005830,increased_dwell_to_make_energy_feasible,7.316,6.659,1.008939393939394
California_Garage_02,11D_SYN_California_Garage_02_0005831,increased_dwell_to_make_energy_feasible,13.903,12.631,1.9137878787878788
California_Garage_02,11D_SYN_California_Garage_02_0005832,increased_dwell_to_make_energy_feasible,8.011,13.903,2.106515151515152
California_Garage_02,11D_SYN_California_Garage_02_0005840,increased_dwell_to_make_energy_feasible,4.022,13.186,1.997878787878788
California_Garage_02,11D_SYN_California_Garage_02_0005843,increased_dwell_to_make_energy_feasible,2.072,12.037,1.823787878787879
California_Garage_02,11D_SYN_California_Garage_02_0005844,increased_dwell_to_make_energy_feasible,12.746,8.282,1.2548484848484849
California_Garage_02,11D_SYN_California_Garage_02_0005861,increased_dwell_to_make_energy_feasible,1.911,8.361,1.266818181818182
California_Garage_02,11D_SYN_California_Garage_02_0005867,increased_dwell_to_make_energy_feasible,4.374,13.021,1.9728787878787881
California_Garage_02,11D_SYN_California_Garage_02_0005883,increased_dwell_to_make_energy_feasible,10.757,12.617,1.9116666666666668
California_Garage_02,11D_SYN_California_Garage_02_0005892,increased_dwell_to_make_energy_feasible,11.021,12.698,1.923939393939394
California_Garage_02,11D_SYN_California_Garage_02_0005903,increased_dwell_to_make_energy_feasible,2.344,13.967,2.116212121212121
California_Garage_02,11D_SYN_California_Garage_02_0005905,increased_dwell_to_make_energy_feasible,8.693,6.513,0.9868181818181818
California_Garage_02,11D_SYN_California_Garage_02_0005908,increased_dwell_to_make_energy_feasible,1.671,14.263,2.161060606060606
California_Garage_02,11D_SYN_California_Garage_02_0005917,increased_dwell_to_make_energy_feasible,13.913,5.958,0.9027272727272728
California_Garage_02,11D_SYN_California_Garage_02_0005926,increased_dwell_to_make_energy_feasible,16.784,13.884,2.103636363636364
California_Garage_02,11D_SYN_California_Garage_02_0005936,increased_dwell_to_make_energy_feasible,4.156,7.283,1.1034848484848485
California_Garage_02,11D_SYN_California_Garage_02_0005937,increased_dwell_to_make_energy_feasible,9.391,9.930216547191304,1.5045782647259551
California_Garage_02,11D_SYN_California_Garage_02_0005941,increased_dwell_to_make_energy_feasible,6.659,30.957,4.690454545454545
California_Garage_02,11D_SYN_California_Garage_02_0005950,increased_dwell_to_make_energy_feasible,2.043,30.904683393070016,4.682527786828791
California_Garage_02,11D_SYN_California_Garage_02_0005956,increased_dwell_to_make_energy_feasible,13.89,13.883,2.1034848484848485
California_Garage_02,11D_SYN_California_Garage_02_0005958,increased_dwell_to_make_energy_feasible,5.029,12.531,1.898636363636364
California_Garage_02,11D_SYN_California_Garage_02_0005961,increased_dwell_to_make_energy_feasible,13.727871666666667,3.614,0.5475757575757576
California_Garage_02,11D_SYN_California_Garage_02_0005978,increased_dwell_to_make_energy_feasible,5.458,5.414,0.8203030303030303
California_Garage_02,11D_SYN_California_Garage_02_0005982,increased_dwell_to_make_energy_feasible,1.622,13.97,2.1166666666666667
California_Garage_02,11D_SYN_California_Garage_02_0005989,increased_dwell_to_make_energy_feasible,11.795,13.288,2.0133333333333336
California_Garage_02,11D_SYN_California_Garage_02_0006008,increased_dwell_to_make_energy_feasible,6.942,11.728,1.776969696969697
California_Garage_02,11D_SYN_California_Garage_02_0006015,increased_dwell_to_make_energy_feasible,1.823,13.892,2.104848484848485
California_Garage_02,11D_SYN_California_Garage_02_0006016,increased_dwell_to_make_energy_feasible,5.981,13.335,2.0204545454545455
California_Garage_02,11D_SYN_California_Garage_02_0006017,increased_dwell_to_make_energy_feasible,6.878,0.903,0.13681818181818184
California_Garage_02,11D_SYN_California_Garage_02_0006023,increased_dwell_to_make_energy_feasible,7.164,13.9,2.1060606060606064
California_Garage_02,11D_SYN_California_Garage_02_0006036,increased_dwell_to_make_energy_feasible,13.925,11.674,1.7687878787878788
California_Garage_02,11D_SYN_California_Garage_02_0006044,increased_dwell_to_make_energy_feasible,13.221,10.472,1.5866666666666667
California_Garage_02,11D_SYN_California_Garage_02_0006047,increased_dwell_to_make_energy_feasible,14.583033055555555,12.934,1.9596969696969697
California_Garage_02,11D_SYN_California_Garage_02_0006049,increased_dwell_to_make_energy_feasible,16.766,13.977,2.1177272727272727
California_Garage_02,11D_SYN_California_Garage_02_0006052,increased_dwell_to_make_energy_feasible,0.6520127777777778,9.697,1.4692424242424242
California_Garage_02,11D_SYN_California_Garage_02_0006060,increased_dwell_to_make_energy_feasible,6.286,2.495,0.37803030303030305
California_Garage_02,11D_SYN_California_Garage_02_0006063,increased_dwell_to_make_energy_feasible,11.63,13.962,2.1154545454545457
California_Garage_02,11D_SYN_California_Garage_02_0006071,increased_dwell_to_make_energy_feasible,4.219,9.183,1.3913636363636364
California_Garage_02,11D_SYN_California_Garage_02_0006074,increased_dwell_to_make_energy_feasible,2.252,7.876,1.1933333333333334
California_Garage_02,11D_SYN_California_Garage_02_0006077,increased_dwell_to_make_energy_feasible,6.866,17.411,2.638030303030303
California_Garage_02,11D_SYN_California_Garage_02_0006088,increased_dwell_to_make_energy_feasible,2.537807646356109,8.498,1.2875757575757576
California_Garage_02,11D_SYN_California_Garage_02_0006090,increased_dwell_to_make_energy_feasible,11.862,8.416,1.2751515151515154
California_Garage_02,11D_SYN_California_Garage_02_0006093,increased_dwell_to_make_energy_feasible,0.884,13.871,2.101666666666667
California_Garage_02,11D_SYN_California_Garage_02_0006096,increased_dwell_to_make_energy_feasible,12.713,13.905,2.106818181818182
California_Garage_02,11D_SYN_California_Garage_02_0006099,increased_dwell_to_make_energy_feasible,15.605,14.758,2.236060606060606
California_Garage_02,11D_SYN_California_Garage_02_0006100,increased_dwell_to_make_energy_feasible,13.194,2.25,0.34090909090909094
California_Garage_02,11D_SYN_California_Garage_02_0006108,increased_dwell_to_make_energy_feasible,3.399,19.645,2.9765151515151516
California_Garage_02,11D_SYN_California_Garage_02_0006115,increased_dwell_to_make_energy_feasible,1.87,13.072,1.9806060606060605
California_Garage_02,11D_SYN_California_Garage_02_0006121,increased_dwell_to_make_energy_feasible,4.839,13.831111111108804,2.095622895622546
California_Garage_02,11D_SYN_California_Garage_02_0006125,increased_dwell_to_make_energy_feasible,8.941,12.226,1.8524242424242428
California_Garage_02,11D_SYN_California_Garage_02_0006128,increased_dwell_to_make_energy_feasible,16.089,13.067,1.979848484848485
California_Garage_02,11D_SYN_California_Garage_02_0006130,increased_dwell_to_make_energy_feasible,3.67,7.273725555555554,1.1020796296296296
California_Garage_02,11D_SYN_California_Garage_02_0006132,increased_dwell_to_make_energy_feasible,13.574,11.124,1.6854545454545455
California_Garage_02,11D_SYN_California_Garage_02_0006135,increased_dwell_to_make_energy_feasible,1.551,13.988,2.1193939393939396
California_Garage_02,11D_SYN_California_Garage_02_0006142,increased_dwell_to_make_energy_feasible,5.867,14.878107825566952,2.254258761449538
California_Garage_02,11D_SYN_California_Garage_02_0006149,increased_dwell_to_make_energy_feasible,10.534,9.353,1.4171212121212122
California_Garage_02,11D_SYN_California_Garage_02_0006151,increased_dwell_to_make_energy_feasible,13.939,12.274,1.8596969696969696
California_Garage_02,11D_SYN_California_Garage_02_0006162,increased_dwell_to_make_energy_feasible,15.558,2.302,0.3487878787878788
California_Garage_02,11D_SYN_California_Garage_02_0006163,increased_dwell_to_make_energy_feasible,4.343,5.944,0.9006060606060606
California_Garage_02,11D_SYN_California_Garage_02_0006165,increased_dwell_to_make_energy_feasible,12.314,6.259,0.9483333333333335
California_Garage_02,11D_SYN_California_Garage_02_0006170,increased_dwell_to_make_energy_feasible,1.714,1.654,0.2506060606060606
California_Garage_02,11D_SYN_California_Garage_02_0006175,increased_dwell_to_make_energy_feasible,3.421,5.787,0.8768181818181818
California_Garage_02,11D_SYN_California_Garage_02_0006177,increased_dwell_to_make_energy_feasible,3.081,12.565,1.9037878787878788
California_Garage_02,11D_SYN_California_Garage_02_0006179,increased_dwell_to_make_energy_feasible,12.168,6.51,0.9863636363636363
California_Garage_02,11D_SYN_California_Garage_02_0006193,increased_dwell_to_make_energy_feasible,23.572,13.892,2.104848484848485
California_Garage_02,11D_SYN_California_Garage_02_0006197,increased_dwell_to_make_energy_feasible,9.481,10.657,1.6146969696969697
California_Garage_02,11D_SYN_California_Garage_02_0006199,increased_dwell_to_make_energy_feasible,10.483611111108305,6.388037634406961,0.9678844900616609
California_Garage_02,11D_SYN_California_Garage_02_0006208,increased_dwell_to_make_energy_feasible,11.633,13.909,2.1074242424242424
California_Garage_02,11D_SYN_California_Garage_02_0006214,increased_dwell_to_make_energy_feasible,2.472,5.444024790917713,0.8248522410481384
California_Garage_02,11D_SYN_California_Garage_02_0006219,increased_dwell_to_make_energy_feasible,6.177,13.887,2.1040909090909095
California_Garage_02,11D_SYN_California_Garage_02_0006237,increased_dwell_to_make_energy_feasible,10.248,12.168,1.8436363636363635
California_Garage_02,11D_SYN_California_Garage_02_0006238,increased_dwell_to_make_energy_feasible,13.869,13.013,1.9716666666666667
California_Garage_02,11D_SYN_California_Garage_02_0006239,increased_dwell_to_make_energy_feasible,13.299,14.6257213261631,2.2160183827519853
California_Garage_02,11D_SYN_California_Garage_02_0006242,increased_dwell_to_make_energy_feasible,5.937,5.069,0.7680303030303031
California_Garage_02,11D_SYN_California_Garage_02_0006249,increased_dwell_to_make_energy_feasible,12.322,5.757226702507858,0.8723070761375543
California_Garage_02,11D_SYN_California_Garage_02_0006251,increased_dwell_to_make_energy_feasible,1.927,13.253,2.0080303030303033
California_Garage_02,11D_SYN_California_Garage_02_0006252,increased_dwell_to_make_energy_feasible,10.499,10.72,1.6242424242424245
California_Garage_02,11D_SYN_California_Garage_02_0006256,increased_dwell_to_make_energy_feasible,5.648,22.818,3.4572727272727275
California_Garage_02,11D_SYN_California_Garage_02_0006265,increased_dwell_to_make_energy_feasible,10.768,6.121,0.9274242424242426
California_Garage_02,11D_SYN_California_Garage_02_0006267,increased_dwell_to_make_energy_feasible,9.635,13.018,1.9724242424242426
California_Garage_02,11D_SYN_California_Garage_02_0006268,increased_dwell_to_make_energy_feasible,4.71,6.451,0.9774242424242424
California_Garage_02,11D_SYN_California_Garage_02_0006269,increased_dwell_to_make_energy_feasible,2.928,8.43,1.2772727272727273
California_Garage_02,11D_SYN_California_Garage_02_0006276,increased_dwell_to_make_energy_feasible,8.382,6.23,0.9439393939393941
California_Garage_02,11D_SYN_California_Garage_02_0006280,increased_dwell_to_make_energy_feasible,1.02,13.198,1.99969696969697
California_Garage_02,11D_SYN_California_Garage_02_0006284,increased_dwell_to_make_energy_feasible,0.862,7.821,1.185
California_Garage_02,11D_SYN_California_Garage_02_0006288,increased_dwell_to_make_energy_feasible,6.644,10.372,1.5715151515151515
California_Garage_02,11D_SYN_California_Garage_02_0006290,increased_dwell_to_make_energy_feasible,13.916,31.459,4.766515151515152
California_Garage_02,11D_SYN_California_Garage_02_0006294,increased_dwell_to_make_energy_feasible,9.542,13.874,2.1021212121212125
California_Garage_02,11D_SYN_California_Garage_02_0006306,increased_dwell_to_make_energy_feasible,2.224,13.888,2.1042424242424245
California_Garage_02,11D_SYN_California_Garage_02_0006320,increased_dwell_to_make_energy_feasible,2.286,13.902,2.1063636363636364
California_Garage_02,11D_SYN_California_Garage_02_0006322,increased_dwell_to_make_energy_feasible,13.079,8.808,1.3345454545454547
California_Garage_02,11D_SYN_California_Garage_02_0006323,increased_dwell_to_make_energy_feasible,21.525,13.946,2.1130303030303033
California_Garage_02,11D_SYN_California_Garage_02_0006326,increased_dwell_to_make_energy_feasible,0.753,7.934,1.2021212121212121
California_Garage_02,11D_SYN_California_Garage_02_0006327,increased_dwell_to_make_energy_feasible,14.211,13.889,2.1043939393939395
California_Garage_02,11D_SYN_California_Garage_02_0006355,increased_dwell_to_make_energy_feasible,3.051,13.838,2.0966666666666667
California_Garage_02,11D_SYN_California_Garage_02_0006363,increased_dwell_to_make_energy_feasible,2.797,27.201,4.121363636363637
California_Garage_02,11D_SYN_California_Garage_02_0006377,increased_dwell_to_make_energy_feasible,13.888,6.564,0.9945454545454546
California_Garage_02,11D_SYN_California_Garage_02_0006380,increased_dwell_to_make_energy_feasible,3.876,5.512,0.8351515151515151
California_Garage_02,11D_SYN_California_Garage_02_0006393,increased_dwell_to_make_energy_feasible,7.111,5.328,0.8072727272727274
California_Garage_02,11D_SYN_California_Garage_02_0006400,increased_dwell_to_make_energy_feasible,8.888,9.981,1.5122727272727274
California_Garage_02,11D_SYN_California_Garage_02_0006405,increased_dwell_to_make_energy_feasible,13.895,15.377749402624191,2.329962030700635
California_Garage_02,11D_SYN_California_Garage_02_0006415,removed_infeasible_after_horizon_clip,0.01,0.0,-14.4775
California_Garage_02,11D_SYN_California_Garage_02_0006415,removed_infeasible_after_horizon_clip,0.01,0.0,-19.113055555555555
California_Garage_02,11D_SYN_California_Garage_02_0006415,removed_infeasible_after_horizon_clip,0.01,0.0,-13.234166666666667
California_Garage_02,11D_SYN_California_Garage_02_0006415,removed_infeasible_after_horizon_clip,0.01,0.0,-13.699722222222222
California_Garage_02,11D_SYN_California_Garage_02_0006415,clipped_departure_and_capped_energy,1.836,0.8836666666666666,0.1338888888888889
California_Garage_02,11D_SYN_California_Garage_02_0006416,removed_infeasible_after_horizon_clip,0.01,0.0,-12.535277777777777
California_Garage_02,11D_SYN_California_Garage_02_0006417,removed_infeasible_after_horizon_clip,0.01,0.0,-2.8608333333333333
California_Garage_02,11D_SYN_California_Garage_02_0006417,removed_infeasible_after_horizon_clip,0.01,0.0,-17.950555555555557
California_Garage_02,11D_SYN_California_Garage_02_0006417,removed_infeasible_after_horizon_clip,0.01,0.0,-17.384444444444444
California_Garage_02,11D_SYN_California_Garage_02_0006417,removed_infeasible_after_horizon_clip,0.01,0.0,-13.081111111111111
California_Garage_02,11D_SYN_California_Garage_02_0006417,removed_infeasible_after_horizon_clip,0.01,0.0,-16.40138888888889
California_Garage_02,11D_SYN_California_Garage_02_0006417,removed_infeasible_after_horizon_clip,0.01,0.0,-13.832777777777778
California_Garage_02,11D_SYN_California_Garage_02_0006417,removed_infeasible_after_horizon_clip,0.01,0.0,-13.31
California_Garage_02,11D_SYN_California_Garage_02_0006417,removed_infeasible_after_horizon_clip,0.01,0.0,-12.234444444444444
California_Garage_02,11D_SYN_California_Garage_02_0006417,clipped_departure_and_capped_energy,21.826,6.9685,1.0558333333333334
California_Garage_02,11D_SYN_California_Garage_02_0006418,removed_infeasible_after_horizon_clip,0.01,0.0,-14.5
California_Garage_02,11D_SYN_California_Garage_02_0006418,removed_infeasible_after_horizon_clip,0.01,0.0,-13.113055555555556
California_Garage_02,11D_SYN_California_Garage_02_0006418,removed_infeasible_after_horizon_clip,0.01,0.0,-14.276944444444444
California_Garage_02,11D_SYN_California_Garage_02_0006418,removed_infeasible_after_horizon_clip,0.01,0.0,-13.966666666666667
California_Garage_02,11D_SYN_California_Garage_02_0006418,removed_infeasible_after_horizon_clip,0.01,0.0,-17.026944444444446
California_Garage_02,11D_SYN_California_Garage_02_0006418,removed_infeasible_after_horizon_clip,0.01,0.0,-13.101111111111111
California_Garage_02,11D_SYN_California_Garage_02_0006418,removed_infeasible_after_horizon_clip,0.01,0.0,-14.835277777777778
California_Garage_02,11D_SYN_California_Garage_02_0006418,clipped_departure_and_capped_energy,5.453,0.5866666666666667,0.08888888888888889
California_Garage_02,11D_SYN_California_Garage_02_0006419,removed_infeasible_after_horizon_clip,0.01,0.0,-12.222222222222221
California_Garage_02,11D_SYN_California_Garage_02_0006419,removed_infeasible_after_horizon_clip,0.01,0.0,-14.3675
California_Garage_02,11D_SYN_California_Garage_02_0006419,removed_infeasible_after_horizon_clip,0.01,0.0,-12.181666666666667
California_Garage_02,11D_SYN_California_Garage_02_0006419,removed_infeasible_after_horizon_clip,0.01,0.0,-21.899722222222223
California_Garage_02,11D_SYN_California_Garage_02_0006419,removed_infeasible_after_horizon_clip,0.01,0.0,-11.09388888888889
California_Garage_02,11D_SYN_California_Garage_02_0006419,removed_infeasible_after_horizon_clip,0.01,0.0,-18.094444444444445
California_Garage_02,11D_SYN_California_Garage_02_0006419,removed_infeasible_after_horizon_clip,0.01,0.0,-13.831666666666667
California_Garage_02,11D_SYN_California_Garage_02_0006419,removed_infeasible_after_horizon_clip,0.01,0.0,-8.073611111111111
California_Garage_02,11D_SYN_California_Garage_02_0006419,removed_infeasible_after_horizon_clip,0.01,0.0,-15.910555555555556
California_Garage_02,11D_SYN_California_Garage_02_0006419,removed_infeasible_after_horizon_clip,0.01,0.0,-13.546388888888888
California_Garage_02,11D_SYN_California_Garage_02_0006419,removed_infeasible_after_horizon_clip,0.01,0.0,-16.636111111111113
California_Garage_02,11D_SYN_California_Garage_02_0006419,removed_infeasible_after_horizon_clip,0.01,0.0,-13.3325
California_Garage_02,11D_SYN_California_Garage_02_0006419,removed_infeasible_after_horizon_clip,0.01,0.0,-14.476666666666667
California_Garage_02,11D_SYN_California_Garage_02_0006419,removed_infeasible_after_horizon_clip,0.01,0.0,-13.263055555555555
California_Garage_02,11D_SYN_California_Garage_02_0006419,removed_infeasible_after_horizon_clip,0.01,0.0,-15.572222222222223
California_Garage_02,11D_SYN_California_Garage_02_0006419,removed_infeasible_after_horizon_clip,0.01,0.0,-15.204722222222221
California_Garage_02,11D_SYN_California_Garage_02_0006419,removed_infeasible_after_horizon_clip,0.01,0.0,-13.235277777777778
California_Garage_02,11D_SYN_California_Garage_02_0006419,removed_infeasible_after_horizon_clip,0.01,0.0,-21.85
California_Garage_02,11D_SYN_California_Garage_02_0006419,removed_infeasible_after_horizon_clip,0.01,0.0,-17.7925
California_Garage_02,11D_SYN_California_Garage_02_0006419,removed_infeasible_after_horizon_clip,0.01,0.0,-6.513888888888889
California_Garage_02,11D_SYN_California_Garage_02_0006419,removed_infeasible_after_horizon_clip,0.01,0.0,-14.719722222222222
California_Garage_02,11D_SYN_California_Garage_02_0006419,removed_infeasible_after_horizon_clip,0.01,0.0,-12.303333333333333
California_Garage_02,11D_SYN_California_Garage_02_0006419,clipped_departure_and_capped_energy,5.242589605733806,8.9485,1.3558333333333332
California_Garage_02,11D_SYN_California_Garage_02_0006420,removed_infeasible_after_horizon_clip,0.01,0.0,-14.396666666666667
California_Garage_02,11D_SYN_California_Garage_02_0006421,removed_infeasible_after_horizon_clip,0.01,0.0,-14.354444444444445
California_Garage_02,11D_SYN_California_Garage_02_0006421,removed_infeasible_after_horizon_clip,0.01,0.0,-2.9883333333333333
California_Garage_02,11D_SYN_California_Garage_02_0006421,removed_infeasible_after_horizon_clip,0.01,0.0,-20.759444444444444
California_Garage_02,11D_SYN_California_Garage_02_0006421,removed_infeasible_after_horizon_clip,0.01,0.0,-0.4311111111111111
California_Garage_02,11D_SYN_California_Garage_02_0006421,removed_infeasible_after_horizon_clip,0.01,0.0,-14.526666666666667
California_Garage_02,11D_SYN_California_Garage_02_0006421,removed_infeasible_after_horizon_clip,0.01,0.0,-14.51388888888889
California_Garage_02,11D_SYN_California_Garage_02_0006421,removed_infeasible_after_horizon_clip,0.01,0.0,-13.084444444444445
California_Garage_02,11D_SYN_California_Garage_02_0006421,removed_infeasible_after_horizon_clip,0.01,0.0,-13.309722222222222
N_Wilson_Garage_01,11D_SYN_N_Wilson_Garage_01_0000005,increased_dwell_to_make_energy_feasible,13.911,13.868,2.1012121212121215
N_Wilson_Garage_01,11D_SYN_N_Wilson_Garage_01_0000006,increased_dwell_to_make_energy_feasible,1.776,13.211,2.001666666666667
N_Wilson_Garage_01,11D_SYN_N_Wilson_Garage_01_0000033,increased_dwell_to_make_energy_feasible,6.969,37.32,5.654545454545455
N_Wilson_Garage_01,11D_SYN_N_Wilson_Garage_01_0000036,increased_dwell_to_make_energy_feasible,2.862,6.607,1.0010606060606062
N_Wilson_Garage_01,11D_SYN_N_Wilson_Garage_01_0000041,increased_dwell_to_make_energy_feasible,6.024,12.174,1.8445454545454545
N_Wilson_Garage_01,11D_SYN_N_Wilson_Garage_01_0000060,increased_dwell_to_make_energy_feasible,8.47,8.227,1.2465151515151516
N_Wilson_Garage_01,11D_SYN_N_Wilson_Garage_01_0000061,increased_dwell_to_make_energy_feasible,9.157,13.901,2.1062121212121214
N_Wilson_Garage_01,11D_SYN_N_Wilson_Garage_01_0000073,increased_dwell_to_make_energy_feasible,11.437,9.805,1.4856060606060606
N_Wilson_Garage_01,11D_SYN_N_Wilson_Garage_01_0000078,increased_dwell_to_make_energy_feasible,8.115,3.847,0.5828787878787879
N_Wilson_Garage_01,11D_SYN_N_Wilson_Garage_01_0000079,increased_dwell_to_make_energy_feasible,7.226,10.227,1.5495454545454548
N_Wilson_Garage_01,11D_SYN_N_Wilson_Garage_01_0000084,increased_dwell_to_make_energy_feasible,11.206,10.952,1.6593939393939394
N_Wilson_Garage_01,11D_SYN_N_Wilson_Garage_01_0000088,increased_dwell_to_make_energy_feasible,1.24,10.757,1.6298484848484849
N_Wilson_Garage_01,11D_SYN_N_Wilson_Garage_01_0000092,increased_dwell_to_make_energy_feasible,7.413,12.022,1.8215151515151518
N_Wilson_Garage_01,11D_SYN_N_Wilson_Garage_01_0000101,increased_dwell_to_make_energy_feasible,13.422,15.438,2.3390909090909093
N_Wilson_Garage_01,11D_SYN_N_Wilson_Garage_01_0000114,increased_dwell_to_make_energy_feasible,2.281,2.366,0.3584848484848485
N_Wilson_Garage_01,11D_SYN_N_Wilson_Garage_01_0000119,increased_dwell_to_make_energy_feasible,2.346,19.688,2.983030303030303
N_Wilson_Garage_01,11D_SYN_N_Wilson_Garage_01_0000131,increased_dwell_to_make_energy_feasible,0.64,13.897,2.105606060606061
N_Wilson_Garage_01,11D_SYN_N_Wilson_Garage_01_0000134,increased_dwell_to_make_energy_feasible,0.859,13.943,2.1125757575757578
N_Wilson_Garage_01,11D_SYN_N_Wilson_Garage_01_0000138,increased_dwell_to_make_energy_feasible,9.325,6.662,1.0093939393939395
N_Wilson_Garage_01,11D_SYN_N_Wilson_Garage_01_0000147,increased_dwell_to_make_energy_feasible,11.97,12.56,1.9030303030303033
N_Wilson_Garage_01,11D_SYN_N_Wilson_Garage_01_0000156,increased_dwell_to_make_energy_feasible,2.519,6.014,0.9112121212121213
N_Wilson_Garage_01,11D_SYN_N_Wilson_Garage_01_0000166,increased_dwell_to_make_energy_feasible,8.294,11.927,1.8071212121212121
N_Wilson_Garage_01,11D_SYN_N_Wilson_Garage_01_0000168,increased_dwell_to_make_energy_feasible,1.245,42.05,6.371212121212121
N_Wilson_Garage_01,11D_SYN_N_Wilson_Garage_01_0000170,increased_dwell_to_make_energy_feasible,3.511,8.861,1.3425757575757578
N_Wilson_Garage_01,11D_SYN_N_Wilson_Garage_01_0000171,increased_dwell_to_make_energy_feasible,14.413,10.98,1.6636363636363638
N_Wilson_Garage_01,11D_SYN_N_Wilson_Garage_01_0000186,increased_dwell_to_make_energy_feasible,6.015,15.522,2.351818181818182
N_Wilson_Garage_01,11D_SYN_N_Wilson_Garage_01_0000196,increased_dwell_to_make_energy_feasible,13.896,13.906,2.1069696969696974
N_Wilson_Garage_01,11D_SYN_N_Wilson_Garage_01_0000202,increased_dwell_to_make_energy_feasible,12.934,11.596,1.756969696969697
N_Wilson_Garage_01,11D_SYN_N_Wilson_Garage_01_0000212,increased_dwell_to_make_energy_feasible,1.304,7.481,1.1334848484848485
N_Wilson_Garage_01,11D_SYN_N_Wilson_Garage_01_0000218,increased_dwell_to_make_energy_feasible,13.33,12.269,1.8589393939393941
N_Wilson_Garage_01,11D_SYN_N_Wilson_Garage_01_0000235,increased_dwell_to_make_energy_feasible,3.105,4.212,0.6381818181818182
N_Wilson_Garage_01,11D_SYN_N_Wilson_Garage_01_0000242,increased_dwell_to_make_energy_feasible,14.422,15.649,2.371060606060606
N_Wilson_Garage_01,11D_SYN_N_Wilson_Garage_01_0000249,increased_dwell_to_make_energy_feasible,11.64,14.486,2.1948484848484853
N_Wilson_Garage_01,11D_SYN_N_Wilson_Garage_01_0000255,increased_dwell_to_make_energy_feasible,2.758,13.636,2.066060606060606
N_Wilson_Garage_01,11D_SYN_N_Wilson_Garage_01_0000256,increased_dwell_to_make_energy_feasible,3.738,17.098,2.590606060606061
N_Wilson_Garage_01,11D_SYN_N_Wilson_Garage_01_0000257,increased_dwell_to_make_energy_feasible,13.005,16.225,2.4583333333333335
N_Wilson_Garage_01,11D_SYN_N_Wilson_Garage_01_0000259,increased_dwell_to_make_energy_feasible,6.528,2.711,0.41075757575757577
N_Wilson_Garage_01,11D_SYN_N_Wilson_Garage_01_0000260,increased_dwell_to_make_energy_feasible,16.2,6.91,1.046969696969697
N_Wilson_Garage_01,11D_SYN_N_Wilson_Garage_01_0000268,increased_dwell_to_make_energy_feasible,1.855,6.799,1.0301515151515153
N_Wilson_Garage_01,11D_SYN_N_Wilson_Garage_01_0000286,increased_dwell_to_make_energy_feasible,10.743,5.61,0.8500000000000001
N_Wilson_Garage_01,11D_SYN_N_Wilson_Garage_01_0000294,increased_dwell_to_make_energy_feasible,2.108,11.91,1.8045454545454547
N_Wilson_Garage_01,11D_SYN_N_Wilson_Garage_01_0000295,increased_dwell_to_make_energy_feasible,13.91,5.882,0.8912121212121212
N_Wilson_Garage_01,11D_SYN_N_Wilson_Garage_01_0000296,increased_dwell_to_make_energy_feasible,0.6,41.893,6.347424242424243
N_Wilson_Garage_01,11D_SYN_N_Wilson_Garage_01_0000309,increased_dwell_to_make_energy_feasible,10.056,13.209,2.0013636363636365
N_Wilson_Garage_01,11D_SYN_N_Wilson_Garage_01_0000317,increased_dwell_to_make_energy_feasible,2.307,8.129,1.2316666666666667
N_Wilson_Garage_01,11D_SYN_N_Wilson_Garage_01_0000323,increased_dwell_to_make_energy_feasible,4.597,8.454307048982633,1.280955613482217
N_Wilson_Garage_01,11D_SYN_N_Wilson_Garage_01_0000328,increased_dwell_to_make_energy_feasible,2.619,12.651,1.916818181818182
N_Wilson_Garage_01,11D_SYN_N_Wilson_Garage_01_0000332,increased_dwell_to_make_energy_feasible,0.824,12.407,1.8798484848484849
N_Wilson_Garage_01,11D_SYN_N_Wilson_Garage_01_0000336,increased_dwell_to_make_energy_feasible,7.519,16.386,2.482727272727273
N_Wilson_Garage_01,11D_SYN_N_Wilson_Garage_01_0000338,increased_dwell_to_make_energy_feasible,13.932,14.97,2.2681818181818185
N_Wilson_Garage_01,11D_SYN_N_Wilson_Garage_01_0000346,increased_dwell_to_make_energy_feasible,13.212,14.27047043010747,2.1621924894102227
N_Wilson_Garage_01,11D_SYN_N_Wilson_Garage_01_0000352,increased_dwell_to_make_energy_feasible,41.995,4.961,0.7516666666666667
N_Wilson_Garage_01,11D_SYN_N_Wilson_Garage_01_0000357,increased_dwell_to_make_energy_feasible,5.799,11.06,1.675757575757576
N_Wilson_Garage_01,11D_SYN_N_Wilson_Garage_01_0000360,increased_dwell_to_make_energy_feasible,5.713,7.931,1.2016666666666667
N_Wilson_Garage_01,11D_SYN_N_Wilson_Garage_01_0000372,increased_dwell_to_make_energy_feasible,13.999,11.92,1.8060606060606061
N_Wilson_Garage_01,11D_SYN_N_Wilson_Garage_01_0000374,increased_dwell_to_make_energy_feasible,1.782,13.311,2.016818181818182
N_Wilson_Garage_01,11D_SYN_N_Wilson_Garage_01_0000396,increased_dwell_to_make_energy_feasible,0.587,11.872,1.7987878787878788
N_Wilson_Garage_01,11D_SYN_N_Wilson_Garage_01_0000418,increased_dwell_to_make_energy_feasible,12.668615591396826,11.813,1.789848484848485
N_Wilson_Garage_01,11D_SYN_N_Wilson_Garage_01_0000420,increased_dwell_to_make_energy_feasible,4.056817502985613,19.121,2.897121212121212
N_Wilson_Garage_01,11D_SYN_N_Wilson_Garage_01_0000421,increased_dwell_to_make_energy_feasible,12.159,2.499,0.37863636363636366
N_Wilson_Garage_01,11D_SYN_N_Wilson_Garage_01_0000430,increased_dwell_to_make_energy_feasible,7.914,12.332,1.8684848484848486
N_Wilson_Garage_01,11D_SYN_N_Wilson_Garage_01_0000431,increased_dwell_to_make_energy_feasible,13.98,18.87093488650053,2.8592325585606866
N_Wilson_Garage_01,11D_SYN_N_Wilson_Garage_01_0000435,increased_dwell_to_make_energy_feasible,5.587,4.423,0.6701515151515152
N_Wilson_Garage_01,11D_SYN_N_Wilson_Garage_01_0000443,increased_dwell_to_make_energy_feasible,6.408,14.102,2.1366666666666667
N_Wilson_Garage_01,11D_SYN_N_Wilson_Garage_01_0000460,increased_dwell_to_make_energy_feasible,20.187,14.168,2.1466666666666665
N_Wilson_Garage_01,11D_SYN_N_Wilson_Garage_01_0000462,increased_dwell_to_make_energy_feasible,4.821,12.85,1.946969696969697
N_Wilson_Garage_01,11D_SYN_N_Wilson_Garage_01_0000463,increased_dwell_to_make_energy_feasible,1.58,6.203,0.9398484848484849
N_Wilson_Garage_01,11D_SYN_N_Wilson_Garage_01_0000468,increased_dwell_to_make_energy_feasible,13.903,10.021,1.5183333333333335
N_Wilson_Garage_01,11D_SYN_N_Wilson_Garage_01_0000470,increased_dwell_to_make_energy_feasible,8.452,8.963,1.358030303030303
N_Wilson_Garage_01,11D_SYN_N_Wilson_Garage_01_0000472,increased_dwell_to_make_energy_feasible,12.267,10.353,1.5686363636363636
N_Wilson_Garage_01,11D_SYN_N_Wilson_Garage_01_0000478,increased_dwell_to_make_energy_feasible,2.801,8.714,1.3203030303030305
N_Wilson_Garage_01,11D_SYN_N_Wilson_Garage_01_0000481,increased_dwell_to_make_energy_feasible,2.933,13.904,2.106666666666667
N_Wilson_Garage_01,11D_SYN_N_Wilson_Garage_01_0000483,increased_dwell_to_make_energy_feasible,6.15,13.93,2.110606060606061
N_Wilson_Garage_01,11D_SYN_N_Wilson_Garage_01_0000484,increased_dwell_to_make_energy_feasible,3.298,13.807,2.0919696969696973
N_Wilson_Garage_01,11D_SYN_N_Wilson_Garage_01_0000491,increased_dwell_to_make_energy_feasible,16.845,13.884,2.103636363636364
N_Wilson_Garage_01,11D_SYN_N_Wilson_Garage_01_0000496,increased_dwell_to_make_energy_feasible,0.903,13.204,2.000606060606061
N_Wilson_Garage_01,11D_SYN_N_Wilson_Garage_01_0000502,increased_dwell_to_make_energy_feasible,8.149,13.891,2.10469696969697
N_Wilson_Garage_01,11D_SYN_N_Wilson_Garage_01_0000508,increased_dwell_to_make_energy_feasible,11.065,7.531,1.141060606060606
N_Wilson_Garage_01,11D_SYN_N_Wilson_Garage_01_0000522,increased_dwell_to_make_energy_feasible,4.926,13.878,2.102727272727273
N_Wilson_Garage_01,11D_SYN_N_Wilson_Garage_01_0000524,increased_dwell_to_make_energy_feasible,9.757,8.535,1.2931818181818182
N_Wilson_Garage_01,11D_SYN_N_Wilson_Garage_01_0000528,increased_dwell_to_make_energy_feasible,13.723,7.433,1.1262121212121212
N_Wilson_Garage_01,11D_SYN_N_Wilson_Garage_01_0000530,increased_dwell_to_make_energy_feasible,14.431,13.9,2.1060606060606064
N_Wilson_Garage_01,11D_SYN_N_Wilson_Garage_01_0000534,increased_dwell_to_make_energy_feasible,13.889,4.858,0.7360606060606061
N_Wilson_Garage_01,11D_SYN_N_Wilson_Garage_01_0000538,increased_dwell_to_make_energy_feasible,1.982,13.073,1.980757575757576
N_Wilson_Garage_01,11D_SYN_N_Wilson_Garage_01_0000549,increased_dwell_to_make_energy_feasible,13.889,6.807,1.0313636363636365
N_Wilson_Garage_01,11D_SYN_N_Wilson_Garage_01_0000551,increased_dwell_to_make_energy_feasible,4.906,13.01,1.9712121212121212
N_Wilson_Garage_01,11D_SYN_N_Wilson_Garage_01_0000558,increased_dwell_to_make_energy_feasible,1.289,17.468,2.646666666666667
N_Wilson_Garage_01,11D_SYN_N_Wilson_Garage_01_0000567,increased_dwell_to_make_energy_feasible,3.952,15.236,2.3084848484848486
N_Wilson_Garage_01,11D_SYN_N_Wilson_Garage_01_0000571,increased_dwell_to_make_energy_feasible,9.002,13.889,2.1043939393939395
N_Wilson_Garage_01,11D_SYN_N_Wilson_Garage_01_0000572,increased_dwell_to_make_energy_feasible,4.773,13.892,2.104848484848485
N_Wilson_Garage_01,11D_SYN_N_Wilson_Garage_01_0000580,increased_dwell_to_make_energy_feasible,7.386,13.219155277777778,2.002902314814815
N_Wilson_Garage_01,11D_SYN_N_Wilson_Garage_01_0000583,increased_dwell_to_make_energy_feasible,0.858,0.842,0.12757575757575756
N_Wilson_Garage_01,11D_SYN_N_Wilson_Garage_01_0000584,increased_dwell_to_make_energy_feasible,3.846,6.139,0.9301515151515153
N_Wilson_Garage_01,11D_SYN_N_Wilson_Garage_01_0000585,increased_dwell_to_make_energy_feasible,4.392,11.261,1.7062121212121213
N_Wilson_Garage_01,11D_SYN_N_Wilson_Garage_01_0000593,increased_dwell_to_make_energy_feasible,13.599,11.656,1.7660606060606063
N_Wilson_Garage_01,11D_SYN_N_Wilson_Garage_01_0000595,increased_dwell_to_make_energy_feasible,6.426,12.395,1.8780303030303032
N_Wilson_Garage_01,11D_SYN_N_Wilson_Garage_01_0000598,increased_dwell_to_make_energy_feasible,10.363,8.799,1.3331818181818182
N_Wilson_Garage_01,11D_SYN_N_Wilson_Garage_01_0000605,increased_dwell_to_make_energy_feasible,3.986,13.91,2.107575757575758
N_Wilson_Garage_01,11D_SYN_N_Wilson_Garage_01_0000610,increased_dwell_to_make_energy_feasible,11.603,2.9518727598569243,0.4472534484631704
N_Wilson_Garage_01,11D_SYN_N_Wilson_Garage_01_0000626,increased_dwell_to_make_energy_feasible,2.777,41.893,6.347424242424243
N_Wilson_Garage_01,11D_SYN_N_Wilson_Garage_01_0000634,increased_dwell_to_make_energy_feasible,13.896,33.381,5.057727272727273
N_Wilson_Garage_01,11D_SYN_N_Wilson_Garage_01_0000639,increased_dwell_to_make_energy_feasible,3.742,8.624,1.3066666666666669
N_Wilson_Garage_01,11D_SYN_N_Wilson_Garage_01_0000642,increased_dwell_to_make_energy_feasible,41.911,7.027,1.0646969696969697
N_Wilson_Garage_01,11D_SYN_N_Wilson_Garage_01_0000648,increased_dwell_to_make_energy_feasible,12.008,5.606,0.8493939393939394
N_Wilson_Garage_01,11D_SYN_N_Wilson_Garage_01_0000658,increased_dwell_to_make_energy_feasible,7.15,14.033,2.1262121212121214
N_Wilson_Garage_01,11D_SYN_N_Wilson_Garage_01_0000668,increased_dwell_to_make_energy_feasible,13.663,21.122,3.2003030303030306
N_Wilson_Garage_01,11D_SYN_N_Wilson_Garage_01_0000687,increased_dwell_to_make_energy_feasible,13.925,28.998,4.3936363636363645
N_Wilson_Garage_01,11D_SYN_N_Wilson_Garage_01_0000688,increased_dwell_to_make_energy_feasible,2.558,7.792,1.1806060606060607
N_Wilson_Garage_01,11D_SYN_N_Wilson_Garage_01_0000690,increased_dwell_to_make_energy_feasible,13.202,4.869,0.7377272727272728
N_Wilson_Garage_01,11D_SYN_N_Wilson_Garage_01_0000692,increased_dwell_to_make_energy_feasible,6.346,11.748,1.78
N_Wilson_Garage_01,11D_SYN_N_Wilson_Garage_01_0000694,increased_dwell_to_make_energy_feasible,4.644,10.695,1.6204545454545456
N_Wilson_Garage_01,11D_SYN_N_Wilson_Garage_01_0000708,increased_dwell_to_make_energy_feasible,0.747,13.878,2.102727272727273
N_Wilson_Garage_01,11D_SYN_N_Wilson_Garage_01_0000714,increased_dwell_to_make_energy_feasible,3.612,16.305,2.4704545454545457
N_Wilson_Garage_01,11D_SYN_N_Wilson_Garage_01_0000716,increased_dwell_to_make_energy_feasible,3.678,7.519,1.1392424242424244
N_Wilson_Garage_01,11D_SYN_N_Wilson_Garage_01_0000717,increased_dwell_to_make_energy_feasible,0.857,12.239,1.8543939393939397
N_Wilson_Garage_01,11D_SYN_N_Wilson_Garage_01_0000719,increased_dwell_to_make_energy_feasible,11.549,7.367,1.1162121212121212
N_Wilson_Garage_01,11D_SYN_N_Wilson_Garage_01_0000733,increased_dwell_to_make_energy_feasible,13.207,9.157,1.3874242424242424
N_Wilson_Garage_01,11D_SYN_N_Wilson_Garage_01_0000742,increased_dwell_to_make_energy_feasible,14.347434289127907,11.2,1.696969696969697
N_Wilson_Garage_01,11D_SYN_N_Wilson_Garage_01_0000758,increased_dwell_to_make_energy_feasible,13.901,28.815,4.365909090909091
N_Wilson_Garage_01,11D_SYN_N_Wilson_Garage_01_0000762,increased_dwell_to_make_energy_feasible,14.052,13.902,2.1063636363636364
N_Wilson_Garage_01,11D_SYN_N_Wilson_Garage_01_0000763,increased_dwell_to_make_energy_feasible,13.883,21.652,3.2806060606060607
N_Wilson_Garage_01,11D_SYN_N_Wilson_Garage_01_0000765,increased_dwell_to_make_energy_feasible,3.794,18.313,2.77469696969697
N_Wilson_Garage_01,11D_SYN_N_Wilson_Garage_01_0000767,increased_dwell_to_make_energy_feasible,7.602,8.836,1.3387878787878789
N_Wilson_Garage_01,11D_SYN_N_Wilson_Garage_01_0000773,increased_dwell_to_make_energy_feasible,5.06,6.765079151730894,1.0250119926864991
N_Wilson_Garage_01,11D_SYN_N_Wilson_Garage_01_0000784,increased_dwell_to_make_energy_feasible,13.558083611111112,13.958,2.114848484848485
N_Wilson_Garage_01,11D_SYN_N_Wilson_Garage_01_0000790,increased_dwell_to_make_energy_feasible,13.833337222222225,4.719,0.7150000000000001
N_Wilson_Garage_01,11D_SYN_N_Wilson_Garage_01_0000799,increased_dwell_to_make_energy_feasible,1.334,6.948,1.0527272727272727
N_Wilson_Garage_01,11D_SYN_N_Wilson_Garage_01_0000802,increased_dwell_to_make_energy_feasible,12.284,12.041,1.8243939393939395
N_Wilson_Garage_01,11D_SYN_N_Wilson_Garage_01_0000820,increased_dwell_to_make_energy_feasible,16.247,6.736,1.0206060606060605
N_Wilson_Garage_01,11D_SYN_N_Wilson_Garage_01_0000822,increased_dwell_to_make_energy_feasible,2.972,11.97,1.813636363636364
N_Wilson_Garage_01,11D_SYN_N_Wilson_Garage_01_0000835,increased_dwell_to_make_energy_feasible,1.516,10.472,1.5866666666666667
N_Wilson_Garage_01,11D_SYN_N_Wilson_Garage_01_0000836,increased_dwell_to_make_energy_feasible,6.13,5.383,0.8156060606060607
N_Wilson_Garage_01,11D_SYN_N_Wilson_Garage_01_0000839,increased_dwell_to_make_energy_feasible,13.901,10.748,1.6284848484848484
N_Wilson_Garage_01,11D_SYN_N_Wilson_Garage_01_0000862,increased_dwell_to_make_energy_feasible,10.796,1.953,0.29590909090909095
N_Wilson_Garage_01,11D_SYN_N_Wilson_Garage_01_0000864,increased_dwell_to_make_energy_feasible,6.132,28.815,4.365909090909091
N_Wilson_Garage_01,11D_SYN_N_Wilson_Garage_01_0000870,increased_dwell_to_make_energy_feasible,4.799,12.412,1.8806060606060608
N_Wilson_Garage_01,11D_SYN_N_Wilson_Garage_01_0000881,increased_dwell_to_make_energy_feasible,32.555,29.166,4.419090909090909
N_Wilson_Garage_01,11D_SYN_N_Wilson_Garage_01_0000886,increased_dwell_to_make_energy_feasible,6.787,12.317,1.8662121212121214
N_Wilson_Garage_01,11D_SYN_N_Wilson_Garage_01_0000887,increased_dwell_to_make_energy_feasible,5.117,6.716,1.0175757575757576
N_Wilson_Garage_01,11D_SYN_N_Wilson_Garage_01_0000916,increased_dwell_to_make_energy_feasible,2.582,10.162,1.53969696969697
N_Wilson_Garage_01,11D_SYN_N_Wilson_Garage_01_0000924,increased_dwell_to_make_energy_feasible,2.229,37.226,5.640303030303031
N_Wilson_Garage_01,11D_SYN_N_Wilson_Garage_01_0000925,increased_dwell_to_make_energy_feasible,13.904,6.408,0.970909090909091
N_Wilson_Garage_01,11D_SYN_N_Wilson_Garage_01_0000929,increased_dwell_to_make_energy_feasible,3.838,6.703,1.0156060606060606
N_Wilson_Garage_01,11D_SYN_N_Wilson_Garage_01_0000931,increased_dwell_to_make_energy_feasible,13.907,16.178,2.4512121212121216
N_Wilson_Garage_01,11D_SYN_N_Wilson_Garage_01_0000936,increased_dwell_to_make_energy_feasible,11.275,9.055,1.371969696969697
N_Wilson_Garage_01,11D_SYN_N_Wilson_Garage_01_0000939,increased_dwell_to_make_energy_feasible,13.915,6.214,0.9415151515151516
N_Wilson_Garage_01,11D_SYN_N_Wilson_Garage_01_0000941,increased_dwell_to_make_energy_feasible,11.443,5.074695340500892,0.768893233409226
N_Wilson_Garage_01,11D_SYN_N_Wilson_Garage_01_0000945,increased_dwell_to_make_energy_feasible,13.885,4.152,0.6290909090909091
N_Wilson_Garage_01,11D_SYN_N_Wilson_Garage_01_0000951,increased_dwell_to_make_energy_feasible,2.683,21.117,3.1995454545454547
N_Wilson_Garage_01,11D_SYN_N_Wilson_Garage_01_0000966,increased_dwell_to_make_energy_feasible,10.879,3.586,0.5433333333333333
N_Wilson_Garage_01,11D_SYN_N_Wilson_Garage_01_0000972,increased_dwell_to_make_energy_feasible,16.51,4.117,0.6237878787878788
N_Wilson_Garage_01,11D_SYN_N_Wilson_Garage_01_0000998,increased_dwell_to_make_energy_feasible,2.597,6.131,0.9289393939393941
N_Wilson_Garage_01,11D_SYN_N_Wilson_Garage_01_0001002,increased_dwell_to_make_energy_feasible,3.337,13.281,2.0122727272727277
N_Wilson_Garage_01,11D_SYN_N_Wilson_Garage_01_0001006,increased_dwell_to_make_energy_feasible,14.263,13.895,2.1053030303030305
N_Wilson_Garage_01,11D_SYN_N_Wilson_Garage_01_0001008,increased_dwell_to_make_energy_feasible,7.849,13.83,2.0954545454545457
N_Wilson_Garage_01,11D_SYN_N_Wilson_Garage_01_0001012,increased_dwell_to_make_energy_feasible,6.245,10.748,1.6284848484848484
N_Wilson_Garage_01,11D_SYN_N_Wilson_Garage_01_0001018,increased_dwell_to_make_energy_feasible,8.694,11.728,1.776969696969697
N_Wilson_Garage_01,11D_SYN_N_Wilson_Garage_01_0001023,increased_dwell_to_make_energy_feasible,3.772,17.796,2.6963636363636363
N_Wilson_Garage_01,11D_SYN_N_Wilson_Garage_01_0001025,increased_dwell_to_make_energy_feasible,11.657,5.472,0.8290909090909092
N_Wilson_Garage_01,11D_SYN_N_Wilson_Garage_01_0001036,increased_dwell_to_make_energy_feasible,3.09917562724027,12.123,1.836818181818182
N_Wilson_Garage_01,11D_SYN_N_Wilson_Garage_01_0001041,increased_dwell_to_make_energy_feasible,12.063,13.207,2.0010606060606064
N_Wilson_Garage_01,11D_SYN_N_Wilson_Garage_01_0001046,increased_dwell_to_make_energy_feasible,6.704,14.45,2.1893939393939394
N_Wilson_Garage_01,11D_SYN_N_Wilson_Garage_01_0001050,increased_dwell_to_make_energy_feasible,2.183,17.077,2.587424242424243
N_Wilson_Garage_01,11D_SYN_N_Wilson_Garage_01_0001052,increased_dwell_to_make_energy_feasible,5.576,13.265,2.009848484848485
N_Wilson_Garage_01,11D_SYN_N_Wilson_Garage_01_0001059,increased_dwell_to_make_energy_feasible,41.651,12.314,1.865757575757576
N_Wilson_Garage_01,11D_SYN_N_Wilson_Garage_01_0001073,increased_dwell_to_make_energy_feasible,17.796,12.979,1.9665151515151515
N_Wilson_Garage_01,11D_SYN_N_Wilson_Garage_01_0001081,increased_dwell_to_make_energy_feasible,4.651,8.438985961768164,1.2786342366315402
N_Wilson_Garage_01,11D_SYN_N_Wilson_Garage_01_0001089,increased_dwell_to_make_energy_feasible,18.913,13.991,2.119848484848485
N_Wilson_Garage_01,11D_SYN_N_Wilson_Garage_01_0001095,increased_dwell_to_make_energy_feasible,13.045,7.393,1.1201515151515151
N_Wilson_Garage_01,11D_SYN_N_Wilson_Garage_01_0001096,increased_dwell_to_make_energy_feasible,2.921,13.885,2.103787878787879
N_Wilson_Garage_01,11D_SYN_N_Wilson_Garage_01_0001098,increased_dwell_to_make_energy_feasible,13.81,15.961,2.4183333333333334
N_Wilson_Garage_01,11D_SYN_N_Wilson_Garage_01_0001107,increased_dwell_to_make_energy_feasible,16.584,10.094,1.5293939393939393
N_Wilson_Garage_01,11D_SYN_N_Wilson_Garage_01_0001110,increased_dwell_to_make_energy_feasible,12.112,13.94,2.1121212121212123
N_Wilson_Garage_01,11D_SYN_N_Wilson_Garage_01_0001112,increased_dwell_to_make_energy_feasible,10.345,13.924,2.10969696969697
N_Wilson_Garage_01,11D_SYN_N_Wilson_Garage_01_0001125,increased_dwell_to_make_energy_feasible,11.093,14.305,2.1674242424242425
N_Wilson_Garage_01,11D_SYN_N_Wilson_Garage_01_0001127,increased_dwell_to_make_energy_feasible,3.911248506570774,10.73,1.625757575757576
N_Wilson_Garage_01,11D_SYN_N_Wilson_Garage_01_0001128,increased_dwell_to_make_energy_feasible,11.27,13.156,1.9933333333333336
N_Wilson_Garage_01,11D_SYN_N_Wilson_Garage_01_0001134,increased_dwell_to_make_energy_feasible,7.705,29.831,4.5198484848484854
N_Wilson_Garage_01,11D_SYN_N_Wilson_Garage_01_0001137,increased_dwell_to_make_energy_feasible,10.43,15.03943847072415,2.2787027985945683
N_Wilson_Garage_01,11D_SYN_N_Wilson_Garage_01_0001140,increased_dwell_to_make_energy_feasible,16.715,8.534,1.2930303030303032
N_Wilson_Garage_01,11D_SYN_N_Wilson_Garage_01_0001151,increased_dwell_to_make_energy_feasible,6.289,34.127,5.170757575757577
N_Wilson_Garage_01,11D_SYN_N_Wilson_Garage_01_0001158,increased_dwell_to_make_energy_feasible,33.013,13.878,2.102727272727273
N_Wilson_Garage_01,11D_SYN_N_Wilson_Garage_01_0001159,increased_dwell_to_make_energy_feasible,0.575,11.758,1.7815151515151515
N_Wilson_Garage_01,11D_SYN_N_Wilson_Garage_01_0001161,increased_dwell_to_make_energy_feasible,13.937,4.564,0.6915151515151515
N_Wilson_Garage_01,11D_SYN_N_Wilson_Garage_01_0001168,increased_dwell_to_make_energy_feasible,9.242,2.526,0.3827272727272727
N_Wilson_Garage_01,11D_SYN_N_Wilson_Garage_01_0001174,increased_dwell_to_make_energy_feasible,1.43,13.906,2.1069696969696974
N_Wilson_Garage_01,11D_SYN_N_Wilson_Garage_01_0001175,increased_dwell_to_make_energy_feasible,2.229,13.193,1.998939393939394
N_Wilson_Garage_01,11D_SYN_N_Wilson_Garage_01_0001189,increased_dwell_to_make_energy_feasible,30.553,15.924493727607278,2.4128020799404966
N_Wilson_Garage_01,11D_SYN_N_Wilson_Garage_01_0001190,increased_dwell_to_make_energy_feasible,5.98,10.138,1.5360606060606061
N_Wilson_Garage_01,11D_SYN_N_Wilson_Garage_01_0001193,increased_dwell_to_make_energy_feasible,0.95,18.187,2.755606060606061
N_Wilson_Garage_01,11D_SYN_N_Wilson_Garage_01_0001195,increased_dwell_to_make_energy_feasible,9.663125746712266,39.829,6.03469696969697
N_Wilson_Garage_01,11D_SYN_N_Wilson_Garage_01_0001205,increased_dwell_to_make_energy_feasible,4.761,11.807,1.788939393939394
N_Wilson_Garage_01,11D_SYN_N_Wilson_Garage_01_0001213,increased_dwell_to_make_energy_feasible,17.159,39.406,5.970606060606061
N_Wilson_Garage_01,11D_SYN_N_Wilson_Garage_01_0001222,increased_dwell_to_make_energy_feasible,9.353,6.365,0.9643939393939395
N_Wilson_Garage_01,11D_SYN_N_Wilson_Garage_01_0001227,increased_dwell_to_make_energy_feasible,2.03,21.418,3.245151515151515
N_Wilson_Garage_01,11D_SYN_N_Wilson_Garage_01_0001236,increased_dwell_to_make_energy_feasible,3.105,3.093,0.4686363636363637
N_Wilson_Garage_01,11D_SYN_N_Wilson_Garage_01_0001244,increased_dwell_to_make_energy_feasible,13.503,15.947,2.416212121212121
N_Wilson_Garage_01,11D_SYN_N_Wilson_Garage_01_0001248,increased_dwell_to_make_energy_feasible,12.492,21.578,3.2693939393939395
N_Wilson_Garage_01,11D_SYN_N_Wilson_Garage_01_0001251,increased_dwell_to_make_energy_feasible,7.9,13.921,2.1092424242424244
N_Wilson_Garage_01,11D_SYN_N_Wilson_Garage_01_0001253,increased_dwell_to_make_energy_feasible,13.874,10.962,1.660909090909091
N_Wilson_Garage_01,11D_SYN_N_Wilson_Garage_01_0001256,increased_dwell_to_make_energy_feasible,14.021,16.143,2.4459090909090913
N_Wilson_Garage_01,11D_SYN_N_Wilson_Garage_01_0001261,increased_dwell_to_make_energy_feasible,25.711,13.991,2.119848484848485
N_Wilson_Garage_01,11D_SYN_N_Wilson_Garage_01_0001267,increased_dwell_to_make_energy_feasible,7.627,6.842,1.0366666666666666
N_Wilson_Garage_01,11D_SYN_N_Wilson_Garage_01_0001271,increased_dwell_to_make_energy_feasible,12.997,6.295,0.9537878787878789
N_Wilson_Garage_01,11D_SYN_N_Wilson_Garage_01_0001293,increased_dwell_to_make_energy_feasible,15.07,10.16,1.5393939393939395
N_Wilson_Garage_01,11D_SYN_N_Wilson_Garage_01_0001295,increased_dwell_to_make_energy_feasible,16.833,13.215,2.0022727272727274
N_Wilson_Garage_01,11D_SYN_N_Wilson_Garage_01_0001301,increased_dwell_to_make_energy_feasible,12.36,1.46,0.22121212121212122
N_Wilson_Garage_01,11D_SYN_N_Wilson_Garage_01_0001307,increased_dwell_to_make_energy_feasible,13.879,11.739,1.7786363636363638
N_Wilson_Garage_01,11D_SYN_N_Wilson_Garage_01_0001310,increased_dwell_to_make_energy_feasible,12.682,6.598,0.9996969696969698
N_Wilson_Garage_01,11D_SYN_N_Wilson_Garage_01_0001314,increased_dwell_to_make_energy_feasible,7.465,13.896,2.1054545454545455
N_Wilson_Garage_01,11D_SYN_N_Wilson_Garage_01_0001315,increased_dwell_to_make_energy_feasible,23.817,11.9,1.8030303030303032
N_Wilson_Garage_01,11D_SYN_N_Wilson_Garage_01_0001317,increased_dwell_to_make_energy_feasible,13.481,13.957,2.1146969696969697
N_Wilson_Garage_01,11D_SYN_N_Wilson_Garage_01_0001326,increased_dwell_to_make_energy_feasible,12.01,2.442,0.37000000000000005
N_Wilson_Garage_01,11D_SYN_N_Wilson_Garage_01_0001332,increased_dwell_to_make_energy_feasible,8.416,13.335,2.0204545454545455
N_Wilson_Garage_01,11D_SYN_N_Wilson_Garage_01_0001345,increased_dwell_to_make_energy_feasible,4.305,13.877,2.102575757575758
N_Wilson_Garage_01,11D_SYN_N_Wilson_Garage_01_0001351,increased_dwell_to_make_energy_feasible,2.521,11.685,1.7704545454545457
N_Wilson_Garage_01,11D_SYN_N_Wilson_Garage_01_0001362,increased_dwell_to_make_energy_feasible,4.718,12.829,1.943787878787879
N_Wilson_Garage_01,11D_SYN_N_Wilson_Garage_01_0001366,increased_dwell_to_make_energy_feasible,8.16,13.947,2.1131818181818183
N_Wilson_Garage_01,11D_SYN_N_Wilson_Garage_01_0001373,increased_dwell_to_make_energy_feasible,7.978,7.212,1.0927272727272728
N_Wilson_Garage_01,11D_SYN_N_Wilson_Garage_01_0001376,increased_dwell_to_make_energy_feasible,2.92,2.17,0.3287878787878788
N_Wilson_Garage_01,11D_SYN_N_Wilson_Garage_01_0001385,increased_dwell_to_make_energy_feasible,3.427,14.478,2.193636363636364
N_Wilson_Garage_01,11D_SYN_N_Wilson_Garage_01_0001393,increased_dwell_to_make_energy_feasible,0.89,15.495000000003497,2.3477272727278025
N_Wilson_Garage_01,11D_SYN_N_Wilson_Garage_01_0001403,increased_dwell_to_make_energy_feasible,13.274,13.551,2.053181818181818
N_Wilson_Garage_01,11D_SYN_N_Wilson_Garage_01_0001407,increased_dwell_to_make_energy_feasible,11.58,15.947,2.416212121212121
N_Wilson_Garage_01,11D_SYN_N_Wilson_Garage_01_0001409,increased_dwell_to_make_energy_feasible,8.314,21.117,3.1995454545454547
N_Wilson_Garage_01,11D_SYN_N_Wilson_Garage_01_0001411,increased_dwell_to_make_energy_feasible,13.878,13.503,2.045909090909091
N_Wilson_Garage_01,11D_SYN_N_Wilson_Garage_01_0001414,increased_dwell_to_make_energy_feasible,1.297,7.849,1.1892424242424244
N_Wilson_Garage_01,11D_SYN_N_Wilson_Garage_01_0001421,increased_dwell_to_make_energy_feasible,13.937,16.756,2.538787878787879
N_Wilson_Garage_01,11D_SYN_N_Wilson_Garage_01_0001443,increased_dwell_to_make_energy_feasible,12.697,14.58066606929604,2.2091918286812184
N_Wilson_Garage_01,11D_SYN_N_Wilson_Garage_01_0001448,increased_dwell_to_make_energy_feasible,5.071,22.796,3.453939393939394
N_Wilson_Garage_01,11D_SYN_N_Wilson_Garage_01_0001456,increased_dwell_to_make_energy_feasible,7.854,6.068,0.9193939393939394
N_Wilson_Garage_01,11D_SYN_N_Wilson_Garage_01_0001464,increased_dwell_to_make_energy_feasible,6.703,9.195,1.3931818181818183
N_Wilson_Garage_01,11D_SYN_N_Wilson_Garage_01_0001466,increased_dwell_to_make_energy_feasible,1.967,11.748,1.78
N_Wilson_Garage_01,11D_SYN_N_Wilson_Garage_01_0001469,increased_dwell_to_make_energy_feasible,2.377,13.873,2.101969696969697
N_Wilson_Garage_01,11D_SYN_N_Wilson_Garage_01_0001473,increased_dwell_to_make_energy_feasible,2.989,13.865,2.100757575757576
N_Wilson_Garage_01,11D_SYN_N_Wilson_Garage_01_0001478,increased_dwell_to_make_energy_feasible,0.877,5.129,0.7771212121212121
N_Wilson_Garage_01,11D_SYN_N_Wilson_Garage_01_0001482,increased_dwell_to_make_energy_feasible,6.22,8.468,1.2830303030303032
N_Wilson_Garage_01,11D_SYN_N_Wilson_Garage_01_0001485,increased_dwell_to_make_energy_feasible,11.843,11.101,1.6819696969696971
N_Wilson_Garage_01,11D_SYN_N_Wilson_Garage_01_0001492,increased_dwell_to_make_energy_feasible,5.958,10.657,1.6146969696969697
N_Wilson_Garage_01,11D_SYN_N_Wilson_Garage_01_0001502,increased_dwell_to_make_energy_feasible,13.892,21.848,3.3103030303030305
N_Wilson_Garage_01,11D_SYN_N_Wilson_Garage_01_0001507,increased_dwell_to_make_energy_feasible,13.878,13.873,2.101969696969697
N_Wilson_Garage_01,11D_SYN_N_Wilson_Garage_01_0001510,increased_dwell_to_make_energy_feasible,10.706,13.889,2.1043939393939395
N_Wilson_Garage_01,11D_SYN_N_Wilson_Garage_01_0001513,increased_dwell_to_make_energy_feasible,14.58066606929604,13.953,2.1140909090909092
N_Wilson_Garage_01,11D_SYN_N_Wilson_Garage_01_0001531,increased_dwell_to_make_energy_feasible,11.731,13.133,1.9898484848484848
N_Wilson_Garage_01,11D_SYN_N_Wilson_Garage_01_0001533,increased_dwell_to_make_energy_feasible,13.329,18.743167562701547,2.839873873136598
N_Wilson_Garage_01,11D_SYN_N_Wilson_Garage_01_0001535,increased_dwell_to_make_energy_feasible,5.399,13.205,2.000757575757576
N_Wilson_Garage_01,11D_SYN_N_Wilson_Garage_01_0001540,increased_dwell_to_make_energy_feasible,2.274,6.907,1.0465151515151516
N_Wilson_Garage_01,11D_SYN_N_Wilson_Garage_01_0001547,increased_dwell_to_make_energy_feasible,0.926,13.899,2.105909090909091
N_Wilson_Garage_01,11D_SYN_N_Wilson_Garage_01_0001557,increased_dwell_to_make_energy_feasible,3.794,42.066,6.373636363636364
N_Wilson_Garage_01,11D_SYN_N_Wilson_Garage_01_0001563,increased_dwell_to_make_energy_feasible,2.013,11.263,1.7065151515151515
N_Wilson_Garage_01,11D_SYN_N_Wilson_Garage_01_0001567,increased_dwell_to_make_energy_feasible,0.996,22.624,3.4278787878787877
N_Wilson_Garage_01,11D_SYN_N_Wilson_Garage_01_0001590,increased_dwell_to_make_energy_feasible,4.174,18.878,2.8603030303030303
N_Wilson_Garage_01,11D_SYN_N_Wilson_Garage_01_0001591,increased_dwell_to_make_energy_feasible,8.944,6.077,0.9207575757575758
N_Wilson_Garage_01,11D_SYN_N_Wilson_Garage_01_0001592,increased_dwell_to_make_energy_feasible,10.803,6.994,1.0596969696969698
N_Wilson_Garage_01,11D_SYN_N_Wilson_Garage_01_0001601,increased_dwell_to_make_energy_feasible,9.825,14.008,2.1224242424242425
N_Wilson_Garage_01,11D_SYN_N_Wilson_Garage_01_0001622,increased_dwell_to_make_energy_feasible,0.557,41.651,6.3107575757575765
N_Wilson_Garage_01,11D_SYN_N_Wilson_Garage_01_0001623,increased_dwell_to_make_energy_feasible,13.224,13.208,2.0012121212121214
N_Wilson_Garage_01,11D_SYN_N_Wilson_Garage_01_0001633,increased_dwell_to_make_energy_feasible,13.288,13.961,2.1153030303030302
N_Wilson_Garage_01,11D_SYN_N_Wilson_Garage_01_0001637,increased_dwell_to_make_energy_feasible,13.223,12.17,1.843939393939394
N_Wilson_Garage_01,11D_SYN_N_Wilson_Garage_01_0001639,increased_dwell_to_make_energy_feasible,5.947,7.308,1.1072727272727274
N_Wilson_Garage_01,11D_SYN_N_Wilson_Garage_01_0001640,increased_dwell_to_make_energy_feasible,2.034,7.393,1.1201515151515151
N_Wilson_Garage_01,11D_SYN_N_Wilson_Garage_01_0001642,increased_dwell_to_make_energy_feasible,13.905,13.209,2.0013636363636365
N_Wilson_Garage_01,11D_SYN_N_Wilson_Garage_01_0001647,increased_dwell_to_make_energy_feasible,7.495,10.046,1.5221212121212122
N_Wilson_Garage_01,11D_SYN_N_Wilson_Garage_01_0001650,increased_dwell_to_make_energy_feasible,13.959,7.978,1.2087878787878787
N_Wilson_Garage_01,11D_SYN_N_Wilson_Garage_01_0001658,increased_dwell_to_make_energy_feasible,1.27,12.949,1.9619696969696971
N_Wilson_Garage_01,11D_SYN_N_Wilson_Garage_01_0001665,increased_dwell_to_make_energy_feasible,1.622,13.945,2.1128787878787882
N_Wilson_Garage_01,11D_SYN_N_Wilson_Garage_01_0001666,increased_dwell_to_make_energy_feasible,6.36,38.938,5.89969696969697
N_Wilson_Garage_01,11D_SYN_N_Wilson_Garage_01_0001671,increased_dwell_to_make_energy_feasible,13.916,17.73,2.6863636363636365
N_Wilson_Garage_01,11D_SYN_N_Wilson_Garage_01_0001675,increased_dwell_to_make_energy_feasible,6.497,13.874,2.1021212121212125
N_Wilson_Garage_01,11D_SYN_N_Wilson_Garage_01_0001678,increased_dwell_to_make_energy_feasible,3.258,23.844,3.6127272727272732
N_Wilson_Garage_01,11D_SYN_N_Wilson_Garage_01_0001682,increased_dwell_to_make_energy_feasible,3.675,7.325,1.1098484848484849
N_Wilson_Garage_01,11D_SYN_N_Wilson_Garage_01_0001684,increased_dwell_to_make_energy_feasible,0.986,5.434,0.8233333333333334
N_Wilson_Garage_01,11D_SYN_N_Wilson_Garage_01_0001688,increased_dwell_to_make_energy_feasible,13.969,13.88705388888889,2.104099074074074
N_Wilson_Garage_01,11D_SYN_N_Wilson_Garage_01_0001693,increased_dwell_to_make_energy_feasible,3.33,7.696838410991604,1.166187638029031
N_Wilson_Garage_01,11D_SYN_N_Wilson_Garage_01_0001700,increased_dwell_to_make_energy_feasible,3.629,9.673,1.4656060606060608
N_Wilson_Garage_01,11D_SYN_N_Wilson_Garage_01_0001701,increased_dwell_to_make_energy_feasible,13.943,13.21,2.001515151515152
N_Wilson_Garage_01,11D_SYN_N_Wilson_Garage_01_0001702,increased_dwell_to_make_energy_feasible,11.06,21.848,3.3103030303030305
N_Wilson_Garage_01,11D_SYN_N_Wilson_Garage_01_0001703,increased_dwell_to_make_energy_feasible,1.862,6.312,0.9563636363636364
N_Wilson_Garage_01,11D_SYN_N_Wilson_Garage_01_0001706,increased_dwell_to_make_energy_feasible,7.884,14.381,2.178939393939394
N_Wilson_Garage_01,11D_SYN_N_Wilson_Garage_01_0001709,increased_dwell_to_make_energy_feasible,2.638,18.150128434886494,2.7500194598312873
N_Wilson_Garage_01,11D_SYN_N_Wilson_Garage_01_0001717,increased_dwell_to_make_energy_feasible,6.225,13.903,2.106515151515152
N_Wilson_Garage_01,11D_SYN_N_Wilson_Garage_01_0001723,increased_dwell_to_make_energy_feasible,9.71981929509796,7.659,1.1604545454545454
N_Wilson_Garage_01,11D_SYN_N_Wilson_Garage_01_0001734,increased_dwell_to_make_energy_feasible,3.653,13.707,2.076818181818182
N_Wilson_Garage_01,11D_SYN_N_Wilson_Garage_01_0001741,increased_dwell_to_make_energy_feasible,11.402,15.336,2.3236363636363637
N_Wilson_Garage_01,11D_SYN_N_Wilson_Garage_01_0001742,increased_dwell_to_make_energy_feasible,10.226,4.761,0.7213636363636364
N_Wilson_Garage_01,11D_SYN_N_Wilson_Garage_01_0001749,increased_dwell_to_make_energy_feasible,6.716,21.601,3.272878787878788
N_Wilson_Garage_01,11D_SYN_N_Wilson_Garage_01_0001757,increased_dwell_to_make_energy_feasible,13.878,11.552,1.7503030303030302
N_Wilson_Garage_01,11D_SYN_N_Wilson_Garage_01_0001769,increased_dwell_to_make_energy_feasible,3.795,10.436,1.5812121212121213
N_Wilson_Garage_01,11D_SYN_N_Wilson_Garage_01_0001802,increased_dwell_to_make_energy_feasible,5.428,15.894,2.408181818181818
N_Wilson_Garage_01,11D_SYN_N_Wilson_Garage_01_0001803,increased_dwell_to_make_energy_feasible,0.918,6.158,0.9330303030303031
N_Wilson_Garage_01,11D_SYN_N_Wilson_Garage_01_0001807,increased_dwell_to_make_energy_feasible,0.571,7.875,1.1931818181818183
N_Wilson_Garage_01,11D_SYN_N_Wilson_Garage_01_0001818,increased_dwell_to_make_energy_feasible,1.167,12.568,1.9042424242424243
N_Wilson_Garage_01,11D_SYN_N_Wilson_Garage_01_0001820,increased_dwell_to_make_energy_feasible,4.47,13.06,1.978787878787879
N_Wilson_Garage_01,11D_SYN_N_Wilson_Garage_01_0001822,increased_dwell_to_make_energy_feasible,11.946,10.177,1.541969696969697
N_Wilson_Garage_01,11D_SYN_N_Wilson_Garage_01_0001825,increased_dwell_to_make_energy_feasible,13.896,14.047,2.1283333333333334
N_Wilson_Garage_01,11D_SYN_N_Wilson_Garage_01_0001827,increased_dwell_to_make_energy_feasible,13.243,4.007,0.6071212121212121
N_Wilson_Garage_01,11D_SYN_N_Wilson_Garage_01_0001839,increased_dwell_to_make_energy_feasible,8.802,9.797,1.4843939393939396
N_Wilson_Garage_01,11D_SYN_N_Wilson_Garage_01_0001842,increased_dwell_to_make_energy_feasible,9.035833333334637,13.257,2.0086363636363638
N_Wilson_Garage_01,11D_SYN_N_Wilson_Garage_01_0001843,increased_dwell_to_make_energy_feasible,0.93,13.937,2.111666666666667
N_Wilson_Garage_01,11D_SYN_N_Wilson_Garage_01_0001845,increased_dwell_to_make_energy_feasible,1.452,16.33,2.474242424242424
N_Wilson_Garage_01,11D_SYN_N_Wilson_Garage_01_0001846,increased_dwell_to_make_energy_feasible,12.313,25.761,3.9031818181818183
N_Wilson_Garage_01,11D_SYN_N_Wilson_Garage_01_0001847,increased_dwell_to_make_energy_feasible,15.396,42.98,6.512121212121212
N_Wilson_Garage_01,11D_SYN_N_Wilson_Garage_01_0001848,increased_dwell_to_make_energy_feasible,2.313,18.326,2.776666666666667
N_Wilson_Garage_01,11D_SYN_N_Wilson_Garage_01_0001850,increased_dwell_to_make_energy_feasible,3.19,6.953,1.0534848484848487
N_Wilson_Garage_01,11D_SYN_N_Wilson_Garage_01_0001854,increased_dwell_to_make_energy_feasible,11.784,12.619,1.911969696969697
N_Wilson_Garage_01,11D_SYN_N_Wilson_Garage_01_0001858,increased_dwell_to_make_energy_feasible,11.579,40.112,6.077575757575758
N_Wilson_Garage_01,11D_SYN_N_Wilson_Garage_01_0001861,increased_dwell_to_make_energy_feasible,14.95,3.774,0.5718181818181819
N_Wilson_Garage_01,11D_SYN_N_Wilson_Garage_01_0001867,increased_dwell_to_make_energy_feasible,5.99,11.37,1.7227272727272727
N_Wilson_Garage_01,11D_SYN_N_Wilson_Garage_01_0001871,increased_dwell_to_make_energy_feasible,4.657,11.91,1.8045454545454547
N_Wilson_Garage_01,11D_SYN_N_Wilson_Garage_01_0001876,increased_dwell_to_make_energy_feasible,36.079,23.525,3.5643939393939394
N_Wilson_Garage_01,11D_SYN_N_Wilson_Garage_01_0001884,increased_dwell_to_make_energy_feasible,2.748,4.674,0.7081818181818182
N_Wilson_Garage_01,11D_SYN_N_Wilson_Garage_01_0001897,increased_dwell_to_make_energy_feasible,5.009,12.001,1.8183333333333334
N_Wilson_Garage_01,11D_SYN_N_Wilson_Garage_01_0001906,increased_dwell_to_make_energy_feasible,12.524,12.947,1.9616666666666667
N_Wilson_Garage_01,11D_SYN_N_Wilson_Garage_01_0001910,increased_dwell_to_make_energy_feasible,21.841,12.255,1.8568181818181821
N_Wilson_Garage_01,11D_SYN_N_Wilson_Garage_01_0001911,increased_dwell_to_make_energy_feasible,9.387,6.275,0.9507575757575759
N_Wilson_Garage_01,11D_SYN_N_Wilson_Garage_01_0001913,increased_dwell_to_make_energy_feasible,5.892,11.382,1.7245454545454546
N_Wilson_Garage_01,11D_SYN_N_Wilson_Garage_01_0001916,increased_dwell_to_make_energy_feasible,12.846,6.604,1.0006060606060607
N_Wilson_Garage_01,11D_SYN_N_Wilson_Garage_01_0001926,increased_dwell_to_make_energy_feasible,17.837,7.152,1.0836363636363637
N_Wilson_Garage_01,11D_SYN_N_Wilson_Garage_01_0001931,increased_dwell_to_make_energy_feasible,13.899,13.894,2.1051515151515154
N_Wilson_Garage_01,11D_SYN_N_Wilson_Garage_01_0001945,increased_dwell_to_make_energy_feasible,1.287,15.708,2.3800000000000003
N_Wilson_Garage_01,11D_SYN_N_Wilson_Garage_01_0001948,increased_dwell_to_make_energy_feasible,4.235686977298864,13.977,2.1177272727272727
N_Wilson_Garage_01,11D_SYN_N_Wilson_Garage_01_0001952,increased_dwell_to_make_energy_feasible,13.332,11.741,1.778939393939394
N_Wilson_Garage_01,11D_SYN_N_Wilson_Garage_01_0001957,increased_dwell_to_make_energy_feasible,7.99,5.982,0.9063636363636365
N_Wilson_Garage_01,11D_SYN_N_Wilson_Garage_01_0001965,increased_dwell_to_make_energy_feasible,1.714,6.336,0.9600000000000001
N_Wilson_Garage_01,11D_SYN_N_Wilson_Garage_01_0001968,increased_dwell_to_make_energy_feasible,2.027,4.613,0.6989393939393941
N_Wilson_Garage_01,11D_SYN_N_Wilson_Garage_01_0001980,increased_dwell_to_make_energy_feasible,2.764,4.318,0.6542424242424242
N_Wilson_Garage_01,11D_SYN_N_Wilson_Garage_01_0001990,increased_dwell_to_make_energy_feasible,1.3,13.343,2.021666666666667
N_Wilson_Garage_01,11D_SYN_N_Wilson_Garage_01_0001993,increased_dwell_to_make_energy_feasible,5.683,14.017,2.123787878787879
N_Wilson_Garage_01,11D_SYN_N_Wilson_Garage_01_0001994,increased_dwell_to_make_energy_feasible,3.371,12.196,1.847878787878788
N_Wilson_Garage_01,11D_SYN_N_Wilson_Garage_01_0001996,increased_dwell_to_make_energy_feasible,9.242,15.205,2.3037878787878787
N_Wilson_Garage_01,11D_SYN_N_Wilson_Garage_01_0001997,increased_dwell_to_make_energy_feasible,4.806,13.908,2.1072727272727274
N_Wilson_Garage_01,11D_SYN_N_Wilson_Garage_01_0002005,increased_dwell_to_make_energy_feasible,6.073,11.553968040620935,1.7506012182758994
N_Wilson_Garage_01,11D_SYN_N_Wilson_Garage_01_0002011,increased_dwell_to_make_energy_feasible,3.948,12.937,1.9601515151515152
N_Wilson_Garage_01,11D_SYN_N_Wilson_Garage_01_0002028,increased_dwell_to_make_energy_feasible,12.628,42.01736611111111,6.3662675925925925
N_Wilson_Garage_01,11D_SYN_N_Wilson_Garage_01_0002029,increased_dwell_to_make_energy_feasible,3.567,4.318,0.6542424242424242
N_Wilson_Garage_01,11D_SYN_N_Wilson_Garage_01_0002039,increased_dwell_to_make_energy_feasible,5.797,13.52,2.0484848484848484
N_Wilson_Garage_01,11D_SYN_N_Wilson_Garage_01_0002047,increased_dwell_to_make_energy_feasible,7.391,13.506,2.0463636363636364
N_Wilson_Garage_01,11D_SYN_N_Wilson_Garage_01_0002058,increased_dwell_to_make_energy_feasible,9.375,11.531,1.7471212121212123
N_Wilson_Garage_01,11D_SYN_N_Wilson_Garage_01_0002061,increased_dwell_to_make_energy_feasible,11.244,6.539,0.9907575757575757
N_Wilson_Garage_01,11D_SYN_N_Wilson_Garage_01_0002071,increased_dwell_to_make_energy_feasible,1.884,18.398,2.7875757575757576
N_Wilson_Garage_01,11D_SYN_N_Wilson_Garage_01_0002083,increased_dwell_to_make_energy_feasible,4.083,13.902,2.1063636363636364
N_Wilson_Garage_01,11D_SYN_N_Wilson_Garage_01_0002089,increased_dwell_to_make_energy_feasible,13.203,13.13,1.9893939393939397
N_Wilson_Garage_01,11D_SYN_N_Wilson_Garage_01_0002091,increased_dwell_to_make_energy_feasible,13.92,13.926,2.1100000000000003
N_Wilson_Garage_01,11D_SYN_N_Wilson_Garage_01_0002114,increased_dwell_to_make_energy_feasible,8.612,13.937,2.111666666666667
N_Wilson_Garage_01,11D_SYN_N_Wilson_Garage_01_0002116,increased_dwell_to_make_energy_feasible,12.643,14.862396953414516,2.2518783262749267
N_Wilson_Garage_01,11D_SYN_N_Wilson_Garage_01_0002117,increased_dwell_to_make_energy_feasible,12.668,11.696,1.7721212121212122
N_Wilson_Garage_01,11D_SYN_N_Wilson_Garage_01_0002126,increased_dwell_to_make_energy_feasible,7.435,13.897,2.105606060606061
N_Wilson_Garage_01,11D_SYN_N_Wilson_Garage_01_0002130,increased_dwell_to_make_energy_feasible,14.078,7.079,1.0725757575757575
N_Wilson_Garage_01,11D_SYN_N_Wilson_Garage_01_0002138,increased_dwell_to_make_energy_feasible,9.163,12.577,1.9056060606060607
N_Wilson_Garage_01,11D_SYN_N_Wilson_Garage_01_0002152,increased_dwell_to_make_energy_feasible,8.33,8.714,1.3203030303030305
N_Wilson_Garage_01,11D_SYN_N_Wilson_Garage_01_0002156,increased_dwell_to_make_energy_feasible,10.287,8.33,1.2621212121212122
N_Wilson_Garage_01,11D_SYN_N_Wilson_Garage_01_0002157,increased_dwell_to_make_energy_feasible,6.699,13.208,2.0012121212121214
N_Wilson_Garage_01,11D_SYN_N_Wilson_Garage_01_0002162,increased_dwell_to_make_energy_feasible,13.884,12.123,1.836818181818182
N_Wilson_Garage_01,11D_SYN_N_Wilson_Garage_01_0002171,increased_dwell_to_make_energy_feasible,3.599,8.461,1.281969696969697
N_Wilson_Garage_01,11D_SYN_N_Wilson_Garage_01_0002175,increased_dwell_to_make_energy_feasible,13.893,11.657,1.7662121212121213
N_Wilson_Garage_01,11D_SYN_N_Wilson_Garage_01_0002176,increased_dwell_to_make_energy_feasible,2.06,10.124,1.5339393939393942
N_Wilson_Garage_01,11D_SYN_N_Wilson_Garage_01_0002177,increased_dwell_to_make_energy_feasible,5.944,19.04758213860417,2.885997293727905
N_Wilson_Garage_01,11D_SYN_N_Wilson_Garage_01_0002179,increased_dwell_to_make_energy_feasible,10.72,12.344,1.8703030303030304
N_Wilson_Garage_01,11D_SYN_N_Wilson_Garage_01_0002195,increased_dwell_to_make_energy_feasible,14.039,32.347,4.901060606060606
N_Wilson_Garage_01,11D_SYN_N_Wilson_Garage_01_0002204,increased_dwell_to_make_energy_feasible,13.887,12.73,1.928787878787879
N_Wilson_Garage_01,11D_SYN_N_Wilson_Garage_01_0002206,increased_dwell_to_make_energy_feasible,1.855,12.895,1.9537878787878789
N_Wilson_Garage_01,11D_SYN_N_Wilson_Garage_01_0002214,increased_dwell_to_make_energy_feasible,1.946,18.754,2.8415151515151518
N_Wilson_Garage_01,11D_SYN_N_Wilson_Garage_01_0002215,increased_dwell_to_make_energy_feasible,6.29,11.268,1.7072727272727275
N_Wilson_Garage_01,11D_SYN_N_Wilson_Garage_01_0002225,increased_dwell_to_make_energy_feasible,7.129,6.371,0.9653030303030304
N_Wilson_Garage_01,11D_SYN_N_Wilson_Garage_01_0002227,increased_dwell_to_make_energy_feasible,3.401,8.212,1.2442424242424244
N_Wilson_Garage_01,11D_SYN_N_Wilson_Garage_01_0002238,increased_dwell_to_make_energy_feasible,2.131,5.123,0.7762121212121212
N_Wilson_Garage_01,11D_SYN_N_Wilson_Garage_01_0002244,increased_dwell_to_make_energy_feasible,29.166,13.343,2.021666666666667
N_Wilson_Garage_01,11D_SYN_N_Wilson_Garage_01_0002249,increased_dwell_to_make_energy_feasible,5.06,11.474,1.7384848484848485
N_Wilson_Garage_01,11D_SYN_N_Wilson_Garage_01_0002259,increased_dwell_to_make_energy_feasible,13.897,7.611,1.1531818181818183
N_Wilson_Garage_01,11D_SYN_N_Wilson_Garage_01_0002280,increased_dwell_to_make_energy_feasible,3.971,8.497,1.2874242424242426
N_Wilson_Garage_01,11D_SYN_N_Wilson_Garage_01_0002289,increased_dwell_to_make_energy_feasible,13.894,13.223,2.003484848484849
N_Wilson_Garage_01,11D_SYN_N_Wilson_Garage_01_0002296,increased_dwell_to_make_energy_feasible,2.145,12.468,1.8890909090909092
N_Wilson_Garage_01,11D_SYN_N_Wilson_Garage_01_0002305,increased_dwell_to_make_energy_feasible,6.431,13.977,2.1177272727272727
N_Wilson_Garage_01,11D_SYN_N_Wilson_Garage_01_0002310,increased_dwell_to_make_energy_feasible,6.224,13.253,2.0080303030303033
N_Wilson_Garage_01,11D_SYN_N_Wilson_Garage_01_0002313,increased_dwell_to_make_energy_feasible,13.438,2.302,0.3487878787878788
N_Wilson_Garage_01,11D_SYN_N_Wilson_Garage_01_0002316,increased_dwell_to_make_energy_feasible,1.075,6.477,0.9813636363636364
N_Wilson_Garage_01,11D_SYN_N_Wilson_Garage_01_0002318,increased_dwell_to_make_energy_feasible,6.189,6.652,1.007878787878788
N_Wilson_Garage_01,11D_SYN_N_Wilson_Garage_01_0002338,increased_dwell_to_make_energy_feasible,4.775,13.216,2.0024242424242424
N_Wilson_Garage_01,11D_SYN_N_Wilson_Garage_01_0002345,increased_dwell_to_make_energy_feasible,6.564,13.219,2.002878787878788
N_Wilson_Garage_01,11D_SYN_N_Wilson_Garage_01_0002353,increased_dwell_to_make_energy_feasible,10.497,13.965,2.115909090909091
N_Wilson_Garage_01,11D_SYN_N_Wilson_Garage_01_0002358,increased_dwell_to_make_energy_feasible,0.58,10.69,1.6196969696969696
N_Wilson_Garage_01,11D_SYN_N_Wilson_Garage_01_0002365,increased_dwell_to_make_energy_feasible,3.388,13.879,2.102878787878788
N_Wilson_Garage_01,11D_SYN_N_Wilson_Garage_01_0002397,increased_dwell_to_make_energy_feasible,6.866,13.667,2.070757575757576
N_Wilson_Garage_01,11D_SYN_N_Wilson_Garage_01_0002401,increased_dwell_to_make_energy_feasible,4.291557646355346,7.027,1.0646969696969697
N_Wilson_Garage_01,11D_SYN_N_Wilson_Garage_01_0002407,increased_dwell_to_make_energy_feasible,10.78,13.513,2.0474242424242424
N_Wilson_Garage_01,11D_SYN_N_Wilson_Garage_01_0002415,increased_dwell_to_make_energy_feasible,21.302,13.856,2.0993939393939396
N_Wilson_Garage_01,11D_SYN_N_Wilson_Garage_01_0002416,increased_dwell_to_make_energy_feasible,0.782,13.883,2.1034848484848485
N_Wilson_Garage_01,11D_SYN_N_Wilson_Garage_01_0002421,increased_dwell_to_make_energy_feasible,27.201,3.179,0.4816666666666667
N_Wilson_Garage_01,11D_SYN_N_Wilson_Garage_01_0002428,increased_dwell_to_make_energy_feasible,4.664,3.179,0.4816666666666667
N_Wilson_Garage_01,11D_SYN_N_Wilson_Garage_01_0002435,increased_dwell_to_make_energy_feasible,41.924,12.105,1.8340909090909092
N_Wilson_Garage_01,11D_SYN_N_Wilson_Garage_01_0002438,increased_dwell_to_make_energy_feasible,13.06,3.856,0.5842424242424242
N_Wilson_Garage_01,11D_SYN_N_Wilson_Garage_01_0002450,increased_dwell_to_make_energy_feasible,7.9,14.842,2.248787878787879
N_Wilson_Garage_01,11D_SYN_N_Wilson_Garage_01_0002451,increased_dwell_to_make_energy_feasible,13.196,13.063,1.9792424242424245
N_Wilson_Garage_01,11D_SYN_N_Wilson_Garage_01_0002456,increased_dwell_to_make_energy_feasible,5.282,13.209,2.0013636363636365
N_Wilson_Garage_01,11D_SYN_N_Wilson_Garage_01_0002457,increased_dwell_to_make_energy_feasible,0.523,13.2,2.0
N_Wilson_Garage_01,11D_SYN_N_Wilson_Garage_01_0002462,increased_dwell_to_make_energy_feasible,16.485,9.453,1.4322727272727274
N_Wilson_Garage_01,11D_SYN_N_Wilson_Garage_01_0002467,increased_dwell_to_make_energy_feasible,4.885,16.657,2.523787878787879
N_Wilson_Garage_01,11D_SYN_N_Wilson_Garage_01_0002471,increased_dwell_to_make_energy_feasible,13.899,13.478,2.042121212121212
N_Wilson_Garage_01,11D_SYN_N_Wilson_Garage_01_0002472,increased_dwell_to_make_energy_feasible,6.388037634406961,6.703,1.0156060606060606
N_Wilson_Garage_01,11D_SYN_N_Wilson_Garage_01_0002476,increased_dwell_to_make_energy_feasible,2.088,3.531,0.535
N_Wilson_Garage_01,11D_SYN_N_Wilson_Garage_01_0002485,increased_dwell_to_make_energy_feasible,11.795,23.525,3.5643939393939394
N_Wilson_Garage_01,11D_SYN_N_Wilson_Garage_01_0002490,increased_dwell_to_make_energy_feasible,8.136,11.676,1.7690909090909093
N_Wilson_Garage_01,11D_SYN_N_Wilson_Garage_01_0002494,increased_dwell_to_make_energy_feasible,2.269,22.898,3.4693939393939397
N_Wilson_Garage_01,11D_SYN_N_Wilson_Garage_01_0002502,increased_dwell_to_make_energy_feasible,13.902,13.89,2.104545454545455
N_Wilson_Garage_01,11D_SYN_N_Wilson_Garage_01_0002506,increased_dwell_to_make_energy_feasible,9.18,11.674,1.7687878787878788
N_Wilson_Garage_01,11D_SYN_N_Wilson_Garage_01_0002507,increased_dwell_to_make_energy_feasible,13.883,14.067258333333337,2.131402777777778
N_Wilson_Garage_01,11D_SYN_N_Wilson_Garage_01_0002517,increased_dwell_to_make_energy_feasible,1.742,5.857,0.8874242424242424
N_Wilson_Garage_01,11D_SYN_N_Wilson_Garage_01_0002534,increased_dwell_to_make_energy_feasible,15.961,13.04,1.9757575757575758
N_Wilson_Garage_01,11D_SYN_N_Wilson_Garage_01_0002540,increased_dwell_to_make_energy_feasible,4.786,21.967,3.328333333333333
N_Wilson_Garage_01,11D_SYN_N_Wilson_Garage_01_0002550,increased_dwell_to_make_energy_feasible,6.749,12.034,1.8233333333333335
N_Wilson_Garage_01,11D_SYN_N_Wilson_Garage_01_0002552,increased_dwell_to_make_energy_feasible,13.91,8.479,1.2846969696969697
N_Wilson_Garage_01,11D_SYN_N_Wilson_Garage_01_0002559,increased_dwell_to_make_energy_feasible,6.942,13.599,2.0604545454545455
N_Wilson_Garage_01,11D_SYN_N_Wilson_Garage_01_0002572,increased_dwell_to_make_energy_feasible,1.917,9.736,1.4751515151515153
N_Wilson_Garage_01,11D_SYN_N_Wilson_Garage_01_0002573,increased_dwell_to_make_energy_feasible,9.709,9.11,1.3803030303030304
N_Wilson_Garage_01,11D_SYN_N_Wilson_Garage_01_0002589,increased_dwell_to_make_energy_feasible,6.312,42.01736611111111,6.3662675925925925
N_Wilson_Garage_01,11D_SYN_N_Wilson_Garage_01_0002598,increased_dwell_to_make_energy_feasible,16.0,9.839,1.490757575757576
N_Wilson_Garage_01,11D_SYN_N_Wilson_Garage_01_0002599,increased_dwell_to_make_energy_feasible,5.044,7.905,1.1977272727272728
N_Wilson_Garage_01,11D_SYN_N_Wilson_Garage_01_0002602,increased_dwell_to_make_energy_feasible,13.951,11.082,1.6790909090909092
N_Wilson_Garage_01,11D_SYN_N_Wilson_Garage_01_0002608,increased_dwell_to_make_energy_feasible,7.493,12.318,1.8663636363636364
N_Wilson_Garage_01,11D_SYN_N_Wilson_Garage_01_0002613,increased_dwell_to_make_energy_feasible,1.664,8.143,1.2337878787878789
N_Wilson_Garage_01,11D_SYN_N_Wilson_Garage_01_0002620,increased_dwell_to_make_energy_feasible,0.585,6.906,1.0463636363636364
N_Wilson_Garage_01,11D_SYN_N_Wilson_Garage_01_0002623,increased_dwell_to_make_energy_feasible,4.937,13.882,2.1033333333333335
N_Wilson_Garage_01,11D_SYN_N_Wilson_Garage_01_0002626,increased_dwell_to_make_energy_feasible,11.201,13.899,2.105909090909091
N_Wilson_Garage_01,11D_SYN_N_Wilson_Garage_01_0002632,increased_dwell_to_make_energy_feasible,10.547,13.885,2.103787878787879
N_Wilson_Garage_01,11D_SYN_N_Wilson_Garage_01_0002633,increased_dwell_to_make_energy_feasible,5.767,13.885,2.103787878787879
N_Wilson_Garage_01,11D_SYN_N_Wilson_Garage_01_0002642,increased_dwell_to_make_energy_feasible,5.993,15.424,2.336969696969697
N_Wilson_Garage_01,11D_SYN_N_Wilson_Garage_01_0002644,increased_dwell_to_make_energy_feasible,6.86,6.556,0.9933333333333334
N_Wilson_Garage_01,11D_SYN_N_Wilson_Garage_01_0002647,increased_dwell_to_make_energy_feasible,11.261,13.267,2.0101515151515152
N_Wilson_Garage_01,11D_SYN_N_Wilson_Garage_01_0002655,increased_dwell_to_make_energy_feasible,16.344,5.463,0.8277272727272728
N_Wilson_Garage_01,11D_SYN_N_Wilson_Garage_01_0002657,increased_dwell_to_make_energy_feasible,13.97,4.801,0.7274242424242425
N_Wilson_Garage_01,11D_SYN_N_Wilson_Garage_01_0002660,increased_dwell_to_make_energy_feasible,3.618,6.047,0.9162121212121213
N_Wilson_Garage_01,11D_SYN_N_Wilson_Garage_01_0002670,increased_dwell_to_make_energy_feasible,6.044,35.668,5.404242424242424
N_Wilson_Garage_01,11D_SYN_N_Wilson_Garage_01_0002679,increased_dwell_to_make_energy_feasible,13.459,6.089,0.9225757575757577
N_Wilson_Garage_01,11D_SYN_N_Wilson_Garage_01_0002682,increased_dwell_to_make_energy_feasible,11.211,16.438,2.4906060606060607
N_Wilson_Garage_01,11D_SYN_N_Wilson_Garage_01_0002699,increased_dwell_to_make_energy_feasible,13.898,7.483,1.1337878787878788
N_Wilson_Garage_01,11D_SYN_N_Wilson_Garage_01_0002703,increased_dwell_to_make_energy_feasible,3.262,11.254,1.705151515151515
N_Wilson_Garage_01,11D_SYN_N_Wilson_Garage_01_0002706,increased_dwell_to_make_energy_feasible,9.399,5.83,0.8833333333333334
N_Wilson_Garage_01,11D_SYN_N_Wilson_Garage_01_0002707,increased_dwell_to_make_energy_feasible,12.698,13.991,2.119848484848485
N_Wilson_Garage_01,11D_SYN_N_Wilson_Garage_01_0002718,increased_dwell_to_make_energy_feasible,0.972,2.885,0.43712121212121213
N_Wilson_Garage_01,11D_SYN_N_Wilson_Garage_01_0002724,increased_dwell_to_make_energy_feasible,1.195,12.499,1.893787878787879
N_Wilson_Garage_01,11D_SYN_N_Wilson_Garage_01_0002725,increased_dwell_to_make_energy_feasible,1.007,15.495000000003497,2.3477272727278025
N_Wilson_Garage_01,11D_SYN_N_Wilson_Garage_01_0002729,increased_dwell_to_make_energy_feasible,2.696,13.067,1.979848484848485
N_Wilson_Garage_01,11D_SYN_N_Wilson_Garage_01_0002741,increased_dwell_to_make_energy_feasible,6.047,14.398,2.1815151515151516
N_Wilson_Garage_01,11D_SYN_N_Wilson_Garage_01_0002755,increased_dwell_to_make_energy_feasible,13.888,6.41,0.9712121212121213
N_Wilson_Garage_01,11D_SYN_N_Wilson_Garage_01_0002761,increased_dwell_to_make_energy_feasible,13.216,9.917,1.5025757575757577
N_Wilson_Garage_01,11D_SYN_N_Wilson_Garage_01_0002769,increased_dwell_to_make_energy_feasible,0.722,16.753,2.5383333333333336
N_Wilson_Garage_01,11D_SYN_N_Wilson_Garage_01_0002773,increased_dwell_to_make_energy_feasible,14.555,13.203,2.0004545454545455
N_Wilson_Garage_01,11D_SYN_N_Wilson_Garage_01_0002777,increased_dwell_to_make_energy_feasible,6.592,18.676,2.8296969696969696
N_Wilson_Garage_01,11D_SYN_N_Wilson_Garage_01_0002795,increased_dwell_to_make_energy_feasible,16.845,13.421,2.0334848484848487
N_Wilson_Garage_01,11D_SYN_N_Wilson_Garage_01_0002796,increased_dwell_to_make_energy_feasible,5.677,12.66,1.9181818181818182
N_Wilson_Garage_01,11D_SYN_N_Wilson_Garage_01_0002803,increased_dwell_to_make_energy_feasible,6.953,10.796,1.6357575757575757
N_Wilson_Garage_01,11D_SYN_N_Wilson_Garage_01_0002810,increased_dwell_to_make_energy_feasible,9.413130226999828,16.95,2.5681818181818183
N_Wilson_Garage_01,11D_SYN_N_Wilson_Garage_01_0002813,increased_dwell_to_make_energy_feasible,13.9,13.916,2.108484848484849
N_Wilson_Garage_01,11D_SYN_N_Wilson_Garage_01_0002823,increased_dwell_to_make_energy_feasible,10.722,4.518,0.6845454545454546
N_Wilson_Garage_01,11D_SYN_N_Wilson_Garage_01_0002824,increased_dwell_to_make_energy_feasible,13.282,6.437,0.9753030303030304
N_Wilson_Garage_01,11D_SYN_N_Wilson_Garage_01_0002834,increased_dwell_to_make_energy_feasible,3.663,5.679,0.8604545454545456
N_Wilson_Garage_01,11D_SYN_N_Wilson_Garage_01_0002837,increased_dwell_to_make_energy_feasible,5.706,29.99,4.543939393939394
N_Wilson_Garage_01,11D_SYN_N_Wilson_Garage_01_0002859,increased_dwell_to_make_energy_feasible,13.908,11.927,1.8071212121212121
N_Wilson_Garage_01,11D_SYN_N_Wilson_Garage_01_0002862,increased_dwell_to_make_energy_feasible,6.793,13.874,2.1021212121212125
N_Wilson_Garage_01,11D_SYN_N_Wilson_Garage_01_0002864,increased_dwell_to_make_energy_feasible,12.27,13.191,1.9986363636363638
N_Wilson_Garage_01,11D_SYN_N_Wilson_Garage_01_0002877,increased_dwell_to_make_energy_feasible,12.668,11.64,1.763636363636364
N_Wilson_Garage_01,11D_SYN_N_Wilson_Garage_01_0002881,increased_dwell_to_make_energy_feasible,2.0,13.885,2.103787878787879
N_Wilson_Garage_01,11D_SYN_N_Wilson_Garage_01_0002882,increased_dwell_to_make_energy_feasible,5.044,9.582,1.4518181818181821
N_Wilson_Garage_01,11D_SYN_N_Wilson_Garage_01_0002885,increased_dwell_to_make_energy_feasible,8.831,13.211,2.001666666666667
N_Wilson_Garage_01,11D_SYN_N_Wilson_Garage_01_0002895,increased_dwell_to_make_energy_feasible,4.697756869772707,7.22368279569736,1.0944973932874789
N_Wilson_Garage_01,11D_SYN_N_Wilson_Garage_01_0002905,increased_dwell_to_make_energy_feasible,4.246,10.838,1.642121212121212
N_Wilson_Garage_01,11D_SYN_N_Wilson_Garage_01_0002909,increased_dwell_to_make_energy_feasible,2.548,13.999,2.121060606060606
N_Wilson_Garage_01,11D_SYN_N_Wilson_Garage_01_0002923,increased_dwell_to_make_energy_feasible,4.219,13.916,2.108484848484849
N_Wilson_Garage_01,11D_SYN_N_Wilson_Garage_01_0002924,increased_dwell_to_make_energy_feasible,11.47,13.578,2.057272727272727
N_Wilson_Garage_01,11D_SYN_N_Wilson_Garage_01_0002929,increased_dwell_to_make_energy_feasible,39.834,13.877,2.102575757575758
N_Wilson_Garage_01,11D_SYN_N_Wilson_Garage_01_0002930,increased_dwell_to_make_energy_feasible,13.912,16.32,2.472727272727273
N_Wilson_Garage_01,11D_SYN_N_Wilson_Garage_01_0002935,increased_dwell_to_make_energy_feasible,14.123,18.463,2.797424242424243
N_Wilson_Garage_01,11D_SYN_N_Wilson_Garage_01_0002938,increased_dwell_to_make_energy_feasible,0.89,13.89,2.104545454545455
N_Wilson_Garage_01,11D_SYN_N_Wilson_Garage_01_0002939,increased_dwell_to_make_energy_feasible,4.917,2.014,0.3051515151515151
N_Wilson_Garage_01,11D_SYN_N_Wilson_Garage_01_0002944,increased_dwell_to_make_energy_feasible,3.016,4.628,0.7012121212121213
N_Wilson_Garage_01,11D_SYN_N_Wilson_Garage_01_0002945,increased_dwell_to_make_energy_feasible,13.999,13.787,2.0889393939393943
N_Wilson_Garage_01,11D_SYN_N_Wilson_Garage_01_0002948,increased_dwell_to_make_energy_feasible,41.913,15.143,2.2943939393939394
N_Wilson_Garage_01,11D_SYN_N_Wilson_Garage_01_0002953,increased_dwell_to_make_energy_feasible,5.26,13.823,2.0943939393939397
N_Wilson_Garage_01,11D_SYN_N_Wilson_Garage_01_0002962,increased_dwell_to_make_energy_feasible,2.224,13.223,2.003484848484849
N_Wilson_Garage_01,11D_SYN_N_Wilson_Garage_01_0002965,increased_dwell_to_make_energy_feasible,1.553,13.503,2.045909090909091
N_Wilson_Garage_01,11D_SYN_N_Wilson_Garage_01_0002974,increased_dwell_to_make_energy_feasible,7.4257437275968465,13.192,1.998787878787879
N_Wilson_Garage_01,11D_SYN_N_Wilson_Garage_01_0002975,increased_dwell_to_make_energy_feasible,18.489,11.291,1.710757575757576
N_Wilson_Garage_01,11D_SYN_N_Wilson_Garage_01_0002985,increased_dwell_to_make_energy_feasible,13.304,12.138,1.839090909090909
N_Wilson_Garage_01,11D_SYN_N_Wilson_Garage_01_0002994,increased_dwell_to_make_energy_feasible,13.889,12.353,1.8716666666666668
N_Wilson_Garage_01,11D_SYN_N_Wilson_Garage_01_0003015,increased_dwell_to_make_energy_feasible,5.018,4.227,0.6404545454545455
N_Wilson_Garage_01,11D_SYN_N_Wilson_Garage_01_0003024,increased_dwell_to_make_energy_feasible,9.663,13.873,2.101969696969697
N_Wilson_Garage_01,11D_SYN_N_Wilson_Garage_01_0003036,increased_dwell_to_make_energy_feasible,5.549,12.698,1.923939393939394
N_Wilson_Garage_01,11D_SYN_N_Wilson_Garage_01_0003039,increased_dwell_to_make_energy_feasible,5.531,13.965,2.115909090909091
N_Wilson_Garage_01,11D_SYN_N_Wilson_Garage_01_0003043,increased_dwell_to_make_energy_feasible,11.443,6.127,0.9283333333333333
N_Wilson_Garage_01,11D_SYN_N_Wilson_Garage_01_0003054,increased_dwell_to_make_energy_feasible,6.162,16.784,2.543030303030303
N_Wilson_Garage_01,11D_SYN_N_Wilson_Garage_01_0003059,increased_dwell_to_make_energy_feasible,0.809,21.653,3.2807575757575758
N_Wilson_Garage_01,11D_SYN_N_Wilson_Garage_01_0003062,increased_dwell_to_make_energy_feasible,0.778,11.983,1.815606060606061
N_Wilson_Garage_01,11D_SYN_N_Wilson_Garage_01_0003077,increased_dwell_to_make_energy_feasible,13.902,13.92,2.1090909090909093
N_Wilson_Garage_01,11D_SYN_N_Wilson_Garage_01_0003085,increased_dwell_to_make_energy_feasible,4.232,13.883,2.1034848484848485
N_Wilson_Garage_01,11D_SYN_N_Wilson_Garage_01_0003093,increased_dwell_to_make_energy_feasible,13.949,21.055,3.1901515151515154
N_Wilson_Garage_01,11D_SYN_N_Wilson_Garage_01_0003095,increased_dwell_to_make_energy_feasible,0.599,12.882,1.951818181818182
N_Wilson_Garage_01,11D_SYN_N_Wilson_Garage_01_0003105,increased_dwell_to_make_energy_feasible,6.661,21.309,3.228636363636364
N_Wilson_Garage_01,11D_SYN_N_Wilson_Garage_01_0003111,increased_dwell_to_make_energy_feasible,3.618,14.768,2.2375757575757578
N_Wilson_Garage_01,11D_SYN_N_Wilson_Garage_01_0003114,increased_dwell_to_make_energy_feasible,1.353,14.064,2.130909090909091
N_Wilson_Garage_01,11D_SYN_N_Wilson_Garage_01_0003116,increased_dwell_to_make_energy_feasible,3.167,30.904683393070016,4.682527786828791
N_Wilson_Garage_01,11D_SYN_N_Wilson_Garage_01_0003119,increased_dwell_to_make_energy_feasible,13.879,29.831,4.5198484848484854
N_Wilson_Garage_01,11D_SYN_N_Wilson_Garage_01_0003126,increased_dwell_to_make_energy_feasible,13.063,13.906,2.1069696969696974
N_Wilson_Garage_01,11D_SYN_N_Wilson_Garage_01_0003141,increased_dwell_to_make_energy_feasible,1.017,31.459,4.766515151515152
N_Wilson_Garage_01,11D_SYN_N_Wilson_Garage_01_0003144,increased_dwell_to_make_energy_feasible,11.366,10.184,1.543030303030303
N_Wilson_Garage_01,11D_SYN_N_Wilson_Garage_01_0003147,increased_dwell_to_make_energy_feasible,6.652,13.274,2.0112121212121212
N_Wilson_Garage_01,11D_SYN_N_Wilson_Garage_01_0003150,increased_dwell_to_make_energy_feasible,1.064,8.534,1.2930303030303032
N_Wilson_Garage_01,11D_SYN_N_Wilson_Garage_01_0003152,increased_dwell_to_make_energy_feasible,1.805,11.0,1.6666666666666667
N_Wilson_Garage_01,11D_SYN_N_Wilson_Garage_01_0003166,increased_dwell_to_make_energy_feasible,8.611,13.889,2.1043939393939395
N_Wilson_Garage_01,11D_SYN_N_Wilson_Garage_01_0003189,increased_dwell_to_make_energy_feasible,7.134,6.086648745510046,0.9222195068954616
N_Wilson_Garage_01,11D_SYN_N_Wilson_Garage_01_0003203,increased_dwell_to_make_energy_feasible,3.35,15.236,2.3084848484848486
N_Wilson_Garage_01,11D_SYN_N_Wilson_Garage_01_0003206,increased_dwell_to_make_energy_feasible,5.385,10.112,1.5321212121212122
N_Wilson_Garage_01,11D_SYN_N_Wilson_Garage_01_0003213,increased_dwell_to_make_energy_feasible,8.664,9.385,1.421969696969697
N_Wilson_Garage_01,11D_SYN_N_Wilson_Garage_01_0003223,increased_dwell_to_make_energy_feasible,12.027,10.221,1.5486363636363638
N_Wilson_Garage_01,11D_SYN_N_Wilson_Garage_01_0003225,increased_dwell_to_make_energy_feasible,6.419,8.536,1.2933333333333334
N_Wilson_Garage_01,11D_SYN_N_Wilson_Garage_01_0003229,increased_dwell_to_make_energy_feasible,6.785,9.38,1.4212121212121214
N_Wilson_Garage_01,11D_SYN_N_Wilson_Garage_01_0003230,increased_dwell_to_make_energy_feasible,13.97310138888889,10.523,1.5943939393939395
N_Wilson_Garage_01,11D_SYN_N_Wilson_Garage_01_0003243,increased_dwell_to_make_energy_feasible,1.967,14.168,2.1466666666666665
N_Wilson_Garage_01,11D_SYN_N_Wilson_Garage_01_0003246,increased_dwell_to_make_energy_feasible,2.221,13.888,2.1042424242424245
N_Wilson_Garage_01,11D_SYN_N_Wilson_Garage_01_0003248,increased_dwell_to_make_energy_feasible,1.709,10.23,1.55
N_Wilson_Garage_01,11D_SYN_N_Wilson_Garage_01_0003251,increased_dwell_to_make_energy_feasible,6.603,13.924,2.10969696969697
N_Wilson_Garage_01,11D_SYN_N_Wilson_Garage_01_0003257,increased_dwell_to_make_energy_feasible,4.775,12.87,1.95
N_Wilson_Garage_01,11D_SYN_N_Wilson_Garage_01_0003258,increased_dwell_to_make_energy_feasible,13.911,13.913,2.1080303030303034
N_Wilson_Garage_01,11D_SYN_N_Wilson_Garage_01_0003262,increased_dwell_to_make_energy_feasible,5.393,8.619,1.305909090909091
N_Wilson_Garage_01,11D_SYN_N_Wilson_Garage_01_0003263,increased_dwell_to_make_energy_feasible,11.67,13.229,2.0043939393939394
N_Wilson_Garage_01,11D_SYN_N_Wilson_Garage_01_0003270,increased_dwell_to_make_energy_feasible,10.601,19.4,2.9393939393939394
N_Wilson_Garage_01,11D_SYN_N_Wilson_Garage_01_0003273,increased_dwell_to_make_energy_feasible,17.755,5.177,0.7843939393939394
N_Wilson_Garage_01,11D_SYN_N_Wilson_Garage_01_0003284,increased_dwell_to_make_energy_feasible,7.131,19.315,2.9265151515151517
N_Wilson_Garage_01,11D_SYN_N_Wilson_Garage_01_0003293,increased_dwell_to_make_energy_feasible,6.154,1.071,0.16227272727272726
N_Wilson_Garage_01,11D_SYN_N_Wilson_Garage_01_0003297,increased_dwell_to_make_energy_feasible,8.528,9.252,1.401818181818182
N_Wilson_Garage_01,11D_SYN_N_Wilson_Garage_01_0003305,increased_dwell_to_make_energy_feasible,31.459,11.685,1.7704545454545457
N_Wilson_Garage_01,11D_SYN_N_Wilson_Garage_01_0003311,increased_dwell_to_make_energy_feasible,7.44,13.908,2.1072727272727274
N_Wilson_Garage_01,11D_SYN_N_Wilson_Garage_01_0003313,increased_dwell_to_make_energy_feasible,13.909,12.722,1.9275757575757575
N_Wilson_Garage_01,11D_SYN_N_Wilson_Garage_01_0003319,increased_dwell_to_make_energy_feasible,9.54,8.462,1.2821212121212122
N_Wilson_Garage_01,11D_SYN_N_Wilson_Garage_01_0003320,increased_dwell_to_make_energy_feasible,0.5517219235364658,12.692,1.923030303030303
N_Wilson_Garage_01,11D_SYN_N_Wilson_Garage_01_0003329,increased_dwell_to_make_energy_feasible,5.114,10.386,1.5736363636363635
N_Wilson_Garage_01,11D_SYN_N_Wilson_Garage_01_0003334,increased_dwell_to_make_energy_feasible,4.384,13.907,2.1071212121212124
N_Wilson_Garage_01,11D_SYN_N_Wilson_Garage_01_0003338,increased_dwell_to_make_energy_feasible,7.847,13.244,2.006666666666667
N_Wilson_Garage_01,11D_SYN_N_Wilson_Garage_01_0003349,increased_dwell_to_make_energy_feasible,6.949,8.445,1.2795454545454548
N_Wilson_Garage_01,11D_SYN_N_Wilson_Garage_01_0003350,increased_dwell_to_make_energy_feasible,13.212,17.468,2.646666666666667
N_Wilson_Garage_01,11D_SYN_N_Wilson_Garage_01_0003353,increased_dwell_to_make_energy_feasible,14.504,16.171,2.450151515151515
N_Wilson_Garage_01,11D_SYN_N_Wilson_Garage_01_0003356,increased_dwell_to_make_energy_feasible,16.54,13.912,2.107878787878788
N_Wilson_Garage_01,11D_SYN_N_Wilson_Garage_01_0003361,increased_dwell_to_make_energy_feasible,13.034890979687088,2.801,0.42439393939393943
N_Wilson_Garage_01,11D_SYN_N_Wilson_Garage_01_0003362,increased_dwell_to_make_energy_feasible,4.307,16.546,2.506969696969697
N_Wilson_Garage_01,11D_SYN_N_Wilson_Garage_01_0003363,increased_dwell_to_make_energy_feasible,3.234,3.78,0.5727272727272728
N_Wilson_Garage_01,11D_SYN_N_Wilson_Garage_01_0003364,increased_dwell_to_make_energy_feasible,0.936,11.73,1.7772727272727273
N_Wilson_Garage_01,11D_SYN_N_Wilson_Garage_01_0003366,increased_dwell_to_make_energy_feasible,13.909,12.318,1.8663636363636364
N_Wilson_Garage_01,11D_SYN_N_Wilson_Garage_01_0003386,increased_dwell_to_make_energy_feasible,7.223,13.894,2.1051515151515154
N_Wilson_Garage_01,11D_SYN_N_Wilson_Garage_01_0003387,increased_dwell_to_make_energy_feasible,2.377,12.801,1.9395454545454547
N_Wilson_Garage_01,11D_SYN_N_Wilson_Garage_01_0003391,increased_dwell_to_make_energy_feasible,5.742,3.846,0.5827272727272728
N_Wilson_Garage_01,11D_SYN_N_Wilson_Garage_01_0003393,increased_dwell_to_make_energy_feasible,4.629,13.892,2.104848484848485
N_Wilson_Garage_01,11D_SYN_N_Wilson_Garage_01_0003403,increased_dwell_to_make_energy_feasible,2.387,4.06,0.6151515151515151
N_Wilson_Garage_01,11D_SYN_N_Wilson_Garage_01_0003404,increased_dwell_to_make_energy_feasible,12.149,9.643,1.4610606060606062
N_Wilson_Garage_01,11D_SYN_N_Wilson_Garage_01_0003409,increased_dwell_to_make_energy_feasible,1.624,34.508,5.228484848484849
N_Wilson_Garage_01,11D_SYN_N_Wilson_Garage_01_0003424,increased_dwell_to_make_energy_feasible,0.933,16.053,2.4322727272727276
N_Wilson_Garage_01,11D_SYN_N_Wilson_Garage_01_0003429,increased_dwell_to_make_energy_feasible,1.412,4.591,0.6956060606060607
N_Wilson_Garage_01,11D_SYN_N_Wilson_Garage_01_0003439,increased_dwell_to_make_energy_feasible,2.472,6.948,1.0527272727272727
N_Wilson_Garage_01,11D_SYN_N_Wilson_Garage_01_0003457,increased_dwell_to_make_energy_feasible,31.436,11.031,1.6713636363636366
N_Wilson_Garage_01,11D_SYN_N_Wilson_Garage_01_0003460,increased_dwell_to_make_energy_feasible,5.999425029864606,13.873,2.101969696969697
N_Wilson_Garage_01,11D_SYN_N_Wilson_Garage_01_0003461,increased_dwell_to_make_energy_feasible,2.462,13.873,2.101969696969697
N_Wilson_Garage_01,11D_SYN_N_Wilson_Garage_01_0003477,increased_dwell_to_make_energy_feasible,4.043,11.796,1.7872727272727273
N_Wilson_Garage_01,11D_SYN_N_Wilson_Garage_01_0003479,increased_dwell_to_make_energy_feasible,2.765,5.725,0.8674242424242424
N_Wilson_Garage_01,11D_SYN_N_Wilson_Garage_01_0003481,increased_dwell_to_make_energy_feasible,7.918,30.981,4.694090909090909
N_Wilson_Garage_01,11D_SYN_N_Wilson_Garage_01_0003488,increased_dwell_to_make_energy_feasible,13.944,13.945,2.1128787878787882
N_Wilson_Garage_01,11D_SYN_N_Wilson_Garage_01_0003489,increased_dwell_to_make_energy_feasible,8.394,16.955,2.568939393939394
N_Wilson_Garage_01,11D_SYN_N_Wilson_Garage_01_0003490,increased_dwell_to_make_energy_feasible,13.881,11.461,1.7365151515151516
N_Wilson_Garage_01,11D_SYN_N_Wilson_Garage_01_0003496,increased_dwell_to_make_energy_feasible,5.294,12.046,1.8251515151515152
N_Wilson_Garage_01,11D_SYN_N_Wilson_Garage_01_0003497,increased_dwell_to_make_energy_feasible,13.256,6.151,0.931969696969697
N_Wilson_Garage_01,11D_SYN_N_Wilson_Garage_01_0003498,increased_dwell_to_make_energy_feasible,9.845,13.04,1.9757575757575758
N_Wilson_Garage_01,11D_SYN_N_Wilson_Garage_01_0003505,increased_dwell_to_make_energy_feasible,2.769,13.093,1.9837878787878789
N_Wilson_Garage_01,11D_SYN_N_Wilson_Garage_01_0003506,increased_dwell_to_make_energy_feasible,16.806,13.903,2.106515151515152
N_Wilson_Garage_01,11D_SYN_N_Wilson_Garage_01_0003517,increased_dwell_to_make_energy_feasible,12.722,14.722,2.2306060606060605
N_Wilson_Garage_01,11D_SYN_N_Wilson_Garage_01_0003520,increased_dwell_to_make_energy_feasible,10.04,25.422,3.851818181818182
N_Wilson_Garage_01,11D_SYN_N_Wilson_Garage_01_0003521,increased_dwell_to_make_energy_feasible,12.502,7.629,1.155909090909091
N_Wilson_Garage_01,11D_SYN_N_Wilson_Garage_01_0003522,increased_dwell_to_make_energy_feasible,3.999,6.068,0.9193939393939394
N_Wilson_Garage_01,11D_SYN_N_Wilson_Garage_01_0003541,increased_dwell_to_make_energy_feasible,16.71,39.829,6.03469696969697
N_Wilson_Garage_01,11D_SYN_N_Wilson_Garage_01_0003548,increased_dwell_to_make_energy_feasible,1.197,3.791,0.5743939393939395
N_Wilson_Garage_01,11D_SYN_N_Wilson_Garage_01_0003558,increased_dwell_to_make_energy_feasible,0.915,13.908,2.1072727272727274
N_Wilson_Garage_01,11D_SYN_N_Wilson_Garage_01_0003560,increased_dwell_to_make_energy_feasible,13.508,10.611,1.607727272727273
N_Wilson_Garage_01,11D_SYN_N_Wilson_Garage_01_0003569,increased_dwell_to_make_energy_feasible,13.977,12.452,1.8866666666666667
N_Wilson_Garage_01,11D_SYN_N_Wilson_Garage_01_0003572,increased_dwell_to_make_energy_feasible,11.153,12.468,1.8890909090909092
N_Wilson_Garage_01,11D_SYN_N_Wilson_Garage_01_0003578,increased_dwell_to_make_energy_feasible,15.308,6.102,0.9245454545454547
N_Wilson_Garage_01,11D_SYN_N_Wilson_Garage_01_0003586,increased_dwell_to_make_energy_feasible,3.981,6.465,0.9795454545454546
N_Wilson_Garage_01,11D_SYN_N_Wilson_Garage_01_0003587,increased_dwell_to_make_energy_feasible,11.942,33.72,5.109090909090909
N_Wilson_Garage_01,11D_SYN_N_Wilson_Garage_01_0003595,increased_dwell_to_make_energy_feasible,0.993,13.478,2.042121212121212
N_Wilson_Garage_01,11D_SYN_N_Wilson_Garage_01_0003596,increased_dwell_to_make_energy_feasible,1.585,11.225,1.7007575757575757
N_Wilson_Garage_01,11D_SYN_N_Wilson_Garage_01_0003597,increased_dwell_to_make_energy_feasible,16.456,13.943,2.1125757575757578
N_Wilson_Garage_01,11D_SYN_N_Wilson_Garage_01_0003598,increased_dwell_to_make_energy_feasible,5.852,21.659,3.2816666666666667
N_Wilson_Garage_01,11D_SYN_N_Wilson_Garage_01_0003624,increased_dwell_to_make_energy_feasible,4.683,13.009,1.9710606060606062
N_Wilson_Garage_01,11D_SYN_N_Wilson_Garage_01_0003625,increased_dwell_to_make_energy_feasible,12.034,6.514,0.986969696969697
N_Wilson_Garage_01,11D_SYN_N_Wilson_Garage_01_0003630,increased_dwell_to_make_energy_feasible,13.464,7.451,1.128939393939394
N_Wilson_Garage_01,11D_SYN_N_Wilson_Garage_01_0003639,increased_dwell_to_make_energy_feasible,3.537,13.82,2.093939393939394
N_Wilson_Garage_01,11D_SYN_N_Wilson_Garage_01_0003643,increased_dwell_to_make_energy_feasible,6.926,13.798,2.090606060606061
N_Wilson_Garage_01,11D_SYN_N_Wilson_Garage_01_0003644,increased_dwell_to_make_energy_feasible,14.028,13.356,2.023636363636364
N_Wilson_Garage_01,11D_SYN_N_Wilson_Garage_01_0003655,increased_dwell_to_make_energy_feasible,8.214,13.934,2.1112121212121213
N_Wilson_Garage_01,11D_SYN_N_Wilson_Garage_01_0003659,increased_dwell_to_make_energy_feasible,3.081,13.888,2.1042424242424245
N_Wilson_Garage_01,11D_SYN_N_Wilson_Garage_01_0003662,increased_dwell_to_make_energy_feasible,13.883,11.794,1.786969696969697
N_Wilson_Garage_01,11D_SYN_N_Wilson_Garage_01_0003664,increased_dwell_to_make_energy_feasible,11.07,7.053,1.0686363636363636
N_Wilson_Garage_01,11D_SYN_N_Wilson_Garage_01_0003669,increased_dwell_to_make_energy_feasible,5.379,4.016,0.6084848484848485
N_Wilson_Garage_01,11D_SYN_N_Wilson_Garage_01_0003673,increased_dwell_to_make_energy_feasible,11.021,13.877,2.102575757575758
N_Wilson_Garage_01,11D_SYN_N_Wilson_Garage_01_0003675,increased_dwell_to_make_energy_feasible,2.15,35.982,5.451818181818182
N_Wilson_Garage_01,11D_SYN_N_Wilson_Garage_01_0003684,increased_dwell_to_make_energy_feasible,6.529,13.938,2.111818181818182
N_Wilson_Garage_01,11D_SYN_N_Wilson_Garage_01_0003685,increased_dwell_to_make_energy_feasible,3.125,5.448,0.8254545454545456
N_Wilson_Garage_01,11D_SYN_N_Wilson_Garage_01_0003702,increased_dwell_to_make_energy_feasible,3.262,16.234,2.45969696969697
N_Wilson_Garage_01,11D_SYN_N_Wilson_Garage_01_0003703,increased_dwell_to_make_energy_feasible,8.514,13.947,2.1131818181818183
N_Wilson_Garage_01,11D_SYN_N_Wilson_Garage_01_0003713,increased_dwell_to_make_energy_feasible,15.51,6.674,1.0112121212121212
N_Wilson_Garage_01,11D_SYN_N_Wilson_Garage_01_0003715,increased_dwell_to_make_energy_feasible,3.943,6.926,1.0493939393939395
N_Wilson_Garage_01,11D_SYN_N_Wilson_Garage_01_0003722,increased_dwell_to_make_energy_feasible,7.345,8.805,1.3340909090909092
N_Wilson_Garage_01,11D_SYN_N_Wilson_Garage_01_0003732,increased_dwell_to_make_energy_feasible,3.886,13.37,2.025757575757576
N_Wilson_Garage_01,11D_SYN_N_Wilson_Garage_01_0003740,increased_dwell_to_make_energy_feasible,2.524,12.492,1.892727272727273
N_Wilson_Garage_01,11D_SYN_N_Wilson_Garage_01_0003749,increased_dwell_to_make_energy_feasible,9.986,12.898,1.9542424242424243
N_Wilson_Garage_01,11D_SYN_N_Wilson_Garage_01_0003753,increased_dwell_to_make_energy_feasible,11.039,3.377,0.5116666666666667
N_Wilson_Garage_01,11D_SYN_N_Wilson_Garage_01_0003767,increased_dwell_to_make_energy_feasible,15.085,4.898,0.7421212121212121
N_Wilson_Garage_01,11D_SYN_N_Wilson_Garage_01_0003788,increased_dwell_to_make_energy_feasible,5.37,13.969,2.1165151515151517
N_Wilson_Garage_01,11D_SYN_N_Wilson_Garage_01_0003790,increased_dwell_to_make_energy_feasible,1.916,16.0,2.4242424242424243
N_Wilson_Garage_01,11D_SYN_N_Wilson_Garage_01_0003796,increased_dwell_to_make_energy_feasible,6.462,9.581,1.4516666666666667
N_Wilson_Garage_01,11D_SYN_N_Wilson_Garage_01_0003810,increased_dwell_to_make_energy_feasible,4.9,13.979,2.118030303030303
N_Wilson_Garage_01,11D_SYN_N_Wilson_Garage_01_0003811,increased_dwell_to_make_energy_feasible,5.879,13.934,2.1112121212121213
N_Wilson_Garage_01,11D_SYN_N_Wilson_Garage_01_0003814,increased_dwell_to_make_energy_feasible,12.411,9.86,1.493939393939394
N_Wilson_Garage_01,11D_SYN_N_Wilson_Garage_01_0003815,increased_dwell_to_make_energy_feasible,4.512,5.281,0.8001515151515152
N_Wilson_Garage_01,11D_SYN_N_Wilson_Garage_01_0003821,increased_dwell_to_make_energy_feasible,13.878,6.71,1.0166666666666666
N_Wilson_Garage_01,11D_SYN_N_Wilson_Garage_01_0003826,increased_dwell_to_make_energy_feasible,13.924,4.663298984468083,0.7065604521921338
N_Wilson_Garage_01,11D_SYN_N_Wilson_Garage_01_0003838,increased_dwell_to_make_energy_feasible,5.022,13.899,2.105909090909091
N_Wilson_Garage_01,11D_SYN_N_Wilson_Garage_01_0003841,increased_dwell_to_make_energy_feasible,7.581,5.232,0.7927272727272728
N_Wilson_Garage_01,11D_SYN_N_Wilson_Garage_01_0003843,increased_dwell_to_make_energy_feasible,8.402,14.078,2.1330303030303033
N_Wilson_Garage_01,11D_SYN_N_Wilson_Garage_01_0003868,increased_dwell_to_make_energy_feasible,5.882,9.814,1.486969696969697
N_Wilson_Garage_01,11D_SYN_N_Wilson_Garage_01_0003871,increased_dwell_to_make_energy_feasible,12.577,9.011,1.3653030303030302
N_Wilson_Garage_01,11D_SYN_N_Wilson_Garage_01_0003873,increased_dwell_to_make_energy_feasible,13.923,26.043,3.945909090909091
N_Wilson_Garage_01,11D_SYN_N_Wilson_Garage_01_0003879,increased_dwell_to_make_energy_feasible,1.506,5.882,0.8912121212121212
N_Wilson_Garage_01,11D_SYN_N_Wilson_Garage_01_0003880,increased_dwell_to_make_energy_feasible,3.999,10.056,1.5236363636363637
N_Wilson_Garage_01,11D_SYN_N_Wilson_Garage_01_0003882,increased_dwell_to_make_energy_feasible,14.961608422949556,12.505,1.89469696969697
N_Wilson_Garage_01,11D_SYN_N_Wilson_Garage_01_0003884,increased_dwell_to_make_energy_feasible,13.894,10.359,1.5695454545454546
N_Wilson_Garage_01,11D_SYN_N_Wilson_Garage_01_0003887,increased_dwell_to_make_energy_feasible,13.9,11.58,1.7545454545454546
N_Wilson_Garage_01,11D_SYN_N_Wilson_Garage_01_0003893,increased_dwell_to_make_energy_feasible,4.324,16.546,2.506969696969697
N_Wilson_Garage_01,11D_SYN_N_Wilson_Garage_01_0003904,increased_dwell_to_make_energy_feasible,2.725,25.773,3.9050000000000002
N_Wilson_Garage_01,11D_SYN_N_Wilson_Garage_01_0003906,increased_dwell_to_make_energy_feasible,13.212,25.564,3.8733333333333335
N_Wilson_Garage_01,11D_SYN_N_Wilson_Garage_01_0003908,increased_dwell_to_make_energy_feasible,12.302,11.529,1.7468181818181818
N_Wilson_Garage_01,11D_SYN_N_Wilson_Garage_01_0003914,increased_dwell_to_make_energy_feasible,13.888,11.826,1.791818181818182
N_Wilson_Garage_01,11D_SYN_N_Wilson_Garage_01_0003925,increased_dwell_to_make_energy_feasible,0.531,6.054,0.9172727272727274
N_Wilson_Garage_01,11D_SYN_N_Wilson_Garage_01_0003931,increased_dwell_to_make_energy_feasible,6.341,4.93,0.746969696969697
N_Wilson_Garage_01,11D_SYN_N_Wilson_Garage_01_0003932,increased_dwell_to_make_energy_feasible,7.621,14.188786944444448,2.1498162037037045
N_Wilson_Garage_01,11D_SYN_N_Wilson_Garage_01_0003945,increased_dwell_to_make_energy_feasible,0.892,9.327,1.4131818181818183
N_Wilson_Garage_01,11D_SYN_N_Wilson_Garage_01_0003947,increased_dwell_to_make_energy_feasible,6.523,16.746,2.537272727272727
N_Wilson_Garage_01,11D_SYN_N_Wilson_Garage_01_0003951,increased_dwell_to_make_energy_feasible,11.366,13.967,2.116212121212121
N_Wilson_Garage_01,11D_SYN_N_Wilson_Garage_01_0003992,increased_dwell_to_make_energy_feasible,2.14,12.815,1.9416666666666667
N_Wilson_Garage_01,11D_SYN_N_Wilson_Garage_01_0004001,increased_dwell_to_make_energy_feasible,13.901,13.218,2.002727272727273
N_Wilson_Garage_01,11D_SYN_N_Wilson_Garage_01_0004002,increased_dwell_to_make_energy_feasible,1.581,4.584,0.6945454545454546
N_Wilson_Garage_01,11D_SYN_N_Wilson_Garage_01_0004010,increased_dwell_to_make_energy_feasible,9.894,4.414,0.6687878787878788
N_Wilson_Garage_01,11D_SYN_N_Wilson_Garage_01_0004015,increased_dwell_to_make_energy_feasible,0.754,9.981,1.5122727272727274
N_Wilson_Garage_01,11D_SYN_N_Wilson_Garage_01_0004017,increased_dwell_to_make_energy_feasible,6.298,12.855,1.947727272727273
N_Wilson_Garage_01,11D_SYN_N_Wilson_Garage_01_0004018,increased_dwell_to_make_energy_feasible,1.827,7.672,1.1624242424242424
N_Wilson_Garage_01,11D_SYN_N_Wilson_Garage_01_0004020,increased_dwell_to_make_energy_feasible,1.999,13.9,2.1060606060606064
N_Wilson_Garage_01,11D_SYN_N_Wilson_Garage_01_0004035,increased_dwell_to_make_energy_feasible,13.207,13.628,2.064848484848485
N_Wilson_Garage_01,11D_SYN_N_Wilson_Garage_01_0004050,increased_dwell_to_make_energy_feasible,7.027,13.48,2.0424242424242425
N_Wilson_Garage_01,11D_SYN_N_Wilson_Garage_01_0004059,increased_dwell_to_make_energy_feasible,10.907,13.894,2.1051515151515154
N_Wilson_Garage_01,11D_SYN_N_Wilson_Garage_01_0004061,increased_dwell_to_make_energy_feasible,7.215,12.65,1.9166666666666667
N_Wilson_Garage_01,11D_SYN_N_Wilson_Garage_01_0004068,increased_dwell_to_make_energy_feasible,1.591,13.949,2.1134848484848487
N_Wilson_Garage_01,11D_SYN_N_Wilson_Garage_01_0004091,increased_dwell_to_make_energy_feasible,13.879,8.026,1.216060606060606
N_Wilson_Garage_01,11D_SYN_N_Wilson_Garage_01_0004093,increased_dwell_to_make_energy_feasible,12.212,37.226,5.640303030303031
N_Wilson_Garage_01,11D_SYN_N_Wilson_Garage_01_0004104,increased_dwell_to_make_energy_feasible,2.118,7.042761350057947,1.067085053039083
N_Wilson_Garage_01,11D_SYN_N_Wilson_Garage_01_0004107,increased_dwell_to_make_energy_feasible,12.01,13.212,2.001818181818182
N_Wilson_Garage_01,11D_SYN_N_Wilson_Garage_01_0004111,increased_dwell_to_make_energy_feasible,1.382,5.946,0.9009090909090909
N_Wilson_Garage_01,11D_SYN_N_Wilson_Garage_01_0004121,increased_dwell_to_make_energy_feasible,61.55,11.903,1.8034848484848487
N_Wilson_Garage_01,11D_SYN_N_Wilson_Garage_01_0004128,increased_dwell_to_make_energy_feasible,14.111,12.267,1.8586363636363636
N_Wilson_Garage_01,11D_SYN_N_Wilson_Garage_01_0004130,increased_dwell_to_make_energy_feasible,9.702,13.921,2.1092424242424244
N_Wilson_Garage_01,11D_SYN_N_Wilson_Garage_01_0004145,increased_dwell_to_make_energy_feasible,6.322,8.131,1.2319696969696972
N_Wilson_Garage_01,11D_SYN_N_Wilson_Garage_01_0004146,increased_dwell_to_make_energy_feasible,12.991,1.767,0.2677272727272727
N_Wilson_Garage_01,11D_SYN_N_Wilson_Garage_01_0004151,increased_dwell_to_make_energy_feasible,14.008,11.019,1.6695454545454547
N_Wilson_Garage_01,11D_SYN_N_Wilson_Garage_01_0004158,increased_dwell_to_make_energy_feasible,6.431,13.191,1.9986363636363638
N_Wilson_Garage_01,11D_SYN_N_Wilson_Garage_01_0004167,increased_dwell_to_make_energy_feasible,10.286,13.889,2.1043939393939395
N_Wilson_Garage_01,11D_SYN_N_Wilson_Garage_01_0004170,increased_dwell_to_make_energy_feasible,9.7,3.275,0.4962121212121212
N_Wilson_Garage_01,11D_SYN_N_Wilson_Garage_01_0004178,increased_dwell_to_make_energy_feasible,4.046,19.781,2.997121212121212
N_Wilson_Garage_01,11D_SYN_N_Wilson_Garage_01_0004181,clipped_departure_and_capped_energy,0.542,19.862333333333332,3.0094444444444446
N_Wilson_Garage_01,11D_SYN_N_Wilson_Garage_01_0004184,increased_dwell_to_make_energy_feasible,13.204,5.451,0.8259090909090909
N_Wilson_Garage_01,11D_SYN_N_Wilson_Garage_01_0004185,increased_dwell_to_make_energy_feasible,1.846,12.033,1.8231818181818182
N_Wilson_Garage_01,11D_SYN_N_Wilson_Garage_01_0004188,increased_dwell_to_make_energy_feasible,5.086,13.907,2.1071212121212124
N_Wilson_Garage_01,11D_SYN_N_Wilson_Garage_01_0004199,increased_dwell_to_make_energy_feasible,4.548,7.692,1.1654545454545455
N_Wilson_Garage_01,11D_SYN_N_Wilson_Garage_01_0004201,increased_dwell_to_make_energy_feasible,5.479,8.998,1.3633333333333333
N_Wilson_Garage_01,11D_SYN_N_Wilson_Garage_01_0004217,increased_dwell_to_make_energy_feasible,4.88,6.288,0.9527272727272729
N_Wilson_Garage_01,11D_SYN_N_Wilson_Garage_01_0004223,removed_infeasible_after_horizon_clip,0.01,0.0,-16.205277777777777
N_Wilson_Garage_01,11D_SYN_N_Wilson_Garage_01_0004223,removed_infeasible_after_horizon_clip,0.01,0.0,-17.483055555555556
N_Wilson_Garage_01,11D_SYN_N_Wilson_Garage_01_0004223,clipped_departure_and_capped_energy,4.846,18.575333333333333,2.8144444444444443
N_Wilson_Garage_01,11D_SYN_N_Wilson_Garage_01_0004224,removed_infeasible_after_horizon_clip,0.01,0.0,-0.3433333333333333
N_Wilson_Garage_01,11D_SYN_N_Wilson_Garage_01_0004224,removed_infeasible_after_horizon_clip,0.01,0.0,-16.758055555555554
N_Wilson_Garage_01,11D_SYN_N_Wilson_Garage_01_0004224,removed_infeasible_after_horizon_clip,0.01,0.0,-13.809166666666666
N_Wilson_Garage_01,11D_SYN_N_Wilson_Garage_01_0004224,removed_infeasible_after_horizon_clip,0.01,0.0,-11.800833333333333
N_Wilson_Garage_01,11D_SYN_N_Wilson_Garage_01_0004226,removed_infeasible_after_horizon_clip,0.01,0.0,-11.421388888888888
N_Wilson_Garage_01,11D_SYN_N_Wilson_Garage_01_0004226,removed_infeasible_after_horizon_clip,0.01,0.0,-0.7966666666666666
N_Wilson_Garage_01,11D_SYN_N_Wilson_Garage_01_0004226,removed_infeasible_after_horizon_clip,0.01,0.0,-1.9044444444444444
N_Wilson_Garage_01,11D_SYN_N_Wilson_Garage_01_0004226,removed_infeasible_after_horizon_clip,0.01,0.0,-1.0163888888888888
N_Wilson_Garage_01,11D_SYN_N_Wilson_Garage_01_0004226,removed_infeasible_after_horizon_clip,0.01,0.0,-8.219166666666666
N_Wilson_Garage_01,11D_SYN_N_Wilson_Garage_01_0004226,removed_infeasible_after_horizon_clip,0.01,0.0,-19.240277777777777
N_Wilson_Garage_01,11D_SYN_N_Wilson_Garage_01_0004226,removed_infeasible_after_horizon_clip,0.01,0.0,-20.790277777777778
N_Wilson_Garage_01,11D_SYN_N_Wilson_Garage_01_0004227,removed_infeasible_after_horizon_clip,0.01,0.0,-15.279722222222222
N_Wilson_Garage_01,11D_SYN_N_Wilson_Garage_01_0004227,removed_infeasible_after_horizon_clip,0.01,0.0,-14.793888888888889
N_Wilson_Garage_01,11D_SYN_N_Wilson_Garage_01_0004227,removed_infeasible_after_horizon_clip,0.01,0.0,-12.613333333333333
N_Wilson_Garage_01,11D_SYN_N_Wilson_Garage_01_0004227,removed_infeasible_after_horizon_clip,0.01,0.0,-10.166666666666666
N_Wilson_Garage_01,11D_SYN_N_Wilson_Garage_01_0004227,removed_infeasible_after_horizon_clip,0.01,0.0,-16.029166666666665
N_Wilson_Garage_01,11D_SYN_N_Wilson_Garage_01_0004227,removed_infeasible_after_horizon_clip,0.01,0.0,-18.161666666666665
N_Wilson_Garage_01,11D_SYN_N_Wilson_Garage_01_0004227,clipped_departure_and_capped_energy,4.355,8.761499999999998,1.3275
N_Wilson_Garage_01,11D_SYN_N_Wilson_Garage_01_0004228,removed_infeasible_after_horizon_clip,0.01,0.0,-3.5919444444444446
N_Wilson_Garage_01,11D_SYN_N_Wilson_Garage_01_0004228,removed_infeasible_after_horizon_clip,0.01,0.0,-20.68638888888889
N_Wilson_Garage_01,11D_SYN_N_Wilson_Garage_01_0004228,removed_infeasible_after_horizon_clip,0.01,0.0,-8.8025
N_Wilson_Garage_01,11D_SYN_N_Wilson_Garage_01_0004228,clipped_departure_and_capped_energy,3.154389187574531,4.480666666666666,0.6788888888888889
N_Wilson_Garage_01,11D_SYN_N_Wilson_Garage_01_0004229,removed_infeasible_after_horizon_clip,0.01,0.0,-16.5425
N_Wilson_Garage_01,11D_SYN_N_Wilson_Garage_01_0004229,removed_infeasible_after_horizon_clip,0.01,0.0,-15.041944444444445
N_Wilson_Garage_01,11D_SYN_N_Wilson_Garage_01_0004229,removed_infeasible_after_horizon_clip,0.01,0.0,-20.25111111111111
N_Wilson_Garage_01,11D_SYN_N_Wilson_Garage_01_0004229,increased_dwell_to_make_energy_feasible,13.896,12.991,1.9683333333333335
N_Wilson_Garage_01,11D_SYN_N_Wilson_Garage_01_0004230,removed_infeasible_after_horizon_clip,0.01,0.0,-14.93138888888889
N_Wilson_Garage_01,11D_SYN_N_Wilson_Garage_01_0004230,removed_infeasible_after_horizon_clip,0.01,0.0,-17.264166666666668
N_Wilson_Garage_01,11D_SYN_N_Wilson_Garage_01_0004230,removed_infeasible_after_horizon_clip,0.01,0.0,-20.370277777777776
N_Wilson_Garage_01,11D_SYN_N_Wilson_Garage_01_0004230,removed_infeasible_after_horizon_clip,0.01,0.0,-12.206111111111111
N_Wilson_Garage_01,11D_SYN_N_Wilson_Garage_01_0004230,removed_infeasible_after_horizon_clip,0.01,0.0,-15.239444444444445
N_Wilson_Garage_01,11D_SYN_N_Wilson_Garage_01_0004230,removed_infeasible_after_horizon_clip,0.01,0.0,-13.199722222222222
N_Wilson_Garage_01,11D_SYN_N_Wilson_Garage_01_0004230,removed_infeasible_after_horizon_clip,0.01,0.0,-11.9225
N_Wilson_Garage_01,11D_SYN_N_Wilson_Garage_01_0004230,removed_infeasible_after_horizon_clip,0.01,0.0,-17.810833333333335
Parking_Lot_01,11D_SYN_Parking_Lot_01_0000001,increased_dwell_to_make_energy_feasible,8.33,13.296,2.0145454545454546
Parking_Lot_01,11D_SYN_Parking_Lot_01_0000003,removed_infeasible_after_horizon_clip,8.726,0.0,5.871111111111111
Parking_Lot_01,11D_SYN_Parking_Lot_01_0000004,removed_infeasible_after_horizon_clip,6.29,0.0,0.9530303030303031
Parking_Lot_01,11D_SYN_Parking_Lot_01_0000005,removed_infeasible_after_horizon_clip,6.569,0.0,1.166111111111111
Parking_Lot_01,11D_SYN_Parking_Lot_01_0000006,increased_dwell_to_make_energy_feasible,43.605,13.94,2.1121212121212123
Parking_Lot_01,11D_SYN_Parking_Lot_01_0000023,increased_dwell_to_make_energy_feasible,2.231,13.246,2.0069696969696973
Parking_Lot_01,11D_SYN_Parking_Lot_01_0000024,increased_dwell_to_make_energy_feasible,12.02,12.317,1.8662121212121214
Parking_Lot_01,11D_SYN_Parking_Lot_01_0000034,increased_dwell_to_make_energy_feasible,8.849,9.415,1.4265151515151515
Parking_Lot_01,11D_SYN_Parking_Lot_01_0000046,increased_dwell_to_make_energy_feasible,4.643,19.294,2.923333333333334
Parking_Lot_01,11D_SYN_Parking_Lot_01_0000047,increased_dwell_to_make_energy_feasible,0.92,9.105,1.3795454545454546
Parking_Lot_01,11D_SYN_Parking_Lot_01_0000052,increased_dwell_to_make_energy_feasible,7.526,13.87,2.1015151515151516
Parking_Lot_01,11D_SYN_Parking_Lot_01_0000065,increased_dwell_to_make_energy_feasible,0.734,10.386,1.5736363636363635
Parking_Lot_01,11D_SYN_Parking_Lot_01_0000067,increased_dwell_to_make_energy_feasible,10.051,13.869,2.1013636363636365
Parking_Lot_01,11D_SYN_Parking_Lot_01_0000081,increased_dwell_to_make_energy_feasible,6.559,15.96,2.4181818181818184
Parking_Lot_01,11D_SYN_Parking_Lot_01_0000085,increased_dwell_to_make_energy_feasible,1.214,6.149,0.9316666666666668
Parking_Lot_01,11D_SYN_Parking_Lot_01_0000105,increased_dwell_to_make_energy_feasible,33.013,13.209,2.0013636363636365
Parking_Lot_01,11D_SYN_Parking_Lot_01_0000107,increased_dwell_to_make_energy_feasible,5.712,6.502,0.9851515151515152
Parking_Lot_01,11D_SYN_Parking_Lot_01_0000114,increased_dwell_to_make_energy_feasible,1.670088112305851,12.362,1.873030303030303
Parking_Lot_01,11D_SYN_Parking_Lot_01_0000115,increased_dwell_to_make_energy_feasible,0.951,20.604,3.121818181818182
Parking_Lot_01,11D_SYN_Parking_Lot_01_0000129,increased_dwell_to_make_energy_feasible,0.76,15.554,2.356666666666667
Parking_Lot_01,11D_SYN_Parking_Lot_01_0000131,increased_dwell_to_make_energy_feasible,4.66743279569851,3.702,0.5609090909090909
Parking_Lot_01,11D_SYN_Parking_Lot_01_0000134,increased_dwell_to_make_energy_feasible,10.526,13.885,2.103787878787879
Parking_Lot_01,11D_SYN_Parking_Lot_01_0000144,increased_dwell_to_make_energy_feasible,13.944,10.838,1.642121212121212
Parking_Lot_01,11D_SYN_Parking_Lot_01_0000150,increased_dwell_to_make_energy_feasible,6.06,13.215,2.0022727272727274
Parking_Lot_01,11D_SYN_Parking_Lot_01_0000152,increased_dwell_to_make_energy_feasible,6.0,4.739,0.718030303030303
Parking_Lot_01,11D_SYN_Parking_Lot_01_0000155,increased_dwell_to_make_energy_feasible,2.478,5.613,0.8504545454545456
Parking_Lot_01,11D_SYN_Parking_Lot_01_0000164,increased_dwell_to_make_energy_feasible,3.199,8.537,1.2934848484848487
Parking_Lot_01,11D_SYN_Parking_Lot_01_0000168,increased_dwell_to_make_energy_feasible,2.224,12.427,1.8828787878787878
Parking_Lot_01,11D_SYN_Parking_Lot_01_0000176,increased_dwell_to_make_energy_feasible,4.074,26.12,3.957575757575758
Parking_Lot_01,11D_SYN_Parking_Lot_01_0000180,increased_dwell_to_make_energy_feasible,4.643,13.927,2.1101515151515153
Parking_Lot_01,11D_SYN_Parking_Lot_01_0000181,increased_dwell_to_make_energy_feasible,16.883,41.997,6.363181818181818
Parking_Lot_01,11D_SYN_Parking_Lot_01_0000194,increased_dwell_to_make_energy_feasible,13.539,13.199,1.999848484848485
Parking_Lot_01,11D_SYN_Parking_Lot_01_0000198,increased_dwell_to_make_energy_feasible,12.818,11.21,1.6984848484848487
Parking_Lot_01,11D_SYN_Parking_Lot_01_0000199,increased_dwell_to_make_energy_feasible,1.675,13.464,2.04
Parking_Lot_01,11D_SYN_Parking_Lot_01_0000202,increased_dwell_to_make_energy_feasible,4.207,9.107,1.3798484848484849
Parking_Lot_01,11D_SYN_Parking_Lot_01_0000203,increased_dwell_to_make_energy_feasible,6.198,6.312,0.9563636363636364
Parking_Lot_01,11D_SYN_Parking_Lot_01_0000204,increased_dwell_to_make_energy_feasible,2.243,13.9,2.1060606060606064
Parking_Lot_01,11D_SYN_Parking_Lot_01_0000212,increased_dwell_to_make_energy_feasible,13.386,13.787,2.0889393939393943
Parking_Lot_01,11D_SYN_Parking_Lot_01_0000213,increased_dwell_to_make_energy_feasible,6.512,15.288,2.3163636363636364
Parking_Lot_01,11D_SYN_Parking_Lot_01_0000217,increased_dwell_to_make_energy_feasible,11.76,10.822,1.6396969696969697
Parking_Lot_01,11D_SYN_Parking_Lot_01_0000227,increased_dwell_to_make_energy_feasible,9.91,1.788,0.27090909090909093
Parking_Lot_01,11D_SYN_Parking_Lot_01_0000235,increased_dwell_to_make_energy_feasible,0.876,13.894,2.1051515151515154
Parking_Lot_01,11D_SYN_Parking_Lot_01_0000250,increased_dwell_to_make_energy_feasible,9.722,12.124,1.8369696969696971
Parking_Lot_01,11D_SYN_Parking_Lot_01_0000252,increased_dwell_to_make_energy_feasible,1.193,3.656,0.553939393939394
Parking_Lot_01,11D_SYN_Parking_Lot_01_0000267,increased_dwell_to_make_energy_feasible,2.302,6.225,0.9431818181818182
Parking_Lot_01,11D_SYN_Parking_Lot_01_0000274,increased_dwell_to_make_energy_feasible,3.28,5.193,0.7868181818181817
Parking_Lot_01,11D_SYN_Parking_Lot_01_0000277,increased_dwell_to_make_energy_feasible,11.37,8.752128136197014,1.3260800206359111
Parking_Lot_01,11D_SYN_Parking_Lot_01_0000279,increased_dwell_to_make_energy_feasible,13.874,14.1,2.1363636363636362
Parking_Lot_01,11D_SYN_Parking_Lot_01_0000281,increased_dwell_to_make_energy_feasible,1.36,14.961608422949556,2.266910367113569
Parking_Lot_01,11D_SYN_Parking_Lot_01_0000287,increased_dwell_to_make_energy_feasible,4.651,7.172,1.0866666666666667
Parking_Lot_01,11D_SYN_Parking_Lot_01_0000294,increased_dwell_to_make_energy_feasible,25.122,9.886,1.4978787878787878
Parking_Lot_01,11D_SYN_Parking_Lot_01_0000295,increased_dwell_to_make_energy_feasible,13.897,21.839,3.308939393939394
Parking_Lot_01,11D_SYN_Parking_Lot_01_0000303,increased_dwell_to_make_energy_feasible,13.926,7.149,1.0831818181818182
Parking_Lot_01,11D_SYN_Parking_Lot_01_0000310,increased_dwell_to_make_energy_feasible,34.957,10.695,1.6204545454545456
Parking_Lot_01,11D_SYN_Parking_Lot_01_0000326,increased_dwell_to_make_energy_feasible,13.92,12.415,1.881060606060606
Parking_Lot_01,11D_SYN_Parking_Lot_01_0000328,increased_dwell_to_make_energy_feasible,6.494,13.885,2.103787878787879
Parking_Lot_01,11D_SYN_Parking_Lot_01_0000332,increased_dwell_to_make_energy_feasible,15.903,18.639,2.824090909090909
Parking_Lot_01,11D_SYN_Parking_Lot_01_0000335,increased_dwell_to_make_energy_feasible,2.192,6.343530465949307,0.961140979689289
Parking_Lot_01,11D_SYN_Parking_Lot_01_0000354,increased_dwell_to_make_energy_feasible,9.472,6.856,1.0387878787878788
Parking_Lot_01,11D_SYN_Parking_Lot_01_0000358,increased_dwell_to_make_energy_feasible,1.809,10.221,1.5486363636363638
Parking_Lot_01,11D_SYN_Parking_Lot_01_0000363,increased_dwell_to_make_energy_feasible,6.408,11.731,1.7774242424242426
Parking_Lot_01,11D_SYN_Parking_Lot_01_0000364,increased_dwell_to_make_energy_feasible,13.932,6.143,0.9307575757575758
Parking_Lot_01,11D_SYN_Parking_Lot_01_0000366,increased_dwell_to_make_energy_feasible,7.151,10.853,1.6443939393939395
Parking_Lot_01,11D_SYN_Parking_Lot_01_0000372,increased_dwell_to_make_energy_feasible,12.411,14.818,2.245151515151515
Parking_Lot_01,11D_SYN_Parking_Lot_01_0000379,increased_dwell_to_make_energy_feasible,4.456,16.95,2.5681818181818183
Parking_Lot_01,11D_SYN_Parking_Lot_01_0000387,increased_dwell_to_make_energy_feasible,9.02,7.972,1.207878787878788
Parking_Lot_01,11D_SYN_Parking_Lot_01_0000390,increased_dwell_to_make_energy_feasible,9.169,38.938,5.89969696969697
Parking_Lot_01,11D_SYN_Parking_Lot_01_0000398,increased_dwell_to_make_energy_feasible,5.795,13.992,2.12
Parking_Lot_01,11D_SYN_Parking_Lot_01_0000399,increased_dwell_to_make_energy_feasible,16.459,16.477,2.4965151515151516
Parking_Lot_01,11D_SYN_Parking_Lot_01_0000400,increased_dwell_to_make_energy_feasible,13.904,14.289751666666668,2.165113888888889
Parking_Lot_01,11D_SYN_Parking_Lot_01_0000414,increased_dwell_to_make_energy_feasible,16.297,13.204,2.000606060606061
Parking_Lot_01,11D_SYN_Parking_Lot_01_0000415,increased_dwell_to_make_energy_feasible,13.902,13.898,2.105757575757576
Parking_Lot_01,11D_SYN_Parking_Lot_01_0000425,increased_dwell_to_make_energy_feasible,3.441,41.904,6.34909090909091
Parking_Lot_01,11D_SYN_Parking_Lot_01_0000433,increased_dwell_to_make_energy_feasible,0.707,7.711,1.1683333333333334
Parking_Lot_01,11D_SYN_Parking_Lot_01_0000444,increased_dwell_to_make_energy_feasible,2.099,14.069,2.131666666666667
Parking_Lot_01,11D_SYN_Parking_Lot_01_0000445,increased_dwell_to_make_energy_feasible,6.497,21.143,3.2034848484848486
Parking_Lot_01,11D_SYN_Parking_Lot_01_0000453,increased_dwell_to_make_energy_feasible,7.439,10.849,1.6437878787878788
Parking_Lot_01,11D_SYN_Parking_Lot_01_0000485,increased_dwell_to_make_energy_feasible,9.663,24.77,3.7530303030303034
Parking_Lot_01,11D_SYN_Parking_Lot_01_0000486,increased_dwell_to_make_energy_feasible,3.199,3.886,0.5887878787878789
Parking_Lot_01,11D_SYN_Parking_Lot_01_0000488,increased_dwell_to_make_energy_feasible,5.177,12.059,1.8271212121212121
Parking_Lot_01,11D_SYN_Parking_Lot_01_0000491,increased_dwell_to_make_energy_feasible,14.083,14.342989844684718,2.1731802794976844
Parking_Lot_01,11D_SYN_Parking_Lot_01_0000498,increased_dwell_to_make_energy_feasible,7.73,3.047,0.4616666666666667
Parking_Lot_01,11D_SYN_Parking_Lot_01_0000504,increased_dwell_to_make_energy_feasible,37.44,23.627,3.579848484848485
Parking_Lot_01,11D_SYN_Parking_Lot_01_0000508,increased_dwell_to_make_energy_feasible,3.931,13.877,2.102575757575758
Parking_Lot_01,11D_SYN_Parking_Lot_01_0000525,increased_dwell_to_make_energy_feasible,2.252,9.672,1.4654545454545456
Parking_Lot_01,11D_SYN_Parking_Lot_01_0000531,increased_dwell_to_make_energy_feasible,6.727,13.229,2.0043939393939394
Parking_Lot_01,11D_SYN_Parking_Lot_01_0000532,increased_dwell_to_make_energy_feasible,13.82,6.465,0.9795454545454546
Parking_Lot_01,11D_SYN_Parking_Lot_01_0000536,increased_dwell_to_make_energy_feasible,12.452,13.195,1.9992424242424245
Parking_Lot_01,11D_SYN_Parking_Lot_01_0000542,increased_dwell_to_make_energy_feasible,13.892,13.945,2.1128787878787882
Parking_Lot_01,11D_SYN_Parking_Lot_01_0000544,increased_dwell_to_make_energy_feasible,8.465,7.562,1.1457575757575758
Parking_Lot_01,11D_SYN_Parking_Lot_01_0000549,increased_dwell_to_make_energy_feasible,5.597,12.322,1.866969696969697
Parking_Lot_01,11D_SYN_Parking_Lot_01_0000554,increased_dwell_to_make_energy_feasible,12.659,13.999,2.121060606060606
Parking_Lot_01,11D_SYN_Parking_Lot_01_0000572,increased_dwell_to_make_energy_feasible,3.164,13.88,2.1030303030303035
Parking_Lot_01,11D_SYN_Parking_Lot_01_0000578,increased_dwell_to_make_energy_feasible,5.771064814813594,29.475,4.465909090909092
Parking_Lot_01,11D_SYN_Parking_Lot_01_0000579,increased_dwell_to_make_energy_feasible,4.243,6.587,0.998030303030303
Parking_Lot_01,11D_SYN_Parking_Lot_01_0000581,increased_dwell_to_make_energy_feasible,25.981,13.21,2.001515151515152
Parking_Lot_01,11D_SYN_Parking_Lot_01_0000582,increased_dwell_to_make_energy_feasible,6.609,8.303,1.2580303030303033
Parking_Lot_01,11D_SYN_Parking_Lot_01_0000590,increased_dwell_to_make_energy_feasible,5.097,11.856,1.7963636363636364
Parking_Lot_01,11D_SYN_Parking_Lot_01_0000591,increased_dwell_to_make_energy_feasible,13.89,13.195,1.9992424242424245
Parking_Lot_01,11D_SYN_Parking_Lot_01_0000602,increased_dwell_to_make_energy_feasible,13.872,13.897,2.105606060606061
Parking_Lot_01,11D_SYN_Parking_Lot_01_0000609,increased_dwell_to_make_energy_feasible,4.591,5.551,0.8410606060606062
Parking_Lot_01,11D_SYN_Parking_Lot_01_0000616,increased_dwell_to_make_energy_feasible,1.127,13.899,2.105909090909091
Parking_Lot_01,11D_SYN_Parking_Lot_01_0000625,increased_dwell_to_make_energy_feasible,5.238,21.853,3.3110606060606065
Parking_Lot_01,11D_SYN_Parking_Lot_01_0000631,increased_dwell_to_make_energy_feasible,34.957,10.996,1.6660606060606062
Parking_Lot_01,11D_SYN_Parking_Lot_01_0000634,increased_dwell_to_make_energy_feasible,1.855,10.306,1.5615151515151515
Parking_Lot_01,11D_SYN_Parking_Lot_01_0000642,increased_dwell_to_make_energy_feasible,24.667,7.738,1.1724242424242426
Parking_Lot_01,11D_SYN_Parking_Lot_01_0000644,increased_dwell_to_make_energy_feasible,13.807,11.355,1.7204545454545457
Parking_Lot_01,11D_SYN_Parking_Lot_01_0000648,increased_dwell_to_make_energy_feasible,2.027,7.711,1.1683333333333334
Parking_Lot_01,11D_SYN_Parking_Lot_01_0000660,increased_dwell_to_make_energy_feasible,4.244,11.324,1.7157575757575758
Parking_Lot_01,11D_SYN_Parking_Lot_01_0000662,increased_dwell_to_make_energy_feasible,1.87,9.426391875744937,1.4282411932946875
Parking_Lot_01,11D_SYN_Parking_Lot_01_0000671,increased_dwell_to_make_energy_feasible,13.224,23.657,3.5843939393939395
Parking_Lot_01,11D_SYN_Parking_Lot_01_0000674,increased_dwell_to_make_energy_feasible,13.893,11.909,1.8043939393939397
Parking_Lot_01,11D_SYN_Parking_Lot_01_0000685,increased_dwell_to_make_energy_feasible,5.431,14.342989844684718,2.1731802794976844
Parking_Lot_01,11D_SYN_Parking_Lot_01_0000696,increased_dwell_to_make_energy_feasible,10.835,13.561,2.0546969696969697
Parking_Lot_01,11D_SYN_Parking_Lot_01_0000708,increased_dwell_to_make_energy_feasible,8.239,8.131,1.2319696969696972
Parking_Lot_01,11D_SYN_Parking_Lot_01_0000710,increased_dwell_to_make_energy_feasible,1.42,2.697,0.4086363636363637
Parking_Lot_01,11D_SYN_Parking_Lot_01_0000711,increased_dwell_to_make_energy_feasible,8.193,11.232,1.701818181818182
Parking_Lot_01,11D_SYN_Parking_Lot_01_0000714,increased_dwell_to_make_energy_feasible,0.987,5.26,0.796969696969697
Parking_Lot_01,11D_SYN_Parking_Lot_01_0000715,increased_dwell_to_make_energy_feasible,6.745,12.092,1.8321212121212123
Parking_Lot_01,11D_SYN_Parking_Lot_01_0000722,increased_dwell_to_make_energy_feasible,14.013,15.171,2.298636363636364
Parking_Lot_01,11D_SYN_Parking_Lot_01_0000728,increased_dwell_to_make_energy_feasible,10.298,6.378,0.9663636363636364
Parking_Lot_01,11D_SYN_Parking_Lot_01_0000747,increased_dwell_to_make_energy_feasible,8.872,6.525,0.9886363636363638
Parking_Lot_01,11D_SYN_Parking_Lot_01_0000750,increased_dwell_to_make_energy_feasible,9.885,11.83178464754735,1.7926946435677804
Parking_Lot_01,11D_SYN_Parking_Lot_01_0000767,increased_dwell_to_make_energy_feasible,5.884,12.488,1.892121212121212
Parking_Lot_01,11D_SYN_Parking_Lot_01_0000772,increased_dwell_to_make_energy_feasible,8.16,15.377749402624191,2.329962030700635
Parking_Lot_01,11D_SYN_Parking_Lot_01_0000776,increased_dwell_to_make_energy_feasible,12.155,17.397,2.6359090909090908
Parking_Lot_01,11D_SYN_Parking_Lot_01_0000788,increased_dwell_to_make_energy_feasible,13.353,13.899,2.105909090909091
Parking_Lot_01,11D_SYN_Parking_Lot_01_0000790,increased_dwell_to_make_energy_feasible,5.477,15.846034946245885,2.400914385794831
Parking_Lot_01,11D_SYN_Parking_Lot_01_0000793,increased_dwell_to_make_energy_feasible,8.083,13.29,2.0136363636363637
Parking_Lot_01,11D_SYN_Parking_Lot_01_0000801,increased_dwell_to_make_energy_feasible,12.992,10.339,1.5665151515151516
Parking_Lot_01,11D_SYN_Parking_Lot_01_0000807,increased_dwell_to_make_energy_feasible,11.739,3.488,0.5284848484848486
Parking_Lot_01,11D_SYN_Parking_Lot_01_0000810,increased_dwell_to_make_energy_feasible,2.29,6.789,1.0286363636363636
Parking_Lot_01,11D_SYN_Parking_Lot_01_0000812,removed_infeasible_after_horizon_clip,0.01,0.0,-19.116944444444446
Parking_Lot_01,11D_SYN_Parking_Lot_01_0000812,removed_infeasible_after_horizon_clip,0.01,0.0,-1.7213888888888889
Parking_Lot_01,11D_SYN_Parking_Lot_01_0000812,removed_infeasible_after_horizon_clip,0.01,0.0,-15.012222222222222
Parking_Lot_01,11D_SYN_Parking_Lot_01_0000812,removed_infeasible_after_horizon_clip,0.01,0.0,-15.99638888888889
Parking_Lot_01,11D_SYN_Parking_Lot_01_0000812,removed_infeasible_after_horizon_clip,0.01,0.0,-13.879722222222222
Parking_Lot_01,11D_SYN_Parking_Lot_01_0000812,removed_infeasible_after_horizon_clip,0.01,0.0,-22.523055555555555
Parking_Lot_01,11D_SYN_Parking_Lot_01_0000812,removed_infeasible_after_horizon_clip,0.01,0.0,-0.2602777777777778
Parking_Lot_01,11D_SYN_Parking_Lot_01_0000812,removed_infeasible_after_horizon_clip,0.01,0.0,-19.789444444444445
Parking_Lot_01,11D_SYN_Parking_Lot_01_0000812,removed_infeasible_after_horizon_clip,0.01,0.0,-0.3425
Parking_Lot_01,11D_SYN_Parking_Lot_01_0000812,removed_infeasible_after_horizon_clip,0.01,0.0,-18.25
Parking_Lot_01,11D_SYN_Parking_Lot_01_0000812,removed_infeasible_after_horizon_clip,0.01,0.0,-14.7125
Parking_Lot_01,11D_SYN_Parking_Lot_01_0000812,removed_infeasible_after_horizon_clip,0.01,0.0,-15.596666666666666
Parking_Lot_01,11D_SYN_Parking_Lot_01_0000812,removed_infeasible_after_horizon_clip,0.01,0.0,-17.964444444444446
S_Wilson_Garage_01,11D_SYN_S_Wilson_Garage_01_0000002,removed_infeasible_after_horizon_clip,11.946,0.0,1.8380555555555556
S_Wilson_Garage_01,11D_SYN_S_Wilson_Garage_01_0000004,removed_infeasible_after_horizon_clip,9.692,0.0,7.4319444444444445
S_Wilson_Garage_01,11D_SYN_S_Wilson_Garage_01_0000005,removed_infeasible_after_horizon_clip,9.961,0.0,3.9252777777777776
S_Wilson_Garage_01,11D_SYN_S_Wilson_Garage_01_0000005,removed_infeasible_after_horizon_clip,13.895,0.0,4.075833333333334
S_Wilson_Garage_01,11D_SYN_S_Wilson_Garage_01_0000005,removed_infeasible_after_horizon_clip,1.892,0.0,0.9197222222222222
S_Wilson_Garage_01,11D_SYN_S_Wilson_Garage_01_0000005,removed_infeasible_after_horizon_clip,13.986,0.0,2.119090909090909
S_Wilson_Garage_01,11D_SYN_S_Wilson_Garage_01_0000005,removed_infeasible_after_horizon_clip,9.354893966546106,0.0,1.41740817674941
S_Wilson_Garage_01,11D_SYN_S_Wilson_Garage_01_0000006,removed_infeasible_after_horizon_clip,13.228,0.0,8.449444444444444
S_Wilson_Garage_01,11D_SYN_S_Wilson_Garage_01_0000006,removed_infeasible_after_horizon_clip,6.209,0.0,4.313888888888889
S_Wilson_Garage_01,11D_SYN_S_Wilson_Garage_01_0000006,removed_infeasible_after_horizon_clip,12.886,0.0,1.9524242424242424
S_Wilson_Garage_01,11D_SYN_S_Wilson_Garage_01_0000006,removed_infeasible_after_horizon_clip,16.297,0.0,2.4692424242424247
S_Wilson_Garage_01,11D_SYN_S_Wilson_Garage_01_0000006,increased_dwell_to_make_energy_feasible,5.69,9.807,1.485909090909091
S_Wilson_Garage_01,11D_SYN_S_Wilson_Garage_01_0000020,increased_dwell_to_make_energy_feasible,5.028,11.213,1.698939393939394
S_Wilson_Garage_01,11D_SYN_S_Wilson_Garage_01_0000022,increased_dwell_to_make_energy_feasible,10.979,11.347,1.7192424242424242
S_Wilson_Garage_01,11D_SYN_S_Wilson_Garage_01_0000023,increased_dwell_to_make_energy_feasible,2.885,9.157,1.3874242424242424
S_Wilson_Garage_01,11D_SYN_S_Wilson_Garage_01_0000025,increased_dwell_to_make_energy_feasible,12.799,7.4257437275968465,1.1251126859995222
S_Wilson_Garage_01,11D_SYN_S_Wilson_Garage_01_0000034,increased_dwell_to_make_energy_feasible,10.551,10.884,1.6490909090909092
S_Wilson_Garage_01,11D_SYN_S_Wilson_Garage_01_0000035,increased_dwell_to_make_energy_feasible,6.63,39.935,6.050757575757577
S_Wilson_Garage_01,11D_SYN_S_Wilson_Garage_01_0000045,increased_dwell_to_make_energy_feasible,6.519956690560155,14.067258333333337,2.131402777777778
S_Wilson_Garage_01,11D_SYN_S_Wilson_Garage_01_0000049,increased_dwell_to_make_energy_feasible,4.799,13.953,2.1140909090909092
S_Wilson_Garage_01,11D_SYN_S_Wilson_Garage_01_0000054,increased_dwell_to_make_energy_feasible,13.204,7.243,1.0974242424242426
S_Wilson_Garage_01,11D_SYN_S_Wilson_Garage_01_0000057,increased_dwell_to_make_energy_feasible,5.906,13.193,1.998939393939394
S_Wilson_Garage_01,11D_SYN_S_Wilson_Garage_01_0000058,increased_dwell_to_make_energy_feasible,13.882,2.563,0.38833333333333336
S_Wilson_Garage_01,11D_SYN_S_Wilson_Garage_01_0000063,increased_dwell_to_make_energy_feasible,12.869,13.257,2.0086363636363638
S_Wilson_Garage_01,11D_SYN_S_Wilson_Garage_01_0000071,increased_dwell_to_make_energy_feasible,13.04,13.187,1.998030303030303
S_Wilson_Garage_01,11D_SYN_S_Wilson_Garage_01_0000080,increased_dwell_to_make_energy_feasible,42.066,16.507,2.5010606060606064
S_Wilson_Garage_01,11D_SYN_S_Wilson_Garage_01_0000081,increased_dwell_to_make_energy_feasible,1.024,6.799,1.0301515151515153
S_Wilson_Garage_01,11D_SYN_S_Wilson_Garage_01_0000090,increased_dwell_to_make_energy_feasible,0.895,6.604,1.0006060606060607
S_Wilson_Garage_01,11D_SYN_S_Wilson_Garage_01_0000099,increased_dwell_to_make_energy_feasible,1.193,7.465,1.131060606060606
S_Wilson_Garage_01,11D_SYN_S_Wilson_Garage_01_0000101,increased_dwell_to_make_energy_feasible,5.023,6.654,1.0081818181818183
S_Wilson_Garage_01,11D_SYN_S_Wilson_Garage_01_0000105,increased_dwell_to_make_energy_feasible,12.53600806451461,12.628,1.9133333333333336
S_Wilson_Garage_01,11D_SYN_S_Wilson_Garage_01_0000117,increased_dwell_to_make_energy_feasible,3.567,11.822,1.7912121212121213
S_Wilson_Garage_01,11D_SYN_S_Wilson_Garage_01_0000121,increased_dwell_to_make_energy_feasible,5.742,8.832,1.3381818181818184
S_Wilson_Garage_01,11D_SYN_S_Wilson_Garage_01_0000125,increased_dwell_to_make_energy_feasible,0.712,13.478,2.042121212121212
S_Wilson_Garage_01,11D_SYN_S_Wilson_Garage_01_0000129,increased_dwell_to_make_energy_feasible,13.98,13.894,2.1051515151515154
S_Wilson_Garage_01,11D_SYN_S_Wilson_Garage_01_0000133,increased_dwell_to_make_energy_feasible,3.14,13.915,2.1083333333333334
S_Wilson_Garage_01,11D_SYN_S_Wilson_Garage_01_0000134,increased_dwell_to_make_energy_feasible,3.695,33.381,5.057727272727273
S_Wilson_Garage_01,11D_SYN_S_Wilson_Garage_01_0000135,increased_dwell_to_make_energy_feasible,6.695,13.903,2.106515151515152
S_Wilson_Garage_01,11D_SYN_S_Wilson_Garage_01_0000138,increased_dwell_to_make_energy_feasible,9.022,13.266,2.0100000000000002
S_Wilson_Garage_01,11D_SYN_S_Wilson_Garage_01_0000143,increased_dwell_to_make_energy_feasible,10.725,13.872,2.101818181818182
S_Wilson_Garage_01,11D_SYN_S_Wilson_Garage_01_0000144,increased_dwell_to_make_energy_feasible,17.338,13.898,2.105757575757576
S_Wilson_Garage_01,11D_SYN_S_Wilson_Garage_01_0000148,increased_dwell_to_make_energy_feasible,13.252,14.039,2.1271212121212124
S_Wilson_Garage_01,11D_SYN_S_Wilson_Garage_01_0000155,increased_dwell_to_make_energy_feasible,17.25,8.19,1.240909090909091
S_Wilson_Garage_01,11D_SYN_S_Wilson_Garage_01_0000164,increased_dwell_to_make_energy_feasible,15.961,14.554,2.2051515151515155
S_Wilson_Garage_01,11D_SYN_S_Wilson_Garage_01_0000170,increased_dwell_to_make_energy_feasible,6.476,9.569,1.4498484848484852
S_Wilson_Garage_01,11D_SYN_S_Wilson_Garage_01_0000171,increased_dwell_to_make_energy_feasible,14.478,13.874,2.1021212121212125
S_Wilson_Garage_01,11D_SYN_S_Wilson_Garage_01_0000182,increased_dwell_to_make_energy_feasible,3.0763545400230985,6.598,0.9996969696969698
S_Wilson_Garage_01,11D_SYN_S_Wilson_Garage_01_0000184,increased_dwell_to_make_energy_feasible,2.69,10.526,1.594848484848485
S_Wilson_Garage_01,11D_SYN_S_Wilson_Garage_01_0000185,increased_dwell_to_make_energy_feasible,2.356,3.658,0.5542424242424243
S_Wilson_Garage_01,11D_SYN_S_Wilson_Garage_01_0000192,increased_dwell_to_make_energy_feasible,3.932,10.154,1.5384848484848486
S_Wilson_Garage_01,11D_SYN_S_Wilson_Garage_01_0000197,increased_dwell_to_make_energy_feasible,10.879,4.306,0.6524242424242425
S_Wilson_Garage_01,11D_SYN_S_Wilson_Garage_01_0000198,increased_dwell_to_make_energy_feasible,5.133,7.168,1.0860606060606062
S_Wilson_Garage_01,11D_SYN_S_Wilson_Garage_01_0000206,increased_dwell_to_make_energy_feasible,7.29,41.911,6.3501515151515155
S_Wilson_Garage_01,11D_SYN_S_Wilson_Garage_01_0000207,increased_dwell_to_make_energy_feasible,2.268,7.395,1.1204545454545454
S_Wilson_Garage_01,11D_SYN_S_Wilson_Garage_01_0000213,increased_dwell_to_make_energy_feasible,1.164,10.543,1.5974242424242424
S_Wilson_Garage_01,11D_SYN_S_Wilson_Garage_01_0000215,increased_dwell_to_make_energy_feasible,17.927,13.419,2.033181818181818
S_Wilson_Garage_01,11D_SYN_S_Wilson_Garage_01_0000220,increased_dwell_to_make_energy_feasible,7.317,6.625,1.003787878787879
S_Wilson_Garage_01,11D_SYN_S_Wilson_Garage_01_0000222,increased_dwell_to_make_energy_feasible,6.457,16.085,2.4371212121212125
S_Wilson_Garage_01,11D_SYN_S_Wilson_Garage_01_0000228,increased_dwell_to_make_energy_feasible,3.583,13.934760277777777,2.111327314814815
S_Wilson_Garage_01,11D_SYN_S_Wilson_Garage_01_0000231,increased_dwell_to_make_energy_feasible,14.054,11.653,1.7656060606060608
S_Wilson_Garage_01,11D_SYN_S_Wilson_Garage_01_0000235,increased_dwell_to_make_energy_feasible,4.684,3.78,0.5727272727272728
S_Wilson_Garage_01,11D_SYN_S_Wilson_Garage_01_0000246,increased_dwell_to_make_energy_feasible,7.606,13.191,1.9986363636363638
S_Wilson_Garage_01,11D_SYN_S_Wilson_Garage_01_0000247,increased_dwell_to_make_energy_feasible,6.275,2.732,0.413939393939394
S_Wilson_Garage_01,11D_SYN_S_Wilson_Garage_01_0000248,increased_dwell_to_make_energy_feasible,1.538,7.853,1.189848484848485
S_Wilson_Garage_01,11D_SYN_S_Wilson_Garage_01_0000257,increased_dwell_to_make_energy_feasible,5.957,6.827,1.0343939393939394
S_Wilson_Garage_01,11D_SYN_S_Wilson_Garage_01_0000259,increased_dwell_to_make_energy_feasible,3.754,17.927,2.7162121212121213
S_Wilson_Garage_01,11D_SYN_S_Wilson_Garage_01_0000260,increased_dwell_to_make_energy_feasible,1.516,4.245572222222222,0.6432685185185185
S_Wilson_Garage_01,11D_SYN_S_Wilson_Garage_01_0000261,increased_dwell_to_make_energy_feasible,2.704,42.98,6.512121212121212
S_Wilson_Garage_01,11D_SYN_S_Wilson_Garage_01_0000262,increased_dwell_to_make_energy_feasible,6.323,14.018,2.123939393939394
S_Wilson_Garage_01,11D_SYN_S_Wilson_Garage_01_0000272,increased_dwell_to_make_energy_feasible,4.861,9.635,1.459848484848485
S_Wilson_Garage_01,11D_SYN_S_Wilson_Garage_01_0000276,increased_dwell_to_make_energy_feasible,0.717,13.266,2.0100000000000002
S_Wilson_Garage_01,11D_SYN_S_Wilson_Garage_01_0000278,increased_dwell_to_make_energy_feasible,8.624,13.944,2.112727272727273
S_Wilson_Garage_01,11D_SYN_S_Wilson_Garage_01_0000279,increased_dwell_to_make_energy_feasible,16.549,7.926,1.200909090909091
S_Wilson_Garage_01,11D_SYN_S_Wilson_Garage_01_0000286,increased_dwell_to_make_energy_feasible,3.214,5.27,0.7984848484848485
S_Wilson_Garage_01,11D_SYN_S_Wilson_Garage_01_0000287,increased_dwell_to_make_energy_feasible,4.643,6.611,1.0016666666666667
S_Wilson_Garage_01,11D_SYN_S_Wilson_Garage_01_0000288,increased_dwell_to_make_energy_feasible,13.879,13.898,2.105757575757576
S_Wilson_Garage_01,11D_SYN_S_Wilson_Garage_01_0000292,increased_dwell_to_make_energy_feasible,8.941,13.2,2.0
S_Wilson_Garage_01,11D_SYN_S_Wilson_Garage_01_0000296,increased_dwell_to_make_energy_feasible,13.99,13.244,2.006666666666667
S_Wilson_Garage_01,11D_SYN_S_Wilson_Garage_01_0000303,increased_dwell_to_make_energy_feasible,21.71,13.887,2.1040909090909095
S_Wilson_Garage_01,11D_SYN_S_Wilson_Garage_01_0000306,increased_dwell_to_make_energy_feasible,6.5,4.77,0.7227272727272727
S_Wilson_Garage_01,11D_SYN_S_Wilson_Garage_01_0000307,increased_dwell_to_make_energy_feasible,13.896,6.6,1.0
S_Wilson_Garage_01,11D_SYN_S_Wilson_Garage_01_0000308,increased_dwell_to_make_energy_feasible,13.905,2.33,0.3530303030303031
S_Wilson_Garage_01,11D_SYN_S_Wilson_Garage_01_0000311,increased_dwell_to_make_energy_feasible,14.142,8.995,1.3628787878787878
S_Wilson_Garage_01,11D_SYN_S_Wilson_Garage_01_0000318,increased_dwell_to_make_energy_feasible,9.262,34.508,5.228484848484849
S_Wilson_Garage_01,11D_SYN_S_Wilson_Garage_01_0000325,increased_dwell_to_make_energy_feasible,6.637,12.471,1.8895454545454546
S_Wilson_Garage_01,11D_SYN_S_Wilson_Garage_01_0000330,increased_dwell_to_make_energy_feasible,13.373,6.61,1.0015151515151517
S_Wilson_Garage_01,11D_SYN_S_Wilson_Garage_01_0000338,increased_dwell_to_make_energy_feasible,6.272,13.77,2.0863636363636364
S_Wilson_Garage_01,11D_SYN_S_Wilson_Garage_01_0000346,increased_dwell_to_make_energy_feasible,5.025,10.735,1.6265151515151515
S_Wilson_Garage_01,11D_SYN_S_Wilson_Garage_01_0000353,increased_dwell_to_make_energy_feasible,13.909,7.156,1.0842424242424242
S_Wilson_Garage_01,11D_SYN_S_Wilson_Garage_01_0000357,increased_dwell_to_make_energy_feasible,1.413,5.169454898446871,0.7832507421889199
S_Wilson_Garage_01,11D_SYN_S_Wilson_Garage_01_0000363,increased_dwell_to_make_energy_feasible,13.376,13.912,2.107878787878788
S_Wilson_Garage_01,11D_SYN_S_Wilson_Garage_01_0000366,increased_dwell_to_make_energy_feasible,7.671,8.394,1.271818181818182
S_Wilson_Garage_01,11D_SYN_S_Wilson_Garage_01_0000369,increased_dwell_to_make_energy_feasible,13.884,2.274,0.34454545454545454
S_Wilson_Garage_01,11D_SYN_S_Wilson_Garage_01_0000370,increased_dwell_to_make_energy_feasible,6.042,13.92,2.1090909090909093
S_Wilson_Garage_01,11D_SYN_S_Wilson_Garage_01_0000371,increased_dwell_to_make_energy_feasible,33.485,8.879,1.3453030303030302
S_Wilson_Garage_01,11D_SYN_S_Wilson_Garage_01_0000372,increased_dwell_to_make_energy_feasible,13.292,13.972,2.116969696969697
S_Wilson_Garage_01,11D_SYN_S_Wilson_Garage_01_0000376,increased_dwell_to_make_energy_feasible,11.847,11.250925925924747,1.7046857463522345
S_Wilson_Garage_01,11D_SYN_S_Wilson_Garage_01_0000378,increased_dwell_to_make_energy_feasible,7.29,13.862,2.1003030303030306
S_Wilson_Garage_01,11D_SYN_S_Wilson_Garage_01_0000382,increased_dwell_to_make_energy_feasible,13.828,11.007,1.6677272727272727
S_Wilson_Garage_01,11D_SYN_S_Wilson_Garage_01_0000386,increased_dwell_to_make_energy_feasible,5.478,13.873,2.101969696969697
S_Wilson_Garage_01,11D_SYN_S_Wilson_Garage_01_0000396,increased_dwell_to_make_energy_feasible,5.073,1.462,0.22151515151515153
S_Wilson_Garage_01,11D_SYN_S_Wilson_Garage_01_0000398,increased_dwell_to_make_energy_feasible,4.198,13.471,2.041060606060606
S_Wilson_Garage_01,11D_SYN_S_Wilson_Garage_01_0000404,increased_dwell_to_make_energy_feasible,7.228,4.234,0.6415151515151516
S_Wilson_Garage_01,11D_SYN_S_Wilson_Garage_01_0000409,increased_dwell_to_make_energy_feasible,2.102,39.935,6.050757575757577
S_Wilson_Garage_01,11D_SYN_S_Wilson_Garage_01_0000421,increased_dwell_to_make_energy_feasible,0.92,25.422,3.851818181818182
S_Wilson_Garage_01,11D_SYN_S_Wilson_Garage_01_0000422,increased_dwell_to_make_energy_feasible,16.274,13.929,2.110454545454546
S_Wilson_Garage_01,11D_SYN_S_Wilson_Garage_01_0000424,increased_dwell_to_make_energy_feasible,16.632365591395832,7.742,1.173030303030303
S_Wilson_Garage_01,11D_SYN_S_Wilson_Garage_01_0000425,increased_dwell_to_make_energy_feasible,8.50412933094215,13.894,2.1051515151515154
S_Wilson_Garage_01,11D_SYN_S_Wilson_Garage_01_0000426,increased_dwell_to_make_energy_feasible,13.893,14.486,2.1948484848484853
S_Wilson_Garage_01,11D_SYN_S_Wilson_Garage_01_0000429,increased_dwell_to_make_energy_feasible,1.62,12.117,1.8359090909090912
S_Wilson_Garage_01,11D_SYN_S_Wilson_Garage_01_0000432,increased_dwell_to_make_energy_feasible,13.9,13.724,2.0793939393939396
S_Wilson_Garage_01,11D_SYN_S_Wilson_Garage_01_0000433,increased_dwell_to_make_energy_feasible,9.961,13.891,2.10469696969697
S_Wilson_Garage_01,11D_SYN_S_Wilson_Garage_01_0000441,increased_dwell_to_make_energy_feasible,7.317,14.016,2.1236363636363635
S_Wilson_Garage_01,11D_SYN_S_Wilson_Garage_01_0000449,increased_dwell_to_make_energy_feasible,3.2032482078848,10.34,1.5666666666666667
S_Wilson_Garage_01,11D_SYN_S_Wilson_Garage_01_0000451,increased_dwell_to_make_energy_feasible,6.961,13.234,2.0051515151515154
S_Wilson_Garage_01,11D_SYN_S_Wilson_Garage_01_0000482,increased_dwell_to_make_energy_feasible,5.921,49.879,7.557424242424243
S_Wilson_Garage_01,11D_SYN_S_Wilson_Garage_01_0000485,increased_dwell_to_make_energy_feasible,13.224,10.421,1.5789393939393939
S_Wilson_Garage_01,11D_SYN_S_Wilson_Garage_01_0000486,increased_dwell_to_make_energy_feasible,8.693,13.237,2.005606060606061
S_Wilson_Garage_01,11D_SYN_S_Wilson_Garage_01_0000492,increased_dwell_to_make_energy_feasible,10.697,5.058,0.7663636363636364
S_Wilson_Garage_01,11D_SYN_S_Wilson_Garage_01_0000500,increased_dwell_to_make_energy_feasible,6.904,8.67,1.3136363636363637
S_Wilson_Garage_01,11D_SYN_S_Wilson_Garage_01_0000502,increased_dwell_to_make_energy_feasible,6.538,13.913,2.1080303030303034
S_Wilson_Garage_01,11D_SYN_S_Wilson_Garage_01_0000506,increased_dwell_to_make_energy_feasible,6.218,13.874,2.1021212121212125
S_Wilson_Garage_01,11D_SYN_S_Wilson_Garage_01_0000507,increased_dwell_to_make_energy_feasible,1.608,14.002,2.1215151515151516
S_Wilson_Garage_01,11D_SYN_S_Wilson_Garage_01_0000508,increased_dwell_to_make_energy_feasible,4.426,6.54,0.990909090909091
S_Wilson_Garage_01,11D_SYN_S_Wilson_Garage_01_0000512,increased_dwell_to_make_energy_feasible,6.685,13.88,2.1030303030303035
S_Wilson_Garage_01,11D_SYN_S_Wilson_Garage_01_0000513,increased_dwell_to_make_energy_feasible,3.128,13.879,2.102878787878788
S_Wilson_Garage_01,11D_SYN_S_Wilson_Garage_01_0000520,increased_dwell_to_make_energy_feasible,3.2,7.057,1.0692424242424243
S_Wilson_Garage_01,11D_SYN_S_Wilson_Garage_01_0000523,increased_dwell_to_make_energy_feasible,1.682,14.798,2.242121212121212
S_Wilson_Garage_01,11D_SYN_S_Wilson_Garage_01_0000526,increased_dwell_to_make_energy_feasible,4.799,6.585,0.9977272727272728
S_Wilson_Garage_01,11D_SYN_S_Wilson_Garage_01_0000531,increased_dwell_to_make_energy_feasible,2.249,13.157,1.9934848484848486
S_Wilson_Garage_01,11D_SYN_S_Wilson_Garage_01_0000537,increased_dwell_to_make_energy_feasible,5.98,4.116,0.6236363636363637
S_Wilson_Garage_01,11D_SYN_S_Wilson_Garage_01_0000538,increased_dwell_to_make_energy_feasible,2.773,3.381,0.5122727272727272
S_Wilson_Garage_01,11D_SYN_S_Wilson_Garage_01_0000550,increased_dwell_to_make_energy_feasible,13.902,13.983,2.1186363636363637
S_Wilson_Garage_01,11D_SYN_S_Wilson_Garage_01_0000551,increased_dwell_to_make_energy_feasible,3.286,6.066,0.9190909090909091
S_Wilson_Garage_01,11D_SYN_S_Wilson_Garage_01_0000556,increased_dwell_to_make_energy_feasible,2.102,2.673,0.405
S_Wilson_Garage_01,11D_SYN_S_Wilson_Garage_01_0000557,increased_dwell_to_make_energy_feasible,11.386,11.314,1.7142424242424243
S_Wilson_Garage_01,11D_SYN_S_Wilson_Garage_01_0000563,increased_dwell_to_make_energy_feasible,7.092086320191269,7.281,1.1031818181818183
S_Wilson_Garage_01,11D_SYN_S_Wilson_Garage_01_0000565,increased_dwell_to_make_energy_feasible,1.005,4.352,0.6593939393939395
S_Wilson_Garage_01,11D_SYN_S_Wilson_Garage_01_0000568,increased_dwell_to_make_energy_feasible,4.568,13.72,2.078787878787879
S_Wilson_Garage_01,11D_SYN_S_Wilson_Garage_01_0000576,increased_dwell_to_make_energy_feasible,0.519,13.887,2.1040909090909095
S_Wilson_Garage_01,11D_SYN_S_Wilson_Garage_01_0000585,increased_dwell_to_make_energy_feasible,13.927,13.934,2.1112121212121213
S_Wilson_Garage_01,11D_SYN_S_Wilson_Garage_01_0000590,increased_dwell_to_make_energy_feasible,1.705,13.223,2.003484848484849
S_Wilson_Garage_01,11D_SYN_S_Wilson_Garage_01_0000593,increased_dwell_to_make_energy_feasible,10.46,29.831,4.5198484848484854
S_Wilson_Garage_01,11D_SYN_S_Wilson_Garage_01_0000606,increased_dwell_to_make_energy_feasible,6.0,13.891,2.10469696969697
S_Wilson_Garage_01,11D_SYN_S_Wilson_Garage_01_0000613,increased_dwell_to_make_energy_feasible,13.54,12.729,1.9286363636363637
S_Wilson_Garage_01,11D_SYN_S_Wilson_Garage_01_0000637,increased_dwell_to_make_energy_feasible,6.163,9.930216547191304,1.5045782647259551
S_Wilson_Garage_01,11D_SYN_S_Wilson_Garage_01_0000639,increased_dwell_to_make_energy_feasible,2.342,9.345,1.415909090909091
S_Wilson_Garage_01,11D_SYN_S_Wilson_Garage_01_0000645,increased_dwell_to_make_energy_feasible,4.775,13.895,2.1053030303030305
S_Wilson_Garage_01,11D_SYN_S_Wilson_Garage_01_0000672,increased_dwell_to_make_energy_feasible,13.433,9.618,1.4572727272727275
S_Wilson_Garage_01,11D_SYN_S_Wilson_Garage_01_0000674,increased_dwell_to_make_energy_feasible,13.212,16.727,2.5343939393939396
S_Wilson_Garage_01,11D_SYN_S_Wilson_Garage_01_0000676,increased_dwell_to_make_energy_feasible,6.275,8.894,1.3475757575757576
S_Wilson_Garage_01,11D_SYN_S_Wilson_Garage_01_0000678,increased_dwell_to_make_energy_feasible,1.905,6.555,0.9931818181818182
S_Wilson_Garage_01,11D_SYN_S_Wilson_Garage_01_0000680,increased_dwell_to_make_energy_feasible,8.454307048982633,13.874,2.1021212121212125
S_Wilson_Garage_01,11D_SYN_S_Wilson_Garage_01_0000685,increased_dwell_to_make_energy_feasible,2.65,13.233,2.0050000000000003
S_Wilson_Garage_01,11D_SYN_S_Wilson_Garage_01_0000694,increased_dwell_to_make_energy_feasible,5.718,12.377,1.8753030303030305
S_Wilson_Garage_01,11D_SYN_S_Wilson_Garage_01_0000698,increased_dwell_to_make_energy_feasible,5.575,3.026,0.4584848484848485
S_Wilson_Garage_01,11D_SYN_S_Wilson_Garage_01_0000704,increased_dwell_to_make_energy_feasible,6.632,14.237320788527692,2.1571698164435897
S_Wilson_Garage_01,11D_SYN_S_Wilson_Garage_01_0000705,increased_dwell_to_make_energy_feasible,11.052,8.183,1.239848484848485
S_Wilson_Garage_01,11D_SYN_S_Wilson_Garage_01_0000711,increased_dwell_to_make_energy_feasible,7.017,13.91,2.107575757575758
S_Wilson_Garage_01,11D_SYN_S_Wilson_Garage_01_0000713,increased_dwell_to_make_energy_feasible,14.064,15.659,2.372575757575758
S_Wilson_Garage_01,11D_SYN_S_Wilson_Garage_01_0000714,increased_dwell_to_make_energy_feasible,1.822,12.53600806451461,1.8993951612900923
S_Wilson_Garage_01,11D_SYN_S_Wilson_Garage_01_0000747,increased_dwell_to_make_energy_feasible,9.675,8.657,1.3116666666666668
S_Wilson_Garage_01,11D_SYN_S_Wilson_Garage_01_0000751,increased_dwell_to_make_energy_feasible,8.143,9.25,1.4015151515151516
S_Wilson_Garage_01,11D_SYN_S_Wilson_Garage_01_0000754,increased_dwell_to_make_energy_feasible,8.612,10.035,1.5204545454545455
S_Wilson_Garage_01,11D_SYN_S_Wilson_Garage_01_0000759,increased_dwell_to_make_energy_feasible,13.901,5.396,0.8175757575757576
S_Wilson_Garage_01,11D_SYN_S_Wilson_Garage_01_0000762,increased_dwell_to_make_energy_feasible,2.568,2.409,0.365
S_Wilson_Garage_01,11D_SYN_S_Wilson_Garage_01_0000764,increased_dwell_to_make_energy_feasible,0.867,8.199,1.2422727272727274
S_Wilson_Garage_01,11D_SYN_S_Wilson_Garage_01_0000766,increased_dwell_to_make_energy_feasible,5.242589605733806,24.198,3.6663636363636365
S_Wilson_Garage_01,11D_SYN_S_Wilson_Garage_01_0000775,increased_dwell_to_make_energy_feasible,1.334,13.87,2.1015151515151516
S_Wilson_Garage_01,11D_SYN_S_Wilson_Garage_01_0000777,increased_dwell_to_make_energy_feasible,6.152,8.932,1.3533333333333335
S_Wilson_Garage_01,11D_SYN_S_Wilson_Garage_01_0000780,increased_dwell_to_make_energy_feasible,8.540825866187602,5.786,0.8766666666666667
S_Wilson_Garage_01,11D_SYN_S_Wilson_Garage_01_0000786,increased_dwell_to_make_energy_feasible,14.97,13.914,2.1081818181818184
S_Wilson_Garage_01,11D_SYN_S_Wilson_Garage_01_0000788,increased_dwell_to_make_energy_feasible,6.15,13.585,2.0583333333333336
S_Wilson_Garage_01,11D_SYN_S_Wilson_Garage_01_0000811,increased_dwell_to_make_energy_feasible,21.669,13.942,2.1124242424242428
S_Wilson_Garage_01,11D_SYN_S_Wilson_Garage_01_0000814,increased_dwell_to_make_energy_feasible,9.242,12.247,1.8556060606060607
S_Wilson_Garage_01,11D_SYN_S_Wilson_Garage_01_0000815,increased_dwell_to_make_energy_feasible,4.447471624850433,10.112,1.5321212121212122
S_Wilson_Garage_01,11D_SYN_S_Wilson_Garage_01_0000818,increased_dwell_to_make_energy_feasible,3.145,36.19,5.483333333333333
S_Wilson_Garage_01,11D_SYN_S_Wilson_Garage_01_0000820,increased_dwell_to_make_energy_feasible,19.589,6.493,0.9837878787878789
S_Wilson_Garage_01,11D_SYN_S_Wilson_Garage_01_0000824,increased_dwell_to_make_energy_feasible,8.768,13.913,2.1080303030303034
S_Wilson_Garage_01,11D_SYN_S_Wilson_Garage_01_0000825,increased_dwell_to_make_energy_feasible,12.577,11.146,1.688787878787879
S_Wilson_Garage_01,11D_SYN_S_Wilson_Garage_01_0000827,increased_dwell_to_make_energy_feasible,11.853,11.181,1.694090909090909
S_Wilson_Garage_01,11D_SYN_S_Wilson_Garage_01_0000831,increased_dwell_to_make_energy_feasible,0.636,11.763,1.7822727272727275
S_Wilson_Garage_01,11D_SYN_S_Wilson_Garage_01_0000832,increased_dwell_to_make_energy_feasible,3.876,13.926,2.1100000000000003
S_Wilson_Garage_01,11D_SYN_S_Wilson_Garage_01_0000833,increased_dwell_to_make_energy_feasible,1.415,13.399,2.0301515151515153
S_Wilson_Garage_01,11D_SYN_S_Wilson_Garage_01_0000838,increased_dwell_to_make_energy_feasible,6.026,13.531,2.0501515151515153
S_Wilson_Garage_01,11D_SYN_S_Wilson_Garage_01_0000844,increased_dwell_to_make_energy_feasible,6.297,13.892,2.104848484848485
S_Wilson_Garage_01,11D_SYN_S_Wilson_Garage_01_0000851,increased_dwell_to_make_energy_feasible,2.739,7.999,1.211969696969697
S_Wilson_Garage_01,11D_SYN_S_Wilson_Garage_01_0000862,increased_dwell_to_make_energy_feasible,6.71,11.738,1.7784848484848486
S_Wilson_Garage_01,11D_SYN_S_Wilson_Garage_01_0000863,increased_dwell_to_make_energy_feasible,11.023,10.622,1.6093939393939394
S_Wilson_Garage_01,11D_SYN_S_Wilson_Garage_01_0000881,increased_dwell_to_make_energy_feasible,2.492,13.933,2.1110606060606063
S_Wilson_Garage_01,11D_SYN_S_Wilson_Garage_01_0000883,increased_dwell_to_make_energy_feasible,4.031,13.867,2.1010606060606065
S_Wilson_Garage_01,11D_SYN_S_Wilson_Garage_01_0000890,increased_dwell_to_make_energy_feasible,2.18,2.377,0.3601515151515151
S_Wilson_Garage_01,11D_SYN_S_Wilson_Garage_01_0000891,increased_dwell_to_make_energy_feasible,2.715,13.908,2.1072727272727274
S_Wilson_Garage_01,11D_SYN_S_Wilson_Garage_01_0000902,increased_dwell_to_make_energy_feasible,4.917,13.951,2.1137878787878788
S_Wilson_Garage_01,11D_SYN_S_Wilson_Garage_01_0000913,increased_dwell_to_make_energy_feasible,5.047,46.331,7.0198484848484854
S_Wilson_Garage_01,11D_SYN_S_Wilson_Garage_01_0000914,increased_dwell_to_make_energy_feasible,1.905,13.203,2.0004545454545455
S_Wilson_Garage_01,11D_SYN_S_Wilson_Garage_01_0000917,increased_dwell_to_make_energy_feasible,13.604,15.978,2.420909090909091
S_Wilson_Garage_01,11D_SYN_S_Wilson_Garage_01_0000918,increased_dwell_to_make_energy_feasible,5.888,21.853,3.3110606060606065
S_Wilson_Garage_01,11D_SYN_S_Wilson_Garage_01_0000926,increased_dwell_to_make_energy_feasible,5.832,13.951,2.1137878787878788
S_Wilson_Garage_01,11D_SYN_S_Wilson_Garage_01_0000938,increased_dwell_to_make_energy_feasible,13.871,39.836,6.035757575757576
S_Wilson_Garage_01,11D_SYN_S_Wilson_Garage_01_0000942,increased_dwell_to_make_energy_feasible,6.0,6.704,1.0157575757575759
S_Wilson_Garage_01,11D_SYN_S_Wilson_Garage_01_0000951,increased_dwell_to_make_energy_feasible,16.232,10.69,1.6196969696969696
S_Wilson_Garage_01,11D_SYN_S_Wilson_Garage_01_0000961,increased_dwell_to_make_energy_feasible,3.353,11.398,1.726969696969697
S_Wilson_Garage_01,11D_SYN_S_Wilson_Garage_01_0000981,increased_dwell_to_make_energy_feasible,6.994,22.825,3.4583333333333335
S_Wilson_Garage_01,11D_SYN_S_Wilson_Garage_01_0000983,increased_dwell_to_make_energy_feasible,6.652,13.898,2.105757575757576
S_Wilson_Garage_01,11D_SYN_S_Wilson_Garage_01_0000984,increased_dwell_to_make_energy_feasible,5.218,7.289,1.1043939393939395
S_Wilson_Garage_01,11D_SYN_S_Wilson_Garage_01_0000987,increased_dwell_to_make_energy_feasible,10.179,17.498,2.6512121212121214
S_Wilson_Garage_01,11D_SYN_S_Wilson_Garage_01_0000995,increased_dwell_to_make_energy_feasible,17.318,10.201,1.5456060606060609
S_Wilson_Garage_01,11D_SYN_S_Wilson_Garage_01_0000996,increased_dwell_to_make_energy_feasible,13.9,10.838,1.642121212121212
S_Wilson_Garage_01,11D_SYN_S_Wilson_Garage_01_0001000,increased_dwell_to_make_energy_feasible,5.677,14.328,2.170909090909091
S_Wilson_Garage_01,11D_SYN_S_Wilson_Garage_01_0001016,increased_dwell_to_make_energy_feasible,3.5366344444444446,10.154,1.5384848484848486
S_Wilson_Garage_01,11D_SYN_S_Wilson_Garage_01_0001020,increased_dwell_to_make_energy_feasible,3.119,5.869,0.8892424242424243
S_Wilson_Garage_01,11D_SYN_S_Wilson_Garage_01_0001024,increased_dwell_to_make_energy_feasible,3.766,10.188,1.543636363636364
S_Wilson_Garage_01,11D_SYN_S_Wilson_Garage_01_0001025,increased_dwell_to_make_energy_feasible,6.81,28.545,4.325
S_Wilson_Garage_01,11D_SYN_S_Wilson_Garage_01_0001038,increased_dwell_to_make_energy_feasible,10.342,12.524,1.8975757575757575
S_Wilson_Garage_01,11D_SYN_S_Wilson_Garage_01_0001050,increased_dwell_to_make_energy_feasible,7.367,16.758,2.539090909090909
S_Wilson_Garage_01,11D_SYN_S_Wilson_Garage_01_0001071,increased_dwell_to_make_energy_feasible,4.123,5.399,0.8180303030303031
S_Wilson_Garage_01,11D_SYN_S_Wilson_Garage_01_0001073,increased_dwell_to_make_energy_feasible,10.351,13.357,2.023787878787879
S_Wilson_Garage_01,11D_SYN_S_Wilson_Garage_01_0001084,increased_dwell_to_make_energy_feasible,2.483,13.213,2.001969696969697
S_Wilson_Garage_01,11D_SYN_S_Wilson_Garage_01_0001092,increased_dwell_to_make_energy_feasible,13.208,9.271,1.40469696969697
S_Wilson_Garage_01,11D_SYN_S_Wilson_Garage_01_0001094,increased_dwell_to_make_energy_feasible,13.909,11.422,1.7306060606060607
S_Wilson_Garage_01,11D_SYN_S_Wilson_Garage_01_0001098,increased_dwell_to_make_energy_feasible,3.187,12.758,1.933030303030303
