timestamp,site_id,main_point_forecast_kw,peak_sensitive_point_forecast_kw,upper_forecast_kw,hybrid_signal_kw,capacity_scenario,strategy,scheduled_load_kw,site_capacity_kw,capacity_violation_kw,scheduled_load_kw_synthetic_empirical,scheduled_load_kw_real
2020-11-10 15:00:00+00:00,Arroyo_Garage_01,99.84316180009267,99.84316180009267,121.05957422691787,114.69465049887032,capacity_p95,uncontrolled,119.6001576186549,107.10902303058705,12.491134588067851,119.6001576186549,
2020-11-10 16:00:00+00:00,Arroyo_Garage_01,95.37068712192897,95.37068712192897,116.58709954875415,110.2221758207066,capacity_p95,uncontrolled,181.24409371562157,107.10902303058705,74.13507068503452,181.24409371562157,
2020-11-10 17:00:00+00:00,Arroyo_Garage_01,97.50980439824914,97.50980439824914,118.72621682507436,112.36129309702679,capacity_p95,uncontrolled,119.1291157553187,107.10902303058705,12.02009272473164,119.1291157553187,
2020-11-11 15:00:00+00:00,Arroyo_Garage_01,87.60661282495495,87.60661282495495,108.82302525178017,102.4581015237326,capacity_p95,uncontrolled,200.27224045848268,107.10902303058705,93.16321742789563,200.27224045848268,
2020-11-11 16:00:00+00:00,Arroyo_Garage_01,92.55787544788691,92.55787544788691,113.77428787471212,107.40936414666456,capacity_p95,uncontrolled,201.2820159422906,107.10902303058705,94.17299291170355,201.2820159422906,
2020-11-12 15:00:00+00:00,Arroyo_Garage_01,108.90923162132292,108.90923162132292,130.12564404814813,123.76072032010056,capacity_p95,uncontrolled,202.8263047618328,107.10902303058705,95.71728173124575,202.8263047618328,
2020-11-12 16:00:00+00:00,Arroyo_Garage_01,99.73606116314754,99.73606116314754,120.95247358997274,114.58754986192517,capacity_p95,uncontrolled,191.09306877101625,107.10902303058705,83.9840457404292,191.09306877101625,
2020-11-14 19:00:00+00:00,Arroyo_Garage_01,22.865506222757503,22.865506222757503,44.081918649582704,37.71699492153514,capacity_p95,uncontrolled,116.19102968036526,107.10902303058705,9.082006649778208,116.19102968036526,
2020-11-15 00:00:00+00:00,Arroyo_Garage_01,0.4369145761062454,0.4369145761062454,21.65332700293145,15.288403274883889,capacity_p95,uncontrolled,118.1487046450241,107.10902303058705,11.039681614437043,118.1487046450241,
2020-11-15 01:00:00+00:00,Arroyo_Garage_01,0.0036409394627184,0.0036409394627184,21.220053366287924,14.855129638240362,capacity_p95,uncontrolled,108.88544299269603,107.10902303058705,1.7764199621089745,108.88544299269603,
2020-11-16 15:00:00+00:00,Arroyo_Garage_01,89.14598539545342,89.14598539545342,110.36239782227862,103.99747409423107,capacity_p95,uncontrolled,158.95474486149683,107.10902303058705,51.84572183090978,158.95474486149683,
2020-11-16 16:00:00+00:00,Arroyo_Garage_01,93.93350264963962,93.93350264963962,115.14991507646482,108.78499134841725,capacity_p95,uncontrolled,132.0567879526692,107.10902303058705,24.947764922082143,132.0567879526692,
2020-11-17 15:00:00+00:00,Arroyo_Garage_01,90.2084654573265,90.2084654573265,111.4248778841517,105.05995415610413,capacity_p95,uncontrolled,173.80358846987804,107.10902303058705,66.69456543929098,173.80358846987804,
2020-11-18 16:00:00+00:00,Arroyo_Garage_01,80.58841732515012,80.58841732515012,101.80482975197532,95.43990602392775,capacity_p95,uncontrolled,146.36300240628813,107.10902303058705,39.25397937570108,146.36300240628813,
2020-11-24 14:00:00+00:00,Arroyo_Garage_01,52.91203180589397,52.91203180589397,74.12844423271918,67.76352050467162,capacity_p95,uncontrolled,118.84541858371273,107.10902303058705,11.736395553125675,118.84541858371273,
2020-11-24 15:00:00+00:00,Arroyo_Garage_01,78.91365682046352,78.91365682046352,100.13006924728872,93.76514551924114,capacity_p95,uncontrolled,165.29704760871445,107.10902303058705,58.1880245781274,165.29704760871445,
2020-11-24 16:00:00+00:00,Arroyo_Garage_01,86.09501529469833,86.09501529469833,107.31142772152351,100.94650399347596,capacity_p95,uncontrolled,165.06026855612632,107.10902303058705,57.951245525539264,165.06026855612632,
2020-11-24 17:00:00+00:00,Arroyo_Garage_01,91.64441060564742,91.64441060564742,112.86082303247262,106.49589930442505,capacity_p95,uncontrolled,109.43020286402293,107.10902303058705,2.3211798334358775,109.43020286402293,
2020-11-25 15:00:00+00:00,Arroyo_Garage_01,61.961865563862304,61.961865563862304,83.1782779906875,76.81335426263993,capacity_p95,uncontrolled,170.97908722194492,107.10902303058705,63.87006419135787,170.97908722194492,
2020-11-25 16:00:00+00:00,Arroyo_Garage_01,78.8229613996642,78.8229613996642,100.0393738264894,93.67445009844182,capacity_p95,uncontrolled,146.77996044501978,107.10902303058705,39.67093741443273,146.77996044501978,
2020-11-25 17:00:00+00:00,Arroyo_Garage_01,47.01998540576631,47.01998540576631,68.23639783259152,61.87147410454396,capacity_p95,uncontrolled,107.35668334638473,107.10902303058705,0.247660315797674,107.35668334638473,
2020-11-26 15:00:00+00:00,Arroyo_Garage_01,6.823413429649324,6.823413429649324,28.03982585647453,21.674902128426965,capacity_p95,uncontrolled,177.13173003261173,107.10902303058705,70.02270700202467,177.13173003261173,
2020-11-26 16:00:00+00:00,Arroyo_Garage_01,5.506995241223683,5.506995241223683,26.723407668048885,20.358483940001324,capacity_p95,uncontrolled,226.52997661415012,107.10902303058705,119.42095358356306,226.52997661415012,
2020-11-26 17:00:00+00:00,Arroyo_Garage_01,5.760404480933631,5.760404480933631,26.976816907758835,20.611893179711274,capacity_p95,uncontrolled,156.25640432283248,107.10902303058705,49.14738129224543,156.25640432283248,
2020-11-27 15:00:00+00:00,Arroyo_Garage_01,27.83464306217736,27.83464306217736,49.051055489002565,42.686131760955,capacity_p95,uncontrolled,217.74038564082318,107.10902303058705,110.63136261023612,217.74038564082318,
2020-11-27 16:00:00+00:00,Arroyo_Garage_01,27.127351109148243,27.127351109148243,48.34376353597345,41.97883980792588,capacity_p95,uncontrolled,243.35788108868672,107.10902303058705,136.24885805809967,243.35788108868672,
2020-11-27 17:00:00+00:00,Arroyo_Garage_01,18.51067952150552,18.51067952150552,39.72709194833072,33.36216822028315,capacity_p95,uncontrolled,131.49349999999995,107.10902303058705,24.3844769694129,131.49349999999995,
2020-11-30 15:00:00+00:00,Arroyo_Garage_01,65.93768200257242,65.93768200257242,87.15409442939762,80.78917070135005,capacity_p95,uncontrolled,119.66768966816605,107.10902303058705,12.558666637578995,119.66768966816605,
2020-11-30 16:00:00+00:00,Arroyo_Garage_01,81.94355431671235,81.94355431671235,103.15996674353757,96.79504301549,capacity_p95,uncontrolled,159.23171390939245,107.10902303058705,52.1226908788054,159.23171390939245,
2020-11-30 17:00:00+00:00,Arroyo_Garage_01,89.93105008829434,89.93105008829434,111.14746251511954,104.78253878707199,capacity_p95,uncontrolled,117.77863201911497,107.10902303058705,10.669608988527912,117.77863201911497,
2020-12-02 15:00:00+00:00,Arroyo_Garage_01,68.58617494360142,68.58617494360142,89.80258737042662,83.43766364237905,capacity_p95,uncontrolled,113.05716596262384,107.10902303058705,5.948142932036788,113.05716596262384,
2020-07-15 13:00:00+00:00,California_Garage_01,0.0,0.0,1.3514136808139638,0.9459895765697747,capacity_p95,uncontrolled,113.95471404553888,111.95472738149239,1.9999866640464887,,113.95471404553888
2020-07-22 13:00:00+00:00,California_Garage_01,0.0,0.0,1.3514136808139638,0.9459895765697747,capacity_p95,uncontrolled,132.6561509173375,111.95472738149239,20.70142353584511,,132.6561509173375
2020-07-22 14:00:00+00:00,California_Garage_01,0.0,0.0,1.3514136808139638,0.9459895765697747,capacity_p95,uncontrolled,122.69643296028086,111.95472738149239,10.74170557878847,,122.69643296028086
2020-07-23 13:00:00+00:00,California_Garage_01,0.0,0.0,1.3514136808139638,0.9459895765697747,capacity_p95,uncontrolled,147.09112797578416,111.95472738149239,35.13640059429177,,147.09112797578416
2020-07-24 13:00:00+00:00,California_Garage_01,0.0,0.0,1.3514136808139638,0.9459895765697747,capacity_p95,uncontrolled,135.24606240956547,111.95472738149239,23.291335028073078,,135.24606240956547
2020-07-24 14:00:00+00:00,California_Garage_01,0.0,0.0,1.3514136808139638,0.9459895765697747,capacity_p95,uncontrolled,146.6548004440018,111.95472738149239,34.70007306250942,,146.6548004440018
2020-07-27 13:00:00+00:00,California_Garage_01,0.0,0.0,1.3514136808139638,0.9459895765697747,capacity_p95,uncontrolled,131.40654355495778,111.95472738149239,19.45181617346539,,131.40654355495778
2020-07-28 13:00:00+00:00,California_Garage_01,0.0,0.0,1.3514136808139638,0.9459895765697747,capacity_p95,uncontrolled,130.0217468049889,111.95472738149239,18.067019423496518,,130.0217468049889
2020-07-28 14:00:00+00:00,California_Garage_01,0.0,0.0,1.3514136808139638,0.9459895765697747,capacity_p95,uncontrolled,130.80923060369162,111.95472738149239,18.854503222199227,,130.80923060369162
2020-07-29 13:00:00+00:00,California_Garage_01,0.0,0.0,1.3514136808139638,0.9459895765697747,capacity_p95,uncontrolled,128.77744929352713,111.95472738149239,16.822721912034737,,128.77744929352713
2020-07-29 14:00:00+00:00,California_Garage_01,0.0,0.0,1.3514136808139638,0.9459895765697747,capacity_p95,uncontrolled,134.48026529860826,111.95472738149239,22.52553791711587,,134.48026529860826
2020-07-30 13:00:00+00:00,California_Garage_01,0.0,0.0,1.3514136808139638,0.9459895765697747,capacity_p95,uncontrolled,145.25229799079972,111.95472738149239,33.29757060930733,,145.25229799079972
2020-07-31 13:00:00+00:00,California_Garage_01,0.0,0.0,1.3514136808139638,0.9459895765697747,capacity_p95,uncontrolled,120.98264544756614,111.95472738149239,9.027918066073752,,120.98264544756614
2020-07-31 14:00:00+00:00,California_Garage_01,0.0,0.0,1.3514136808139638,0.9459895765697747,capacity_p95,uncontrolled,114.21039241062807,111.95472738149239,2.2556650291356846,,114.21039241062807
2020-08-03 13:00:00+00:00,California_Garage_01,0.0,0.0,1.3514136808139638,0.9459895765697747,capacity_p95,uncontrolled,130.65173657478113,111.95472738149239,18.697009193288736,,130.65173657478113
2020-08-03 14:00:00+00:00,California_Garage_01,0.0,0.0,1.3514136808139638,0.9459895765697747,capacity_p95,uncontrolled,130.92681119235993,111.95472738149239,18.972083810867545,,130.92681119235993
2020-08-05 13:00:00+00:00,California_Garage_01,0.0,0.0,1.3514136808139638,0.9459895765697747,capacity_p95,uncontrolled,134.65895106444754,111.95472738149239,22.704223682955146,,134.65895106444754
2020-08-05 14:00:00+00:00,California_Garage_01,0.0,0.0,1.3514136808139638,0.9459895765697747,capacity_p95,uncontrolled,112.6219773472615,111.95472738149239,0.6672499657691162,,112.6219773472615
2020-08-06 13:00:00+00:00,California_Garage_01,0.0,0.0,1.3514136808139638,0.9459895765697747,capacity_p95,uncontrolled,137.47831158118166,111.95472738149239,25.523584199689267,,137.47831158118166
2020-08-06 14:00:00+00:00,California_Garage_01,0.0,0.0,1.3514136808139638,0.9459895765697747,capacity_p95,uncontrolled,134.26710983338555,111.95472738149239,22.312382451893157,,134.26710983338555
2020-08-07 13:00:00+00:00,California_Garage_01,0.0,0.0,1.3514136808139638,0.9459895765697747,capacity_p95,uncontrolled,114.26911389167334,111.95472738149239,2.3143865101809524,,114.26911389167334
2020-08-07 14:00:00+00:00,California_Garage_01,0.0,0.0,1.3514136808139638,0.9459895765697747,capacity_p95,uncontrolled,128.97009204667583,111.95472738149239,17.01536466518344,,128.97009204667583
2020-08-10 13:00:00+00:00,California_Garage_01,0.0,0.0,1.3514136808139638,0.9459895765697747,capacity_p95,uncontrolled,125.33066666666662,111.95472738149239,13.375939285174226,,125.33066666666662
2020-08-10 14:00:00+00:00,California_Garage_01,0.0,0.0,1.3514136808139638,0.9459895765697747,capacity_p95,uncontrolled,123.9796101499423,111.95472738149239,12.024882768449913,,123.9796101499423
2020-08-11 13:00:00+00:00,California_Garage_01,0.0,0.0,1.3514136808139638,0.9459895765697747,capacity_p95,uncontrolled,119.22452161100192,111.95472738149239,7.269794229509529,,119.22452161100192
2020-08-11 14:00:00+00:00,California_Garage_01,0.0,0.0,1.3514136808139638,0.9459895765697747,capacity_p95,uncontrolled,154.87749320150775,111.95472738149239,42.92276582001536,,154.87749320150775
2020-08-12 13:00:00+00:00,California_Garage_01,0.0,0.0,1.3514136808139638,0.9459895765697747,capacity_p95,uncontrolled,146.42034625740436,111.95472738149239,34.46561887591197,,146.42034625740436
2020-08-12 14:00:00+00:00,California_Garage_01,0.0,0.0,1.3514136808139638,0.9459895765697747,capacity_p95,uncontrolled,123.65416666666661,111.95472738149239,11.699439285174222,,123.65416666666661
2020-08-13 13:00:00+00:00,California_Garage_01,0.0,0.0,1.3514136808139638,0.9459895765697747,capacity_p95,uncontrolled,130.1860658190299,111.95472738149239,18.231338437537502,,130.1860658190299
2020-08-13 14:00:00+00:00,California_Garage_01,0.0,0.0,1.3514136808139638,0.9459895765697747,capacity_p95,uncontrolled,136.8827374592004,111.95472738149239,24.92801007770801,,136.8827374592004
2020-08-14 13:00:00+00:00,California_Garage_01,0.0,0.0,1.3514136808139638,0.9459895765697747,capacity_p95,uncontrolled,145.2566894484412,111.95472738149239,33.3019620669488,,145.2566894484412
2020-08-14 14:00:00+00:00,California_Garage_01,0.0,0.0,1.3514136808139638,0.9459895765697747,capacity_p95,uncontrolled,160.9356609905147,111.95472738149239,48.9809336090223,,160.9356609905147
2020-08-18 13:00:00+00:00,California_Garage_01,0.6712489938365588,0.6712489938365588,2.0226626746505225,1.6172385704063332,capacity_p95,uncontrolled,156.81693843830823,111.95472738149239,44.86221105681584,,156.81693843830823
2020-08-18 14:00:00+00:00,California_Garage_01,0.0496043109289832,0.0496043109289832,1.401017991742947,0.9955938874987578,capacity_p95,uncontrolled,146.91931266400294,111.95472738149239,34.964585282510555,,146.91931266400294
2020-08-18 15:00:00+00:00,California_Garage_01,5.902199835789199,5.902199835789199,7.2536135166031634,6.848189412358974,capacity_p95,uncontrolled,132.89624523737524,111.95472738149239,20.94151785588285,,132.89624523737524
2020-08-19 14:00:00+00:00,California_Garage_01,6.029162500123973,6.029162500123973,7.380576180937936,6.975152076693747,capacity_p95,uncontrolled,150.82951845769648,111.95472738149239,38.87479107620409,,150.82951845769648
2020-08-20 13:00:00+00:00,California_Garage_01,0.0,0.0,1.3514136808139638,0.9459895765697747,capacity_p95,uncontrolled,119.19124073571109,111.95472738149239,7.236513354218701,,119.19124073571109
2020-08-20 14:00:00+00:00,California_Garage_01,0.0,0.0,1.3514136808139638,0.9459895765697747,capacity_p95,uncontrolled,145.09366581838154,111.95472738149239,33.13893843688915,,145.09366581838154
2020-08-21 13:00:00+00:00,California_Garage_01,0.0,0.0,1.3514136808139638,0.9459895765697747,capacity_p95,uncontrolled,121.56916666666663,111.95472738149239,9.614439285174242,,121.56916666666663
2020-08-21 14:00:00+00:00,California_Garage_01,0.0,0.0,1.3514136808139638,0.9459895765697747,capacity_p95,uncontrolled,116.8502924631881,111.95472738149239,4.8955650816957075,,116.8502924631881
2020-08-21 15:00:00+00:00,California_Garage_01,5.757273508760158,5.757273508760158,7.1086871895741215,6.703263085329932,capacity_p95,uncontrolled,119.70016477249084,111.95472738149239,7.745437390998447,,119.70016477249084
2020-08-24 13:00:00+00:00,California_Garage_01,0.0,0.0,1.3514136808139638,0.9459895765697747,capacity_p95,uncontrolled,116.39676242161116,111.95472738149239,4.442035040118768,,116.39676242161116
2020-08-25 13:00:00+00:00,California_Garage_01,4.197305698630038,4.197305698630038,5.548719379444002,5.1432952751998124,capacity_p95,uncontrolled,159.4049649873592,111.95472738149239,47.4502376058668,,159.4049649873592
2020-08-25 14:00:00+00:00,California_Garage_01,0.3830848352074468,0.3830848352074468,1.7344985160214106,1.3290744117772215,capacity_p95,uncontrolled,182.64176059746916,111.95472738149239,70.68703321597677,,182.64176059746916
2020-08-25 15:00:00+00:00,California_Garage_01,0.0,0.0,1.3514136808139638,0.9459895765697747,capacity_p95,uncontrolled,114.4479115413819,111.95472738149239,2.493184159889509,,114.4479115413819
2020-08-26 13:00:00+00:00,California_Garage_01,0.0,0.0,1.3514136808139638,0.9459895765697747,capacity_p95,uncontrolled,132.63710039489743,111.95472738149239,20.68237301340504,,132.63710039489743
2020-08-26 14:00:00+00:00,California_Garage_01,5.625461110661372,5.625461110661372,6.976874791475336,6.571450687231147,capacity_p95,uncontrolled,126.13974826280331,111.95472738149239,14.185020881310919,,126.13974826280331
2020-08-26 15:00:00+00:00,California_Garage_01,4.64036395461464,4.64036395461464,5.991777635428603,5.586353531184414,capacity_p95,uncontrolled,117.93057792207792,111.95472738149239,5.975850540585526,,117.93057792207792
2020-08-27 13:00:00+00:00,California_Garage_01,0.6576208238325467,0.6576208238325467,2.0090345046465106,1.6036104004023213,capacity_p95,uncontrolled,162.37826626985722,111.95472738149239,50.42353888836483,,162.37826626985722
2020-08-27 14:00:00+00:00,California_Garage_01,1.0753576885323246,1.0753576885323246,2.426771369346288,2.021347265102099,capacity_p95,uncontrolled,121.78294716711495,111.95472738149239,9.828219785622565,,121.78294716711495
2020-08-28 13:00:00+00:00,California_Garage_01,0.64291549972328,0.64291549972328,1.994329180537244,1.5889050762930548,capacity_p95,uncontrolled,142.70125921908888,111.95472738149239,30.746531837596493,,142.70125921908888
2020-08-28 14:00:00+00:00,California_Garage_01,0.8016655372648047,0.8016655372648047,2.1530792180787683,1.7476551138345793,capacity_p95,uncontrolled,136.64107453203582,111.95472738149239,24.686347150543426,,136.64107453203582
2020-08-31 13:00:00+00:00,California_Garage_01,0.6712198096363519,0.6712198096363519,2.022633490450316,1.6172093862061265,capacity_p95,uncontrolled,127.65176210355489,111.95472738149239,15.697034722062497,,127.65176210355489
2020-08-31 14:00:00+00:00,California_Garage_01,0.7357928092751853,0.7357928092751853,2.087206490089149,1.6817823858449596,capacity_p95,uncontrolled,148.2534047335516,111.95472738149239,36.298677352059215,,148.2534047335516
2020-08-31 15:00:00+00:00,California_Garage_01,1.9531400082897687,1.9531400082897687,3.3045536891037326,2.8991295848595433,capacity_p95,uncontrolled,125.32772794266099,111.95472738149239,13.373000561168595,,125.32772794266099
2020-09-01 13:00:00+00:00,California_Garage_01,0.9429450546507232,0.9429450546507232,2.2943587354646877,1.8889346312204984,capacity_p95,uncontrolled,135.76397114100837,111.95472738149239,23.80924375951598,,135.76397114100837
2020-09-01 14:00:00+00:00,California_Garage_01,0.0540111709038475,0.0540111709038475,1.4054248517178114,1.000000747473622,capacity_p95,uncontrolled,126.79357093574814,111.95472738149239,14.838843554255746,,126.79357093574814
2020-09-02 13:00:00+00:00,California_Garage_01,0.0,0.0,1.3514136808139638,0.9459895765697747,capacity_p95,uncontrolled,137.58442858729825,111.95472738149239,25.62970120580586,,137.58442858729825
2020-09-02 14:00:00+00:00,California_Garage_01,0.0110427757017779,0.0110427757017779,1.3624564565157418,0.9570323522715526,capacity_p95,uncontrolled,135.84934728311407,111.95472738149239,23.89461990162168,,135.84934728311407
2020-09-02 15:00:00+00:00,California_Garage_01,5.898251476349363,5.898251476349363,7.249665157163326,6.844241052919137,capacity_p95,uncontrolled,119.08712071453995,111.95472738149239,7.13239333304756,,119.08712071453995
2020-09-03 13:00:00+00:00,California_Garage_01,0.6642212094147282,0.6642212094147282,2.015634890228692,1.6102107859845027,capacity_p95,uncontrolled,129.2195075070807,111.95472738149239,17.264780125588302,,129.2195075070807
2020-09-03 14:00:00+00:00,California_Garage_01,0.7150041047668917,0.7150041047668917,2.0664177855808554,1.6609936813366661,capacity_p95,uncontrolled,115.23399162118822,111.95472738149239,3.2792642396958342,,115.23399162118822
2020-09-04 13:00:00+00:00,California_Garage_01,0.0,0.0,1.3514136808139638,0.9459895765697747,capacity_p95,uncontrolled,118.96003485844263,111.95472738149239,7.005307476950236,,118.96003485844263
2020-09-04 14:00:00+00:00,California_Garage_01,0.0,0.0,1.3514136808139638,0.9459895765697747,capacity_p95,uncontrolled,142.8781594511616,111.95472738149239,30.923432069669204,,142.8781594511616
2020-09-07 13:00:00+00:00,California_Garage_01,0.0,0.0,1.3514136808139638,0.9459895765697747,capacity_p95,uncontrolled,131.33165508365505,111.95472738149239,19.37692770216266,,131.33165508365505
2020-09-07 14:00:00+00:00,California_Garage_01,0.0,0.0,1.3514136808139638,0.9459895765697747,capacity_p95,uncontrolled,132.64549999999994,111.95472738149239,20.690772618507552,,132.64549999999994
2020-09-08 13:00:00+00:00,California_Garage_01,0.0,0.0,1.3514136808139638,0.9459895765697747,capacity_p95,uncontrolled,133.2417547486137,111.95472738149239,21.287027367121297,,133.2417547486137
2020-09-08 14:00:00+00:00,California_Garage_01,0.0,0.0,1.3514136808139638,0.9459895765697747,capacity_p95,uncontrolled,135.84028280637796,111.95472738149239,23.885555424885567,,135.84028280637796
2020-09-09 13:00:00+00:00,California_Garage_01,0.0,0.0,1.3514136808139638,0.9459895765697747,capacity_p95,uncontrolled,138.61249999999995,111.95472738149239,26.657772618507565,,138.61249999999995
2020-09-09 14:00:00+00:00,California_Garage_01,0.0,0.0,1.3514136808139638,0.9459895765697747,capacity_p95,uncontrolled,145.3511304825717,111.95472738149239,33.396403101079315,,145.3511304825717
2020-09-10 13:00:00+00:00,California_Garage_01,0.9729744596772129,0.9729744596772129,2.324388140491177,1.9189640362469875,capacity_p95,uncontrolled,140.67441692947764,111.95472738149239,28.719689547985254,,140.67441692947764
2020-09-11 13:00:00+00:00,California_Garage_01,0.0491985948774085,0.0491985948774085,1.4006122756913724,0.9951881714471831,capacity_p95,uncontrolled,134.1913944128392,111.95472738149239,22.236667031346812,,134.1913944128392
2020-09-11 14:00:00+00:00,California_Garage_01,0.0491985948774085,0.0491985948774085,1.4006122756913724,0.9951881714471831,capacity_p95,uncontrolled,162.91560222402398,111.95472738149239,50.960874842531595,,162.91560222402398
2020-09-14 13:00:00+00:00,California_Garage_01,0.8022864006943788,0.8022864006943788,2.153700081508343,1.7482759772641536,capacity_p95,uncontrolled,115.14074989987982,111.95472738149239,3.186022518387432,,115.14074989987982
2020-09-15 13:00:00+00:00,California_Garage_01,0.7483004917639381,0.7483004917639381,2.099714172577902,1.6942900683337125,capacity_p95,uncontrolled,148.8593993952006,111.95472738149239,36.90467201370821,,148.8593993952006
2020-09-15 14:00:00+00:00,California_Garage_01,0.8949235932817121,0.8949235932817121,2.246337274095676,1.8409131698514867,capacity_p95,uncontrolled,133.4207572712272,111.95472738149239,21.4660298897348,,133.4207572712272
2020-09-16 14:00:00+00:00,California_Garage_01,0.0,0.0,1.3514136808139638,0.9459895765697747,capacity_p95,uncontrolled,136.6710394556347,111.95472738149239,24.716312074142323,,136.6710394556347
2020-09-17 13:00:00+00:00,California_Garage_01,0.0,0.0,1.3514136808139638,0.9459895765697747,capacity_p95,uncontrolled,122.48764403789937,111.95472738149239,10.532916656406982,,122.48764403789937
2020-09-17 14:00:00+00:00,California_Garage_01,0.0,0.0,1.3514136808139638,0.9459895765697747,capacity_p95,uncontrolled,143.54139775907817,111.95472738149239,31.586670377585776,,143.54139775907817
2020-09-22 14:00:00+00:00,California_Garage_01,0.0110427757017779,0.0110427757017779,1.3624564565157418,0.9570323522715526,capacity_p95,uncontrolled,119.08074092363759,111.95472738149239,7.126013542145202,,119.08074092363759
2020-09-28 13:00:00+00:00,California_Garage_01,0.0,0.0,1.3514136808139638,0.9459895765697747,capacity_p95,uncontrolled,148.00135015290516,111.95472738149239,36.04662277141277,,148.00135015290516
2020-09-28 14:00:00+00:00,California_Garage_01,5.643896261496291,5.643896261496291,6.995309942310255,6.589885838066065,capacity_p95,uncontrolled,123.1043333333333,111.95472738149239,11.149605951840911,,123.1043333333333
2020-09-29 14:00:00+00:00,California_Garage_01,0.067786607208934,0.067786607208934,1.4192002880228978,1.0137761837787087,capacity_p95,uncontrolled,139.36697576545527,111.95472738149239,27.412248383962876,,139.36697576545527
2020-09-30 13:00:00+00:00,California_Garage_01,0.0,0.0,1.3514136808139638,0.9459895765697747,capacity_p95,uncontrolled,137.55135083565432,111.95472738149239,25.59662345416193,,137.55135083565432
2020-09-30 14:00:00+00:00,California_Garage_01,0.0,0.0,1.3514136808139638,0.9459895765697747,capacity_p95,uncontrolled,116.57669865935404,111.95472738149239,4.621971277861647,,116.57669865935404
2020-10-01 13:00:00+00:00,California_Garage_01,0.0,0.0,1.3514136808139638,0.9459895765697747,capacity_p95,uncontrolled,126.74241250930747,111.95472738149239,14.787685127815081,,126.74241250930747
2020-10-01 14:00:00+00:00,California_Garage_01,0.0,0.0,1.3514136808139638,0.9459895765697747,capacity_p95,uncontrolled,140.39769642780104,111.95472738149239,28.442969046308647,,140.39769642780104
2020-10-01 15:00:00+00:00,California_Garage_01,0.0,0.0,1.3514136808139638,0.9459895765697747,capacity_p95,uncontrolled,114.44112576109818,111.95472738149239,2.486398379605788,,114.44112576109818
2020-10-02 13:00:00+00:00,California_Garage_01,0.0,0.0,1.3514136808139638,0.9459895765697747,capacity_p95,uncontrolled,132.8739229107942,111.95472738149239,20.919195529301803,,132.8739229107942
2020-10-02 14:00:00+00:00,California_Garage_01,5.940989536546429,5.940989536546429,7.292403217360393,6.886979113116203,capacity_p95,uncontrolled,135.8735415430267,111.95472738149239,23.918814161534314,,135.8735415430267
2020-10-02 15:00:00+00:00,California_Garage_01,4.066879713470066,4.066879713470066,5.41829339428403,5.01286929003984,capacity_p95,uncontrolled,112.16625889931717,111.95472738149239,0.2115315178247812,,112.16625889931717
2020-10-05 14:00:00+00:00,California_Garage_01,0.0110427757017779,0.0110427757017779,1.3624564565157418,0.9570323522715526,capacity_p95,uncontrolled,128.59341654021242,111.95472738149239,16.638689158720027,,128.59341654021242
2020-10-07 14:00:00+00:00,California_Garage_01,0.0,0.0,1.3514136808139638,0.9459895765697747,capacity_p95,uncontrolled,112.42709009997236,111.95472738149239,0.472362718479971,,112.42709009997236
2020-10-08 13:00:00+00:00,California_Garage_01,0.0,0.0,1.3514136808139638,0.9459895765697747,capacity_p95,uncontrolled,124.60876936508345,111.95472738149239,12.654041983591057,,124.60876936508345
2020-10-08 14:00:00+00:00,California_Garage_01,0.0,0.0,1.3514136808139638,0.9459895765697747,capacity_p95,uncontrolled,136.00843083613162,111.95472738149239,24.053703454639233,,136.00843083613162
2020-10-09 13:00:00+00:00,California_Garage_01,0.0,0.0,1.3514136808139638,0.9459895765697747,capacity_p95,uncontrolled,142.67281893091177,111.95472738149239,30.718091549419384,,142.67281893091177
2020-10-09 14:00:00+00:00,California_Garage_01,0.0110427757017779,0.0110427757017779,1.3624564565157418,0.9570323522715526,capacity_p95,uncontrolled,151.38615044103506,111.95472738149239,39.43142305954267,,151.38615044103506
2020-10-09 15:00:00+00:00,California_Garage_01,0.0,0.0,1.3514136808139638,0.9459895765697747,capacity_p95,uncontrolled,125.67533333333328,111.95472738149239,13.720605951840895,,125.67533333333328
2020-10-12 13:00:00+00:00,California_Garage_01,2.454093039087406,2.454093039087406,3.80550671990137,3.4000826156571806,capacity_p95,uncontrolled,126.97369306930689,111.95472738149239,15.0189656878145,,126.97369306930689
2020-10-12 14:00:00+00:00,California_Garage_01,3.1642526105849,3.1642526105849,4.515666291398864,4.110242187154674,capacity_p95,uncontrolled,164.69183257226396,111.95472738149239,52.73710519077157,,164.69183257226396
2020-10-12 15:00:00+00:00,California_Garage_01,3.741862541757091,3.741862541757091,5.093276222571054,4.687852118326865,capacity_p95,uncontrolled,145.24145238095232,111.95472738149239,33.286724999459935,,145.24145238095232
2020-10-13 13:00:00+00:00,California_Garage_01,0.0,0.0,1.3514136808139638,0.9459895765697747,capacity_p95,uncontrolled,142.97137116157694,111.95472738149239,31.01664378008455,,142.97137116157694
2020-10-13 14:00:00+00:00,California_Garage_01,0.0,0.0,1.3514136808139638,0.9459895765697747,capacity_p95,uncontrolled,181.26375757328535,111.95472738149239,69.30903019179296,,181.26375757328535
2020-10-14 13:00:00+00:00,California_Garage_01,0.2144341191710971,0.2144341191710971,1.5658477999850609,1.1604236957408716,capacity_p95,uncontrolled,112.66939471440747,111.95472738149239,0.7146673329150843,,112.66939471440747
2020-10-14 14:00:00+00:00,California_Garage_01,0.0,0.0,1.3514136808139638,0.9459895765697747,capacity_p95,uncontrolled,149.6356150314053,111.95472738149239,37.68088764991292,,149.6356150314053
2020-10-15 13:00:00+00:00,California_Garage_01,0.0226152916830087,0.0226152916830087,1.3740289724969723,0.9686048682527831,capacity_p95,uncontrolled,132.6292564938196,111.95472738149239,20.67452911232722,,132.6292564938196
2020-10-15 14:00:00+00:00,California_Garage_01,0.0226152916830087,0.0226152916830087,1.3740289724969723,0.9686048682527831,capacity_p95,uncontrolled,135.1109569021937,111.95472738149239,23.156229520701302,,135.1109569021937
2020-10-16 13:00:00+00:00,California_Garage_01,0.0226152916830087,0.0226152916830087,1.3740289724969723,0.9686048682527831,capacity_p95,uncontrolled,150.8010582275752,111.95472738149239,38.84633084608281,,150.8010582275752
2020-10-16 14:00:00+00:00,California_Garage_01,0.0226152916830087,0.0226152916830087,1.3740289724969723,0.9686048682527831,capacity_p95,uncontrolled,156.81400278349898,111.95472738149239,44.85927540200659,,156.81400278349898
2020-10-19 14:00:00+00:00,California_Garage_01,4.464529673583613,4.464529673583613,5.815943354397577,5.410519250153388,capacity_p95,uncontrolled,139.18733857126506,111.95472738149239,27.23261118977267,,139.18733857126506
2020-10-20 13:00:00+00:00,California_Garage_01,0.0153659102906917,0.0153659102906917,1.3667795911046556,0.9613554868604665,capacity_p95,uncontrolled,126.2278333333333,111.95472738149239,14.273105951840904,,126.2278333333333
2020-10-20 14:00:00+00:00,California_Garage_01,0.2222977143966836,0.2222977143966836,1.5737113952106474,1.1682872909664581,capacity_p95,uncontrolled,123.79870511039287,111.95472738149239,11.843977728900484,,123.79870511039287
2020-10-21 13:00:00+00:00,California_Garage_01,0.0371432080326219,0.0371432080326219,1.3885568888465858,0.9831327846023965,capacity_p95,uncontrolled,136.29387923817492,111.95472738149239,24.339151856682534,,136.29387923817492
2020-10-21 14:00:00+00:00,California_Garage_01,7.198165814845721,7.198165814845721,8.549579495659685,8.144155391415495,capacity_p95,uncontrolled,126.788853947716,111.95472738149239,14.834126566223617,,126.788853947716
2020-10-22 13:00:00+00:00,California_Garage_01,0.153544401926288,0.153544401926288,1.5049580827402518,1.0995339784960625,capacity_p95,uncontrolled,138.04827633632559,111.95472738149239,26.093548954833196,,138.04827633632559
2020-10-22 14:00:00+00:00,California_Garage_01,0.3340970872685831,0.3340970872685831,1.685510768082547,1.280086663838358,capacity_p95,uncontrolled,127.4459667520148,111.95472738149239,15.491239370522408,,127.4459667520148
2020-10-23 14:00:00+00:00,California_Garage_01,6.733030046942848,6.733030046942848,8.084443727756812,7.679019623512622,capacity_p95,uncontrolled,124.34126482138002,111.95472738149239,12.386537439887633,,124.34126482138002
2020-10-26 14:00:00+00:00,California_Garage_01,33.88319952061399,33.88319952061399,35.234613201427955,34.829189097183765,capacity_p95,uncontrolled,133.95959613375126,111.95472738149239,22.004868752258872,,133.95959613375126
2020-10-26 15:00:00+00:00,California_Garage_01,27.17894565310449,27.17894565310449,28.53035933391845,28.12493522967426,capacity_p95,uncontrolled,118.89033333333327,111.95472738149239,6.935605951840884,,118.89033333333327
2020-10-27 13:00:00+00:00,California_Garage_01,0.9566121761365532,0.9566121761365532,2.308025856950517,1.9026017527063277,capacity_p95,uncontrolled,123.83021541501972,111.95472738149239,11.875488033527333,,123.83021541501972
2020-10-27 14:00:00+00:00,California_Garage_01,0.1514773785580043,0.1514773785580043,1.5028910593719682,1.097466955127779,capacity_p95,uncontrolled,157.1889300204602,111.95472738149239,45.2342026389678,,157.1889300204602
2020-10-28 13:00:00+00:00,California_Garage_01,0.0097003274465307,0.0097003274465307,1.3611140082604944,0.9556899040163052,capacity_p95,uncontrolled,115.81180311497461,111.95472738149239,3.857075733482219,,115.81180311497461
2020-10-28 14:00:00+00:00,California_Garage_01,0.0097003274465307,0.0097003274465307,1.3611140082604944,0.9556899040163052,capacity_p95,uncontrolled,113.17070902310633,111.95472738149239,1.2159816416139364,,113.17070902310633
2020-10-29 14:00:00+00:00,California_Garage_01,7.32151776053393,7.32151776053393,8.672931441347894,8.267507337103703,capacity_p95,uncontrolled,138.81726180012856,111.95472738149239,26.862534418636173,,138.81726180012856
2020-10-30 14:00:00+00:00,California_Garage_01,6.872047517264327,6.872047517264327,8.22346119807829,7.818037093834101,capacity_p95,uncontrolled,121.55622005530263,111.95472738149239,9.601492673810242,,121.55622005530263
2020-10-30 15:00:00+00:00,California_Garage_01,3.1324912249845864,3.1324912249845864,4.48390490579855,4.0784808015543605,capacity_p95,uncontrolled,124.39507296078735,111.95472738149239,12.440345579294956,,124.39507296078735
2020-11-02 13:00:00+00:00,California_Garage_01,0.3237182604504705,0.3237182604504705,1.6751319412644343,1.269707837020245,capacity_p95,uncontrolled,133.88651492992074,111.95472738149239,21.931787548428346,,133.88651492992074
2020-11-02 14:00:00+00:00,California_Garage_01,0.3701873985071186,0.3701873985071186,1.7216010793210823,1.3161769750768932,capacity_p95,uncontrolled,164.71769743754425,111.95472738149239,52.762970056051856,,164.71769743754425
2020-11-03 13:00:00+00:00,California_Garage_01,0.0,0.0,1.3514136808139638,0.9459895765697747,capacity_p95,uncontrolled,123.6173328133846,111.95472738149239,11.662605431892217,,123.6173328133846
2020-11-03 14:00:00+00:00,California_Garage_01,0.0,0.0,1.3514136808139638,0.9459895765697747,capacity_p95,uncontrolled,161.287871323065,111.95472738149239,49.3331439415726,,161.287871323065
2020-11-04 13:00:00+00:00,California_Garage_01,0.0,0.0,1.3514136808139638,0.9459895765697747,capacity_p95,uncontrolled,141.88184485541728,111.95472738149239,29.927117473924895,,141.88184485541728
2020-11-04 14:00:00+00:00,California_Garage_01,0.0,0.0,1.3514136808139638,0.9459895765697747,capacity_p95,uncontrolled,162.76153137967967,111.95472738149239,50.80680399818728,,162.76153137967967
2020-11-05 13:00:00+00:00,California_Garage_01,0.0,0.0,1.3514136808139638,0.9459895765697747,capacity_p95,uncontrolled,157.96566170869067,111.95472738149239,46.010934327198285,,157.96566170869067
2020-11-05 14:00:00+00:00,California_Garage_01,0.0,0.0,1.3514136808139638,0.9459895765697747,capacity_p95,uncontrolled,124.77392411787699,111.95472738149239,12.819196736384598,,124.77392411787699
2020-11-06 13:00:00+00:00,California_Garage_01,0.0,0.0,1.3514136808139638,0.9459895765697747,capacity_p95,uncontrolled,130.64469832221116,111.95472738149239,18.689970940718766,,130.64469832221116
2020-11-06 14:00:00+00:00,California_Garage_01,0.0110427757017779,0.0110427757017779,1.3624564565157418,0.9570323522715526,capacity_p95,uncontrolled,115.98383705152351,111.95472738149239,4.029109670031119,,115.98383705152351
2020-11-09 13:00:00+00:00,California_Garage_01,0.0741913725957317,0.0741913725957317,1.4256050534096956,1.0201809491655063,capacity_p95,uncontrolled,156.89876962142193,111.95472738149239,44.944042239929544,,156.89876962142193
2020-11-09 14:00:00+00:00,California_Garage_01,0.0,0.0,1.3514136808139638,0.9459895765697747,capacity_p95,uncontrolled,165.65515456703653,111.95472738149239,53.70042718554414,,165.65515456703653
2020-11-10 13:00:00+00:00,California_Garage_01,0.0,0.0,1.3514136808139638,0.9459895765697747,capacity_p95,uncontrolled,136.51062389809837,111.95472738149239,24.555896516605983,,136.51062389809837
2020-11-10 14:00:00+00:00,California_Garage_01,0.0,0.0,1.3514136808139638,0.9459895765697747,capacity_p95,uncontrolled,163.96261824712175,111.95472738149239,52.00789086562936,,163.96261824712175
2020-11-11 13:00:00+00:00,California_Garage_01,0.0,0.0,1.3514136808139638,0.9459895765697747,capacity_p95,uncontrolled,145.09465342570087,111.95472738149239,33.13992604420848,,145.09465342570087
2020-11-11 14:00:00+00:00,California_Garage_01,0.0,0.0,1.3514136808139638,0.9459895765697747,capacity_p95,uncontrolled,144.42405747126432,111.95472738149239,32.46933008977193,,144.42405747126432
2020-11-12 14:00:00+00:00,California_Garage_01,0.0428661841237811,0.0428661841237811,1.394279864937745,0.9888557606935557,capacity_p95,uncontrolled,175.71728041910046,111.95472738149239,63.76255303760807,,175.71728041910046
2020-11-13 13:00:00+00:00,California_Garage_01,0.0,0.0,1.3514136808139638,0.9459895765697747,capacity_p95,uncontrolled,140.17590464948813,111.95472738149239,28.221177267995742,,140.17590464948813
2020-11-13 14:00:00+00:00,California_Garage_01,0.0,0.0,1.3514136808139638,0.9459895765697747,capacity_p95,uncontrolled,171.26423925240312,111.95472738149239,59.309511870910725,,171.26423925240312
2020-11-16 13:00:00+00:00,California_Garage_01,1.852318834865354,1.852318834865354,3.203732515679318,2.7983084114351287,capacity_p95,uncontrolled,123.66853356890455,111.95472738149239,11.71380618741216,,123.66853356890455
2020-11-16 14:00:00+00:00,California_Garage_01,2.0666043926965765,2.0666043926965765,3.4180180735105403,3.012593969266351,capacity_p95,uncontrolled,186.06888915961878,111.95472738149239,74.11416177812639,,186.06888915961878
2020-11-17 14:00:00+00:00,California_Garage_01,0.0043371900323964,0.0043371900323964,1.35575087084636,0.9503267666021707,capacity_p95,uncontrolled,153.72206435220204,111.95472738149239,41.76733697070965,,153.72206435220204
2020-11-18 13:00:00+00:00,California_Garage_01,0.0,0.0,1.3514136808139638,0.9459895765697747,capacity_p95,uncontrolled,159.2411666666666,111.95472738149239,47.28643928517421,,159.2411666666666
2020-11-18 14:00:00+00:00,California_Garage_01,0.0,0.0,1.3514136808139638,0.9459895765697747,capacity_p95,uncontrolled,176.6460700398337,111.95472738149239,64.6913426583413,,176.6460700398337
2020-11-19 13:00:00+00:00,California_Garage_01,0.0404290816880018,0.0404290816880018,1.3918427625019656,0.9864186582577764,capacity_p95,uncontrolled,160.77542609868118,111.95472738149239,48.82069871718879,,160.77542609868118
2020-11-19 14:00:00+00:00,California_Garage_01,0.0404290816880018,0.0404290816880018,1.3918427625019656,0.9864186582577764,capacity_p95,uncontrolled,132.49577033501936,111.95472738149239,20.54104295352697,,132.49577033501936
2020-11-20 13:00:00+00:00,California_Garage_01,6.100202824130182,6.100202824130182,7.451616504944146,7.046192400699956,capacity_p95,uncontrolled,216.23802760061312,111.95472738149239,104.28330021912073,,216.23802760061312
2020-11-20 14:00:00+00:00,California_Garage_01,8.47304767876622,8.47304767876622,9.824461359580184,9.419037255335994,capacity_p95,uncontrolled,158.89768564433146,111.95472738149239,46.94295826283907,,158.89768564433146
2020-11-24 13:00:00+00:00,California_Garage_01,0.0,0.0,1.3514136808139638,0.9459895765697747,capacity_p95,uncontrolled,182.24823520796713,111.95472738149239,70.29350782647474,,182.24823520796713
2020-11-24 14:00:00+00:00,California_Garage_01,0.0,0.0,1.3514136808139638,0.9459895765697747,capacity_p95,uncontrolled,211.4838164717192,111.95472738149239,99.5290890902268,,211.4838164717192
2020-11-24 15:00:00+00:00,California_Garage_01,6.299909477075251,6.299909477075251,7.651323157889214,7.245899053645024,capacity_p95,uncontrolled,130.7321285119667,111.95472738149239,18.777401130474303,,130.7321285119667
2020-11-25 13:00:00+00:00,California_Garage_01,0.0,0.0,1.3514136808139638,0.9459895765697747,capacity_p95,uncontrolled,173.30434749013105,111.95472738149239,61.34962010863866,,173.30434749013105
2020-11-25 14:00:00+00:00,California_Garage_01,0.0,0.0,1.3514136808139638,0.9459895765697747,capacity_p95,uncontrolled,170.97669848941047,111.95472738149239,59.02197110791808,,170.97669848941047
2020-11-26 13:00:00+00:00,California_Garage_01,0.0,0.0,1.3514136808139638,0.9459895765697747,capacity_p95,uncontrolled,147.64164330997963,111.95472738149239,35.68691592848724,,147.64164330997963
2020-11-26 14:00:00+00:00,California_Garage_01,0.0,0.0,1.3514136808139638,0.9459895765697747,capacity_p95,uncontrolled,162.75515380462153,111.95472738149239,50.80042642312914,,162.75515380462153
2020-11-27 13:00:00+00:00,California_Garage_01,1.3803043471582706,1.3803043471582706,2.731718027972234,2.326293923728045,capacity_p95,uncontrolled,187.87500542223438,111.95472738149239,75.92027804074199,,187.87500542223438
2020-11-27 14:00:00+00:00,California_Garage_01,1.59578825227141,1.59578825227141,2.947201933085374,2.5417778288411847,capacity_p95,uncontrolled,192.50201439758013,111.95472738149239,80.54728701608774,,192.50201439758013
2020-11-30 13:00:00+00:00,California_Garage_01,0.0,0.0,1.3514136808139638,0.9459895765697747,capacity_p95,uncontrolled,184.91394483349578,111.95472738149239,72.95921745200339,,184.91394483349578
2020-11-30 14:00:00+00:00,California_Garage_01,0.0,0.0,1.3514136808139638,0.9459895765697747,capacity_p95,uncontrolled,162.67143369258153,111.95472738149239,50.71670631108914,,162.67143369258153
2020-12-01 13:00:00+00:00,California_Garage_01,5.825905479638704,5.825905479638704,7.177319160452669,6.771895056208479,capacity_p95,uncontrolled,207.03386121710005,111.95472738149239,95.07913383560766,,207.03386121710005
2020-12-01 14:00:00+00:00,California_Garage_01,8.163030376388857,8.163030376388857,9.51444405720282,9.10901995295863,capacity_p95,uncontrolled,156.60092461647886,111.95472738149239,44.646197234986474,,156.60092461647886
2020-12-02 13:00:00+00:00,California_Garage_01,0.0573576822617438,0.0573576822617438,1.4087713630757075,1.0033472588315182,capacity_p95,uncontrolled,154.06043435471085,111.95472738149239,42.10570697321846,,154.06043435471085
2020-12-02 14:00:00+00:00,California_Garage_01,0.0573576822617438,0.0573576822617438,1.4087713630757075,1.0033472588315182,capacity_p95,uncontrolled,151.4283278009565,111.95472738149239,39.47360041946412,,151.4283278009565
2020-10-26 21:00:00+00:00,California_Garage_01,1.4089258728543792,1.4089258728543792,2.7603395536683437,2.354915449424154,capacity_p95,point_forecast,116.26882456205628,111.95472738149239,4.314097180563891,,116.26882456205628
2020-10-26 22:00:00+00:00,California_Garage_01,1.23009294696978,1.23009294696978,2.581506627783744,2.176082523539555,capacity_p95,point_forecast,116.25752262837247,111.95472738149239,4.3027952468800805,,116.25752262837247
2020-10-29 22:00:00+00:00,California_Garage_01,0.526396338896554,0.526396338896554,1.8778100197105176,1.4723859154663284,capacity_p95,point_forecast,121.67448592559259,111.95472738149239,9.719758544100202,,121.67448592559259
2020-11-26 23:00:00+00:00,California_Garage_01,0.0693912697570437,0.0693912697570437,1.4208049505710076,1.0153808463268184,capacity_p95,point_forecast,126.4503414165801,111.95472738149239,14.495614035087712,,126.4503414165801
2020-11-27 00:00:00+00:00,California_Garage_01,0.0058357758966162,0.0058357758966162,1.35724945671058,0.9518253524663908,capacity_p95,point_forecast,130.34285609370443,111.95472738149239,18.388128712212037,,130.34285609370443
2020-10-26 21:00:00+00:00,California_Garage_01,1.4089258728543792,1.4089258728543792,2.7603395536683437,2.354915449424154,capacity_p95,peak_sensitive,116.26882456205628,111.95472738149239,4.314097180563891,,116.26882456205628
2020-10-26 22:00:00+00:00,California_Garage_01,1.23009294696978,1.23009294696978,2.581506627783744,2.176082523539555,capacity_p95,peak_sensitive,116.25752262837247,111.95472738149239,4.3027952468800805,,116.25752262837247
2020-10-29 22:00:00+00:00,California_Garage_01,0.526396338896554,0.526396338896554,1.8778100197105176,1.4723859154663284,capacity_p95,peak_sensitive,121.67448592559259,111.95472738149239,9.719758544100202,,121.67448592559259
2020-11-26 23:00:00+00:00,California_Garage_01,0.0693912697570437,0.0693912697570437,1.4208049505710076,1.0153808463268184,capacity_p95,peak_sensitive,126.4503414165801,111.95472738149239,14.495614035087712,,126.4503414165801
2020-11-27 00:00:00+00:00,California_Garage_01,0.0058357758966162,0.0058357758966162,1.35724945671058,0.9518253524663908,capacity_p95,peak_sensitive,130.34285609370443,111.95472738149239,18.388128712212037,,130.34285609370443
2020-10-26 21:00:00+00:00,California_Garage_01,1.4089258728543792,1.4089258728543792,2.7603395536683437,2.354915449424154,capacity_p95,uncertainty_aware,116.26882456205628,111.95472738149239,4.314097180563891,,116.26882456205628
2020-10-26 22:00:00+00:00,California_Garage_01,1.23009294696978,1.23009294696978,2.581506627783744,2.176082523539555,capacity_p95,uncertainty_aware,116.25752262837247,111.95472738149239,4.3027952468800805,,116.25752262837247
2020-10-29 22:00:00+00:00,California_Garage_01,0.526396338896554,0.526396338896554,1.8778100197105176,1.4723859154663284,capacity_p95,uncertainty_aware,121.67448592559259,111.95472738149239,9.719758544100202,,121.67448592559259
2020-11-26 23:00:00+00:00,California_Garage_01,0.0693912697570437,0.0693912697570437,1.4208049505710076,1.0153808463268184,capacity_p95,uncertainty_aware,126.4503414165801,111.95472738149239,14.495614035087712,,126.4503414165801
2020-11-27 00:00:00+00:00,California_Garage_01,0.0058357758966162,0.0058357758966162,1.35724945671058,0.9518253524663908,capacity_p95,uncertainty_aware,130.34285609370443,111.95472738149239,18.388128712212037,,130.34285609370443
2020-10-26 21:00:00+00:00,California_Garage_01,1.4089258728543792,1.4089258728543792,2.7603395536683437,2.354915449424154,capacity_p95,hybrid_uncertainty_peak,116.26882456205628,111.95472738149239,4.314097180563891,,116.26882456205628
2020-10-26 22:00:00+00:00,California_Garage_01,1.23009294696978,1.23009294696978,2.581506627783744,2.176082523539555,capacity_p95,hybrid_uncertainty_peak,116.25752262837247,111.95472738149239,4.3027952468800805,,116.25752262837247
2020-10-29 22:00:00+00:00,California_Garage_01,0.526396338896554,0.526396338896554,1.8778100197105176,1.4723859154663284,capacity_p95,hybrid_uncertainty_peak,121.67448592559259,111.95472738149239,9.719758544100202,,121.67448592559259
2020-11-26 23:00:00+00:00,California_Garage_01,0.0693912697570437,0.0693912697570437,1.4208049505710076,1.0153808463268184,capacity_p95,hybrid_uncertainty_peak,126.4503414165801,111.95472738149239,14.495614035087712,,126.4503414165801
2020-11-27 00:00:00+00:00,California_Garage_01,0.0058357758966162,0.0058357758966162,1.35724945671058,0.9518253524663908,capacity_p95,hybrid_uncertainty_peak,130.34285609370443,111.95472738149239,18.388128712212037,,130.34285609370443
2020-08-16 19:00:00+00:00,California_Garage_02,7.657749912275192,7.657749912275192,20.42194454348426,16.592686154121537,capacity_p95,uncontrolled,82.52302904130279,68.72073657325969,13.802292468043106,82.52302904130279,
2020-08-16 21:00:00+00:00,California_Garage_02,0.0390993900802306,0.0390993900802306,12.803294021289297,8.974035631926576,capacity_p95,uncontrolled,93.74775378776205,68.72073657325969,25.027017214502365,93.74775378776205,
2020-08-17 15:00:00+00:00,California_Garage_02,18.443209966218948,18.443209966218948,31.207404597428013,27.378146208065292,capacity_p95,uncontrolled,82.87892685411028,68.72073657325969,14.15819028085059,82.87892685411028,
2020-08-17 16:00:00+00:00,California_Garage_02,14.992707202961933,14.992707202961933,27.756901834171,23.92764344480828,capacity_p95,uncontrolled,93.33925875235991,68.72073657325969,24.618522179100225,93.33925875235991,
2020-08-17 17:00:00+00:00,California_Garage_02,31.564299225348705,31.564299225348705,44.32849385655777,40.49923546719505,capacity_p95,uncontrolled,77.348,68.72073657325969,8.627263426740313,77.348,
2020-08-19 15:00:00+00:00,California_Garage_02,0.0,0.0,12.764194631209064,8.934936241846344,capacity_p95,uncontrolled,132.5573637256361,68.72073657325969,63.83662715237641,132.5573637256361,
2020-08-19 16:00:00+00:00,California_Garage_02,0.3834589738844178,0.3834589738844178,13.147653605093485,9.318395215730764,capacity_p95,uncontrolled,138.25417114842733,68.72073657325969,69.53343457516765,138.25417114842733,
2020-08-19 17:00:00+00:00,California_Garage_02,0.4116600066715322,0.4116600066715322,13.175854637880596,9.346596248517876,capacity_p95,uncontrolled,74.77778125896185,68.72073657325969,6.0570446857021665,74.77778125896185,
2020-08-20 15:00:00+00:00,California_Garage_02,1.3329846960314184,1.3329846960314184,14.097179327240484,10.267920937877765,capacity_p95,uncontrolled,85.62364351057745,68.72073657325969,16.902906937317766,85.62364351057745,
2020-08-20 16:00:00+00:00,California_Garage_02,22.89787181475025,22.89787181475025,35.66206644595931,31.83280805659659,capacity_p95,uncontrolled,75.00786672751107,68.72073657325969,6.287130154251386,75.00786672751107,
2020-08-21 15:00:00+00:00,California_Garage_02,3.7684509720369306,3.7684509720369306,16.532645603245996,12.703387213883275,capacity_p95,uncontrolled,91.04296409838578,68.72073657325969,22.322227525126095,91.04296409838578,
2020-08-21 16:00:00+00:00,California_Garage_02,31.548443603139653,31.548443603139653,44.31263823434872,40.483379844986,capacity_p95,uncontrolled,123.36448113821581,68.72073657325969,54.64374456495612,123.36448113821581,
2020-08-21 17:00:00+00:00,California_Garage_02,31.41556115264378,31.41556115264378,44.17975578385284,40.35049739449012,capacity_p95,uncontrolled,116.142496660595,68.72073657325969,47.421760087335315,116.142496660595,
2020-08-21 18:00:00+00:00,California_Garage_02,23.263104525763545,23.263104525763545,36.02729915697261,32.19804076760989,capacity_p95,uncontrolled,83.23129571084493,68.72073657325969,14.510559137585247,83.23129571084493,
2020-08-24 15:00:00+00:00,California_Garage_02,14.479653359434073,14.479653359434073,27.24384799064314,23.41458960128042,capacity_p95,uncontrolled,80.82728067025732,68.72073657325969,12.106544096997638,80.82728067025732,
2020-08-24 16:00:00+00:00,California_Garage_02,34.19156136288824,34.19156136288824,46.9557559940973,43.12649760473458,capacity_p95,uncontrolled,84.70644735991249,68.72073657325969,15.985710786652803,84.70644735991249,
2020-08-25 15:00:00+00:00,California_Garage_02,5.5936248549535,5.5936248549535,18.357819486162565,14.528561096799846,capacity_p95,uncontrolled,90.97723894228764,68.72073657325969,22.256502369027956,90.97723894228764,
2020-08-25 16:00:00+00:00,California_Garage_02,14.561384756054151,14.561384756054151,27.325579387263215,23.496320997900494,capacity_p95,uncontrolled,95.12308281086729,68.72073657325969,26.402346237607603,95.12308281086729,
2020-08-27 15:00:00+00:00,California_Garage_02,6.228794920933705,6.228794920933705,18.99298955214277,15.16373116278005,capacity_p95,uncontrolled,71.35266735838894,68.72073657325969,2.6319307851292564,71.35266735838894,
2020-08-27 16:00:00+00:00,California_Garage_02,15.712813609040984,15.712813609040984,28.47700824025005,24.64774985088733,capacity_p95,uncontrolled,108.21366666666664,68.72073657325969,39.492930093406954,108.21366666666664,
2020-08-27 17:00:00+00:00,California_Garage_02,18.46910334339288,18.46910334339288,31.233297974601943,27.40403958523922,capacity_p95,uncontrolled,83.62432578827135,68.72073657325969,14.903589215011664,83.62432578827135,
2020-08-30 16:00:00+00:00,California_Garage_02,5.783496727662937,5.783496727662937,18.547691358872,14.71843296950928,capacity_p95,uncontrolled,68.9035420082291,68.72073657325969,0.18280543496940993,68.9035420082291,
2020-08-30 20:00:00+00:00,California_Garage_02,5.619470738553134,5.619470738553134,18.3836653697622,14.554406980399479,capacity_p95,uncontrolled,70.0700964586285,68.72073657325969,1.3493598853688127,70.0700964586285,
2020-08-30 21:00:00+00:00,California_Garage_02,16.6502359704212,16.6502359704212,29.414430601630265,25.585172212267544,capacity_p95,uncontrolled,94.23829724797875,68.72073657325969,25.517560674719064,94.23829724797875,
2020-08-31 15:00:00+00:00,California_Garage_02,6.820341478744414,6.820341478744414,19.58453610995348,15.755277720590758,capacity_p95,uncontrolled,88.20098562628336,68.72073657325969,19.48024905302367,88.20098562628336,
2020-08-31 16:00:00+00:00,California_Garage_02,32.76165132436051,32.76165132436051,45.52584595556957,41.69658756620685,capacity_p95,uncontrolled,116.70706732271174,68.72073657325969,47.98633074945205,116.70706732271174,
2020-08-31 17:00:00+00:00,California_Garage_02,19.08187267889548,19.08187267889548,31.846067310104544,28.016808920741823,capacity_p95,uncontrolled,74.11133333333333,68.72073657325969,5.390596760073649,74.11133333333333,
2020-09-01 15:00:00+00:00,California_Garage_02,3.6342176756816063,3.6342176756816063,16.39841230689067,12.56915391752795,capacity_p95,uncontrolled,122.74027586900912,68.72073657325969,54.01953929574944,122.74027586900912,
2020-09-01 16:00:00+00:00,California_Garage_02,8.59300946650245,8.59300946650245,21.35720409771152,17.527945708348796,capacity_p95,uncontrolled,129.29063653445044,68.72073657325969,60.56989996119076,129.29063653445044,
2020-09-01 17:00:00+00:00,California_Garage_02,20.38922778361294,20.38922778361294,33.153422414822,29.324164025459282,capacity_p95,uncontrolled,77.06178408228794,68.72073657325969,8.341047509028257,77.06178408228794,
2020-09-02 01:00:00+00:00,California_Garage_02,3.904077069177042,3.904077069177042,16.668271700386107,12.839013311023386,capacity_p95,uncontrolled,70.59647276675594,68.72073657325969,1.8757361934962518,70.59647276675594,
2020-09-02 15:00:00+00:00,California_Garage_02,2.313427352470351,2.313427352470351,15.077621983679416,11.248363594316697,capacity_p95,uncontrolled,72.03733896146257,68.72073657325969,3.316602388202881,72.03733896146257,
2020-09-02 16:00:00+00:00,California_Garage_02,7.826666695627112,7.826666695627112,20.590861326836176,16.761602937473455,capacity_p95,uncontrolled,81.15233985699223,68.72073657325969,12.431603283732542,81.15233985699223,
2020-09-02 17:00:00+00:00,California_Garage_02,32.895149587843704,32.895149587843704,45.65934421905277,41.83008582969005,capacity_p95,uncontrolled,71.20698223350254,68.72073657325969,2.486245660242858,71.20698223350254,
2020-09-03 02:00:00+00:00,California_Garage_02,4.921574162995251,4.921574162995251,17.685768794204314,13.856510404841595,capacity_p95,uncontrolled,69.7595,68.72073657325969,1.0387634267403172,69.7595,
2020-09-03 16:00:00+00:00,California_Garage_02,18.731589003333188,18.731589003333188,31.495783634542253,27.666525245179532,capacity_p95,uncontrolled,69.96878755752275,68.72073657325969,1.2480509842630596,69.96878755752275,
2020-09-07 15:00:00+00:00,California_Garage_02,15.37429353953726,15.37429353953726,28.138488170746328,24.309229781383607,capacity_p95,uncontrolled,96.70485651457895,68.72073657325969,27.984119941319264,96.70485651457895,
2020-09-07 16:00:00+00:00,California_Garage_02,33.83235675700701,33.83235675700701,46.59655138821608,42.76729299885336,capacity_p95,uncontrolled,102.59684350591449,68.72073657325969,33.87610693265481,102.59684350591449,
2020-09-08 16:00:00+00:00,California_Garage_02,7.780695938362727,7.780695938362727,20.54489056957179,16.71563218020907,capacity_p95,uncontrolled,77.2849959111977,68.72073657325969,8.564259337938012,77.2849959111977,
2020-09-10 15:00:00+00:00,California_Garage_02,5.8130967439687335,5.8130967439687335,18.5772913751778,14.74803298581508,capacity_p95,uncontrolled,100.51644105058861,68.72073657325969,31.795704477328925,100.51644105058861,
2020-09-10 16:00:00+00:00,California_Garage_02,17.33644600577768,17.33644600577768,30.100640636986743,26.27138224762402,capacity_p95,uncontrolled,130.44504478659772,68.72073657325969,61.724308213338034,130.44504478659772,
2020-09-12 15:00:00+00:00,California_Garage_02,6.5330449253841785,6.5330449253841785,19.297239556593244,15.467981167230523,capacity_p95,uncontrolled,72.1678431372549,68.72073657325969,3.44710656399522,72.1678431372549,
2020-09-12 16:00:00+00:00,California_Garage_02,14.565556629900223,14.565556629900223,27.329751261109287,23.500492871746566,capacity_p95,uncontrolled,74.23235441032209,68.72073657325969,5.511617837062403,74.23235441032209,
2020-09-12 17:00:00+00:00,California_Garage_02,6.193350691063575,6.193350691063575,18.95754532227264,15.12828693290992,capacity_p95,uncontrolled,85.86287780470491,68.72073657325969,17.142141231445223,85.86287780470491,
2020-09-12 18:00:00+00:00,California_Garage_02,4.2808646996995225,4.2808646996995225,17.045059330908586,13.215800941545865,capacity_p95,uncontrolled,69.77468164393026,68.72073657325969,1.0539450706705793,69.77468164393026,
2020-09-12 23:00:00+00:00,California_Garage_02,15.604009266385168,15.604009266385168,28.368203897594235,24.538945508231514,capacity_p95,uncontrolled,90.96741558441558,68.72073657325969,22.24667901115589,90.96741558441558,
2020-09-14 15:00:00+00:00,California_Garage_02,10.57076402247866,10.57076402247866,23.334958653687725,19.505700264325004,capacity_p95,uncontrolled,122.7499714649433,68.72073657325969,54.029234891683615,122.7499714649433,
2020-09-14 16:00:00+00:00,California_Garage_02,19.66828991305369,19.66828991305369,32.43248454426276,28.60322615490004,capacity_p95,uncontrolled,113.52881768924827,68.72073657325969,44.808081115988585,113.52881768924827,
2020-09-16 15:00:00+00:00,California_Garage_02,9.294738925151083,9.294738925151083,22.05893355636015,18.229675166997428,capacity_p95,uncontrolled,103.85741262705513,68.72073657325969,35.13667605379544,103.85741262705513,
2020-09-16 16:00:00+00:00,California_Garage_02,21.26879234855374,21.26879234855374,34.0329869797628,30.203728590400083,capacity_p95,uncontrolled,122.95116666666662,68.72073657325969,54.23043009340694,122.95116666666662,
2020-09-16 17:00:00+00:00,California_Garage_02,45.45673701807869,45.45673701807869,58.22093164928776,54.391673259925035,capacity_p95,uncontrolled,92.0692386905278,68.72073657325969,23.34850211726811,92.0692386905278,
2020-09-17 15:00:00+00:00,California_Garage_02,4.7739087169772825,4.7739087169772825,17.538103348186347,13.708844958823628,capacity_p95,uncontrolled,91.32966666666664,68.72073657325969,22.608930093406954,91.32966666666664,
2020-09-17 16:00:00+00:00,California_Garage_02,9.070329709224534,9.070329709224534,21.8345243404336,18.00526595107088,capacity_p95,uncontrolled,87.18833918608465,68.72073657325969,18.46760261282496,87.18833918608465,
2020-09-18 16:00:00+00:00,California_Garage_02,17.00593414596481,17.00593414596481,29.77012877717388,25.94087038781116,capacity_p95,uncontrolled,119.73491245802114,68.72073657325969,51.01417588476146,119.73491245802114,
2020-09-21 15:00:00+00:00,California_Garage_02,11.007155833559157,11.007155833559157,23.771350464768226,19.942092075405505,capacity_p95,uncontrolled,125.71609839656134,68.72073657325969,56.99536182330165,125.71609839656134,
2020-09-21 16:00:00+00:00,California_Garage_02,19.40751089348067,19.40751089348067,32.171705524689735,28.342447135327014,capacity_p95,uncontrolled,148.76872903568224,68.72073657325969,80.04799246242256,148.76872903568224,
2020-09-21 17:00:00+00:00,California_Garage_02,28.53211914493732,28.53211914493732,41.296313776146384,37.46705538678366,capacity_p95,uncontrolled,95.29946686210728,68.72073657325969,26.578730288847595,95.29946686210728,
2020-09-22 16:00:00+00:00,California_Garage_02,19.50372803719153,19.50372803719153,32.267922668400594,28.438664279037873,capacity_p95,uncontrolled,73.18654821677231,68.72073657325969,4.465811643512623,73.18654821677231,
2020-09-23 15:00:00+00:00,California_Garage_02,5.278147437024263,5.278147437024263,18.042342068233328,14.213083678870609,capacity_p95,uncontrolled,130.99990403130087,68.72073657325969,62.27916745804119,130.99990403130087,
2020-09-23 16:00:00+00:00,California_Garage_02,58.04465299073848,58.04465299073848,70.80884762194754,66.97958923258481,capacity_p95,uncontrolled,93.07607078329717,68.72073657325969,24.355334210037483,93.07607078329717,
2020-09-24 15:00:00+00:00,California_Garage_02,9.322008190703132,9.322008190703132,22.086202821912195,18.256944432549474,capacity_p95,uncontrolled,83.80519189421568,68.72073657325969,15.084455320955996,83.80519189421568,
2020-09-24 16:00:00+00:00,California_Garage_02,17.708238426380365,17.708238426380365,30.47243305758943,26.64317466822671,capacity_p95,uncontrolled,79.14442042444368,68.72073657325969,10.423683851183995,79.14442042444368,
2020-09-25 15:00:00+00:00,California_Garage_02,2.097198913928857,2.097198913928857,14.861393545137922,11.032135155775203,capacity_p95,uncontrolled,108.14405603672179,68.72073657325969,39.42331946346211,108.14405603672179,
2020-09-25 16:00:00+00:00,California_Garage_02,17.082137393561137,17.082137393561137,29.8463320247702,26.017073635407478,capacity_p95,uncontrolled,94.23720985311554,68.72073657325969,25.51647327985586,94.23720985311554,
2020-09-26 18:00:00+00:00,California_Garage_02,9.091827888354944,9.091827888354944,21.856022519564007,18.026764130201286,capacity_p95,uncontrolled,73.21678811980162,68.72073657325969,4.496051546541935,73.21678811980162,
2020-09-28 15:00:00+00:00,California_Garage_02,9.618417086849396,9.618417086849396,22.382611718058463,18.553353328695742,capacity_p95,uncontrolled,112.84912648507841,68.72073657325969,44.12838991181873,112.84912648507841,
2020-09-28 16:00:00+00:00,California_Garage_02,20.49676153912765,20.49676153912765,33.26095617033671,29.43169778097399,capacity_p95,uncontrolled,107.57330952380951,68.72073657325969,38.85257295054983,107.57330952380951,
2020-09-30 15:00:00+00:00,California_Garage_02,9.224655123392992,9.224655123392992,21.988849754602057,18.159591365239336,capacity_p95,uncontrolled,90.57936216559163,68.72073657325969,21.858625592331947,90.57936216559163,
2020-09-30 16:00:00+00:00,California_Garage_02,23.03360489888489,23.03360489888489,35.797799530093954,31.968541140731233,capacity_p95,uncontrolled,74.77972885572137,68.72073657325969,6.058992282461688,74.77972885572137,
2020-10-01 15:00:00+00:00,California_Garage_02,4.4628047734233895,4.4628047734233895,17.226999404632455,13.397741015269736,capacity_p95,uncontrolled,108.88744497165108,68.72073657325969,40.16670839839139,108.88744497165108,
2020-10-01 16:00:00+00:00,California_Garage_02,19.20152510684223,19.20152510684223,31.96571973805129,28.13646134868857,capacity_p95,uncontrolled,99.57040555337589,68.72073657325969,30.849668980116206,99.57040555337589,
2020-10-02 15:00:00+00:00,California_Garage_02,7.989467734772861,7.989467734772861,20.753662365981924,16.924403976619203,capacity_p95,uncontrolled,74.18965712645563,68.72073657325969,5.468920553195943,74.18965712645563,
2020-10-02 16:00:00+00:00,California_Garage_02,15.083898082111354,15.083898082111354,27.84809271332042,24.018834323957698,capacity_p95,uncontrolled,95.5495980500192,68.72073657325969,26.828861476759513,95.5495980500192,
2020-10-05 15:00:00+00:00,California_Garage_02,8.619163431149325,8.619163431149325,21.38335806235839,17.55409967299567,capacity_p95,uncontrolled,99.31722907653125,68.72073657325969,30.596492503271563,99.31722907653125,
2020-10-05 16:00:00+00:00,California_Garage_02,21.70456336743523,21.70456336743523,34.46875799864429,30.639499609281575,capacity_p95,uncontrolled,95.20941009526341,68.72073657325969,26.488673522003722,95.20941009526341,
2020-10-09 15:00:00+00:00,California_Garage_02,7.314863437902249,7.314863437902249,20.079058069111312,16.24979967974859,capacity_p95,uncontrolled,70.52690473061762,68.72073657325969,1.8061681573579307,70.52690473061762,
2020-10-09 16:00:00+00:00,California_Garage_02,39.88736406239685,39.88736406239685,52.65155869360592,48.8223003042432,capacity_p95,uncontrolled,86.47683333333333,68.72073657325969,17.756096760073646,86.47683333333333,
2020-10-10 23:00:00+00:00,California_Garage_02,17.399722011123732,17.399722011123732,30.1639166423328,26.334658252970076,capacity_p95,uncontrolled,71.86324631324021,68.72073657325969,3.1425097399805253,71.86324631324021,
2020-10-12 16:00:00+00:00,California_Garage_02,22.38539564040957,22.38539564040957,35.149590271618635,31.320331882255914,capacity_p95,uncontrolled,73.47655885956334,68.72073657325969,4.755822286303655,73.47655885956334,
2020-10-14 15:00:00+00:00,California_Garage_02,9.619388704684814,9.619388704684814,22.38358333589388,18.55432494653116,capacity_p95,uncontrolled,97.87769188002613,68.72073657325969,29.15695530676645,97.87769188002613,
2020-10-14 16:00:00+00:00,California_Garage_02,29.825498916733057,29.825498916733057,42.58969354794212,38.7604351585794,capacity_p95,uncontrolled,103.63335057471261,68.72073657325969,34.91261400145292,103.63335057471261,
2020-10-15 15:00:00+00:00,California_Garage_02,5.744579687413125,5.744579687413125,18.50877431862219,14.67951592925947,capacity_p95,uncontrolled,87.81849101554417,68.72073657325969,19.097754442284483,87.81849101554417,
2020-10-15 16:00:00+00:00,California_Garage_02,25.588384533209183,25.588384533209183,38.352579164418245,34.523320775055524,capacity_p95,uncontrolled,85.29077949246015,68.72073657325969,16.57004291920046,85.29077949246015,
2020-10-15 17:00:00+00:00,California_Garage_02,33.45524419552251,33.45524419552251,46.219438826731576,42.390180437368855,capacity_p95,uncontrolled,80.62482619167567,68.72073657325969,11.90408961841598,80.62482619167567,
2020-10-16 16:00:00+00:00,California_Garage_02,24.556048726807425,24.556048726807425,37.32024335801649,33.49098496865377,capacity_p95,uncontrolled,75.87595038613449,68.72073657325969,7.1552138128748055,75.87595038613449,
2020-10-17 16:00:00+00:00,California_Garage_02,10.849508327641333,10.849508327641333,23.6137029588504,19.78444456948768,capacity_p95,uncontrolled,75.70142592592593,68.72073657325969,6.980689352666246,75.70142592592593,
2020-10-17 17:00:00+00:00,California_Garage_02,13.476112986275496,13.476112986275496,26.24030761748456,22.41104922812184,capacity_p95,uncontrolled,76.14430770280188,68.72073657325969,7.4235711295421964,76.14430770280188,
2020-10-17 22:00:00+00:00,California_Garage_02,21.3979596749607,21.3979596749607,34.16215430616977,30.332895916807047,capacity_p95,uncontrolled,69.17533333333334,68.72073657325969,0.454596760073656,69.17533333333334,
2020-10-19 15:00:00+00:00,California_Garage_02,8.189180645383606,8.189180645383606,20.953375276592677,17.124116887229956,capacity_p95,uncontrolled,68.97949732542936,68.72073657325969,0.2587607521696782,68.97949732542936,
2020-10-19 16:00:00+00:00,California_Garage_02,24.42197273424269,24.42197273424269,37.18616736545175,33.35690897608903,capacity_p95,uncontrolled,143.73188723249282,68.72073657325969,75.01115065923314,143.73188723249282,
2020-10-19 17:00:00+00:00,California_Garage_02,26.466907781463004,26.466907781463004,39.23110241267207,35.40184402330935,capacity_p95,uncontrolled,85.95833333333333,68.72073657325969,17.237596760073643,85.95833333333333,
2020-10-20 16:00:00+00:00,California_Garage_02,20.131443938679272,20.131443938679272,32.895638569888334,29.066380180525613,capacity_p95,uncontrolled,74.27993300064342,68.72073657325969,5.559196427383739,74.27993300064342,
2020-10-23 15:00:00+00:00,California_Garage_02,4.912366075197346,4.912366075197346,17.676560706406413,13.847302317043692,capacity_p95,uncontrolled,97.37172540986195,68.72073657325969,28.650988836602266,97.37172540986195,
2020-10-23 16:00:00+00:00,California_Garage_02,22.263812396348577,22.263812396348577,35.02800702755764,31.19874863819492,capacity_p95,uncontrolled,155.72596666912406,68.72073657325969,87.00523009586438,155.72596666912406,
2020-10-23 17:00:00+00:00,California_Garage_02,28.77528793174869,28.77528793174869,41.53948256295776,37.71022417359504,capacity_p95,uncontrolled,110.53688490454059,68.72073657325969,41.8161483312809,110.53688490454059,
2020-10-27 15:00:00+00:00,California_Garage_02,40.17350077062504,40.17350077062504,52.937695401834105,49.108437012471384,capacity_p95,uncontrolled,128.5197441466247,68.72073657325969,59.79900757336502,128.5197441466247,
2020-10-27 16:00:00+00:00,California_Garage_02,18.545896863115093,18.545896863115093,31.31009149432416,27.480833104961437,capacity_p95,uncontrolled,126.02137041943166,68.72073657325969,57.300633846171976,126.02137041943166,
2020-10-28 15:00:00+00:00,California_Garage_02,5.623624904776341,5.623624904776341,18.387819535985408,14.558561146622687,capacity_p95,uncontrolled,74.7955161439112,68.72073657325969,6.074779570651515,74.7955161439112,
2020-10-29 15:00:00+00:00,California_Garage_02,5.908886707214704,5.908886707214704,18.67308133842377,14.84382294906105,capacity_p95,uncontrolled,121.76199999999996,68.72073657325969,53.04126342674027,121.76199999999996,
2020-10-29 16:00:00+00:00,California_Garage_02,18.237049678889736,18.237049678889736,31.0012443100988,27.171985920736084,capacity_p95,uncontrolled,108.41672340622274,68.72073657325969,39.69598683296306,108.41672340622274,
2020-10-31 02:00:00+00:00,California_Garage_02,4.626275503460628,4.626275503460628,17.390470134669695,13.561211745306974,capacity_p95,uncontrolled,69.40983333333334,68.72073657325969,0.6890967600736531,69.40983333333334,
2020-11-01 17:00:00+00:00,California_Garage_02,35.34524181958085,38.99291332197419,48.10943645078992,45.3744795121452,capacity_p95,uncontrolled,78.41917195004804,68.72073657325969,9.698435376788353,78.41917195004804,
2020-11-02 16:00:00+00:00,California_Garage_02,9.546020571560016,9.546020571560016,22.31021520276908,18.480956813406358,capacity_p95,uncontrolled,73.30906187847394,68.72073657325969,4.588325305214255,73.30906187847394,
2020-11-04 16:00:00+00:00,California_Garage_02,17.52243226861557,17.52243226861557,30.28662689982464,26.45736851046192,capacity_p95,uncontrolled,70.91750998621002,68.72073657325969,2.1967734129503356,70.91750998621002,
2020-11-05 16:00:00+00:00,California_Garage_02,14.002067655484767,14.002067655484767,26.76626228669383,22.93700389733111,capacity_p95,uncontrolled,75.34276508407517,68.72073657325969,6.622028510815483,75.34276508407517,
2020-11-06 15:00:00+00:00,California_Garage_02,8.998814829721882,8.998814829721882,21.763009460930945,17.933751071568224,capacity_p95,uncontrolled,78.95536197117114,68.72073657325969,10.234625397911458,78.95536197117114,
2020-11-06 16:00:00+00:00,California_Garage_02,13.834199857485968,13.834199857485968,26.598394488695035,22.769136099332314,capacity_p95,uncontrolled,89.20258434977163,68.72073657325969,20.48184777651194,89.20258434977163,
2020-11-09 15:00:00+00:00,California_Garage_02,2.840584945999421,2.840584945999421,15.604779577208486,11.775521187845765,capacity_p95,uncontrolled,112.42092405179692,68.72073657325969,43.70018747853723,112.42092405179692,
2020-11-09 16:00:00+00:00,California_Garage_02,12.056160937694278,12.056160937694278,24.820355568903345,20.991097179540624,capacity_p95,uncontrolled,98.77507940436173,68.72073657325969,30.054342831102048,98.77507940436173,
2020-11-11 15:00:00+00:00,California_Garage_02,0.4777994393077974,0.4777994393077974,13.241994070516864,9.412735681154142,capacity_p95,uncontrolled,74.36607088518622,68.72073657325969,5.645334311926533,74.36607088518622,
2020-11-11 16:00:00+00:00,California_Garage_02,13.213759803012133,13.213759803012133,25.9779544342212,22.14869604485848,capacity_p95,uncontrolled,84.27224191327038,68.72073657325969,15.551505340010692,84.27224191327038,
2020-11-11 17:00:00+00:00,California_Garage_02,15.12497920455323,15.12497920455323,27.889173835762293,24.05991544639957,capacity_p95,uncontrolled,81.15149999999998,68.72073657325969,12.430763426740299,81.15149999999998,
2020-11-12 15:00:00+00:00,California_Garage_02,2.75653879353621,2.75653879353621,15.520733424745275,11.691475035382556,capacity_p95,uncontrolled,74.55840013872105,68.72073657325969,5.837663565461369,74.55840013872105,
2020-11-12 16:00:00+00:00,California_Garage_02,7.244049915219904,7.244049915219904,20.00824454642897,16.178986157066248,capacity_p95,uncontrolled,108.5273697126163,68.72073657325969,39.80663313935662,108.5273697126163,
2020-11-12 17:00:00+00:00,California_Garage_02,32.760608281657774,32.760608281657774,45.52480291286684,41.69554452350412,capacity_p95,uncontrolled,92.06369936604713,68.72073657325969,23.342962792787446,92.06369936604713,
2020-11-13 17:00:00+00:00,California_Garage_02,24.387527560263106,24.387527560263106,37.151722191472174,33.32246380210945,capacity_p95,uncontrolled,74.99201430067386,68.72073657325969,6.271277727414173,74.99201430067386,
2020-11-16 15:00:00+00:00,California_Garage_02,8.46539574232098,8.46539574232098,21.229590373530044,17.400331984167323,capacity_p95,uncontrolled,101.2072795470073,68.72073657325969,32.48654297374762,101.2072795470073,
2020-11-16 16:00:00+00:00,California_Garage_02,13.816121628168244,13.816121628168244,26.58031625937731,22.751057870014588,capacity_p95,uncontrolled,85.22472444230459,68.72073657325969,16.503987869044906,85.22472444230459,
2020-11-17 15:00:00+00:00,California_Garage_02,0.3883676065710582,0.3883676065710582,13.152562237780124,9.323303848417403,capacity_p95,uncontrolled,115.83174884707388,68.72073657325969,47.1110122738142,115.83174884707388,
2020-11-17 16:00:00+00:00,California_Garage_02,10.551509160388028,10.551509160388028,23.31570379159709,19.48644540223437,capacity_p95,uncontrolled,142.54281036601384,68.72073657325969,73.82207379275415,142.54281036601384,
2020-11-17 17:00:00+00:00,California_Garage_02,19.55848553184501,19.55848553184501,32.32268016305407,28.493421773691352,capacity_p95,uncontrolled,93.48298269908527,68.72073657325969,24.762246125825584,93.48298269908527,
2020-11-19 16:00:00+00:00,California_Garage_02,16.29843401739042,16.29843401739042,29.062628648599485,25.233370259236764,capacity_p95,uncontrolled,97.16330213713944,68.72073657325969,28.442565563879754,97.16330213713944,
2020-11-20 15:00:00+00:00,California_Garage_02,4.807288522393739,4.807288522393739,17.571483153602806,13.742224764240085,capacity_p95,uncontrolled,90.35680130288168,68.72073657325969,21.636064729621992,90.35680130288168,
2020-11-20 16:00:00+00:00,California_Garage_02,9.076436740016112,9.076436740016112,21.84063137122518,18.011372981862458,capacity_p95,uncontrolled,100.11887993110163,68.72073657325969,31.398143357841946,100.11887993110163,
2020-11-21 00:00:00+00:00,California_Garage_02,13.025884818914232,13.025884818914232,25.790079450123297,21.960821060760576,capacity_p95,uncontrolled,71.90933588065839,68.72073657325969,3.188599307398704,71.90933588065839,
2020-11-21 16:00:00+00:00,California_Garage_02,30.244339356334017,30.244339356334017,43.00853398754308,39.17927559818036,capacity_p95,uncontrolled,69.93867473117878,68.72073657325969,1.217938157919093,69.93867473117878,
2020-11-22 01:00:00+00:00,California_Garage_02,8.876431781515986,8.876431781515986,21.64062641272505,17.81136802336233,capacity_p95,uncontrolled,76.91820623705667,68.72073657325969,8.19746966379698,76.91820623705667,
2020-11-22 16:00:00+00:00,California_Garage_02,45.76912384823679,45.76912384823679,58.53331847944585,54.70406009008313,capacity_p95,uncontrolled,81.07281845560796,68.72073657325969,12.352081882348273,81.07281845560796,
2020-11-22 17:00:00+00:00,California_Garage_02,59.59210665010316,59.59210665010316,72.35630128131223,68.5270428919495,capacity_p95,uncontrolled,87.79787472249262,68.72073657325969,19.077138149232937,87.79787472249262,
2020-11-23 15:00:00+00:00,California_Garage_02,11.3171751124606,11.3171751124606,24.081369743669665,20.252111354306944,capacity_p95,uncontrolled,104.64097807645041,68.72073657325969,35.920241503190724,104.64097807645041,
2020-11-23 16:00:00+00:00,California_Garage_02,16.5963384039224,16.5963384039224,29.360533035131464,25.531274645768743,capacity_p95,uncontrolled,147.3296851079851,68.72073657325969,78.60894853472543,147.3296851079851,
2020-11-23 17:00:00+00:00,California_Garage_02,20.122269094970747,20.122269094970747,32.88646372617981,29.05720533681709,capacity_p95,uncontrolled,85.94165959952885,68.72073657325969,17.220923026269162,85.94165959952885,
2020-11-24 16:00:00+00:00,California_Garage_02,0.8276765056170972,0.8276765056170972,13.591871136826162,9.762612747463443,capacity_p95,uncontrolled,91.8164037645592,68.72073657325969,23.095667191299512,91.8164037645592,
2020-08-18 00:00:00+00:00,California_Garage_02,1.3108547688245633,1.3108547688245633,14.07504940003363,10.24579101067091,capacity_p95,point_forecast,70.39406990659302,68.72073657325969,1.673333333333332,70.39406990659302,
2020-08-21 21:00:00+00:00,California_Garage_02,9.232958777369609,9.232958777369609,21.99715340857868,18.16789501921596,capacity_p95,point_forecast,69.0151653858652,68.72073657325969,0.294428812605517,69.0151653858652,
2020-10-23 22:00:00+00:00,California_Garage_02,12.340480795034608,12.340480795034608,25.104675426243677,21.275417036880956,capacity_p95,point_forecast,68.79852213738022,68.72073657325969,0.07778556412053206,68.79852213738022,
2020-12-03 01:00:00+00:00,California_Garage_02,10.118563248103095,10.118563248103095,22.88275787931216,19.053499489949438,capacity_p95,point_forecast,70.66260689154656,68.72073657325969,1.941870318286874,70.66260689154656,
2020-08-18 00:00:00+00:00,California_Garage_02,1.3108547688245633,1.3108547688245633,14.07504940003363,10.24579101067091,capacity_p95,peak_sensitive,70.39406990659302,68.72073657325969,1.673333333333332,70.39406990659302,
2020-08-21 21:00:00+00:00,California_Garage_02,9.232958777369609,9.232958777369609,21.99715340857868,18.16789501921596,capacity_p95,peak_sensitive,69.0151653858652,68.72073657325969,0.294428812605517,69.0151653858652,
2020-10-23 22:00:00+00:00,California_Garage_02,12.340480795034608,12.340480795034608,25.104675426243677,21.275417036880956,capacity_p95,peak_sensitive,68.79852213738022,68.72073657325969,0.07778556412053206,68.79852213738022,
2020-12-03 01:00:00+00:00,California_Garage_02,10.118563248103095,10.118563248103095,22.88275787931216,19.053499489949438,capacity_p95,peak_sensitive,70.66260689154656,68.72073657325969,1.941870318286874,70.66260689154656,
2020-08-18 00:00:00+00:00,California_Garage_02,1.3108547688245633,1.3108547688245633,14.07504940003363,10.24579101067091,capacity_p95,uncertainty_aware,70.39406990659302,68.72073657325969,1.673333333333332,70.39406990659302,
2020-08-21 21:00:00+00:00,California_Garage_02,9.232958777369609,9.232958777369609,21.99715340857868,18.16789501921596,capacity_p95,uncertainty_aware,69.0151653858652,68.72073657325969,0.294428812605517,69.0151653858652,
2020-10-23 22:00:00+00:00,California_Garage_02,12.340480795034608,12.340480795034608,25.104675426243677,21.275417036880956,capacity_p95,uncertainty_aware,68.79852213738022,68.72073657325969,0.07778556412053206,68.79852213738022,
2020-12-03 01:00:00+00:00,California_Garage_02,10.118563248103095,10.118563248103095,22.88275787931216,19.053499489949438,capacity_p95,uncertainty_aware,70.66260689154656,68.72073657325969,1.941870318286874,70.66260689154656,
2020-08-18 00:00:00+00:00,California_Garage_02,1.3108547688245633,1.3108547688245633,14.07504940003363,10.24579101067091,capacity_p95,hybrid_uncertainty_peak,70.39406990659302,68.72073657325969,1.673333333333332,70.39406990659302,
2020-08-21 21:00:00+00:00,California_Garage_02,9.232958777369609,9.232958777369609,21.99715340857868,18.16789501921596,capacity_p95,hybrid_uncertainty_peak,69.0151653858652,68.72073657325969,0.294428812605517,69.0151653858652,
2020-10-23 22:00:00+00:00,California_Garage_02,12.340480795034608,12.340480795034608,25.104675426243677,21.275417036880956,capacity_p95,hybrid_uncertainty_peak,68.79852213738022,68.72073657325969,0.07778556412053206,68.79852213738022,
2020-12-03 01:00:00+00:00,California_Garage_02,10.118563248103095,10.118563248103095,22.88275787931216,19.053499489949438,capacity_p95,hybrid_uncertainty_peak,70.66260689154656,68.72073657325969,1.941870318286874,70.66260689154656,
2020-10-12 15:00:00+00:00,N_Wilson_Garage_01,22.27264536718371,25.92031686957705,102.05296725905566,79.21317214221207,capacity_p95,uncontrolled,109.16327173490595,90.01284096350537,19.15043077140058,109.16327173490595,
2020-10-12 16:00:00+00:00,N_Wilson_Garage_01,30.895359094813003,30.895359094813003,110.67568098668497,86.74158441912337,capacity_p95,uncontrolled,117.93603183469486,90.01284096350537,27.92319087118949,117.93603183469486,
2020-10-12 17:00:00+00:00,N_Wilson_Garage_01,69.85819922101047,73.5058707234038,149.63852111288242,126.79872599603883,capacity_p95,uncontrolled,91.57765794047397,90.01284096350537,1.5648169769686007,91.57765794047397,
2020-10-13 16:00:00+00:00,N_Wilson_Garage_01,51.989326258342416,55.63699776073576,131.76964815021438,108.92985303337079,capacity_p95,uncontrolled,99.20308422380894,90.01284096350537,9.190243260303575,99.20308422380894,
2020-10-14 15:00:00+00:00,N_Wilson_Garage_01,18.373210524297924,18.373210524297924,98.15353241616988,74.21943584860828,capacity_p95,uncontrolled,99.83773828652438,90.01284096350537,9.824897323019016,99.83773828652438,
2020-10-14 16:00:00+00:00,N_Wilson_Garage_01,19.33193286234431,19.33193286234431,99.11225475421624,75.17815818665466,capacity_p95,uncontrolled,105.62526659615051,90.01284096350537,15.612425632645142,105.62526659615051,
2020-10-16 15:00:00+00:00,N_Wilson_Garage_01,19.304188994947697,22.95186049734104,99.08451088681964,76.24471576997605,capacity_p95,uncontrolled,94.21049999999998,90.01284096350537,4.197659036494613,94.21049999999998,
2020-10-16 16:00:00+00:00,N_Wilson_Garage_01,19.07765810136848,19.07765810136848,98.85797999324043,74.92388342567884,capacity_p95,uncontrolled,104.99804147460944,90.01284096350537,14.985200511104068,104.99804147460944,
2020-10-16 17:00:00+00:00,N_Wilson_Garage_01,21.329187504041744,24.976859006435085,101.10950939591368,78.26971427907009,capacity_p95,uncontrolled,94.17970499999998,90.01284096350537,4.166864036494616,94.17970499999998,
2020-10-17 18:00:00+00:00,N_Wilson_Garage_01,29.857310507527224,29.857310507527224,109.63763239939917,85.70353583183758,capacity_p95,uncontrolled,110.04496656153985,90.01284096350537,20.032125598034483,110.04496656153985,
2020-10-19 15:00:00+00:00,N_Wilson_Garage_01,23.756598259237897,23.756598259237897,103.53692015110984,79.60282358354826,capacity_p95,uncontrolled,109.42551867339994,90.01284096350537,19.412677709894567,109.42551867339994,
2020-10-19 16:00:00+00:00,N_Wilson_Garage_01,42.82071223445392,46.46838373684727,122.60103412632589,99.7612390094823,capacity_p95,uncontrolled,160.65648784500067,90.01284096350537,70.6436468814953,160.65648784500067,
2020-10-19 17:00:00+00:00,N_Wilson_Garage_01,53.4253008006023,57.072972302995645,133.20562269247426,110.36582757563068,capacity_p95,uncontrolled,103.67378934820925,90.01284096350537,13.660948384703886,103.67378934820925,
2020-10-20 15:00:00+00:00,N_Wilson_Garage_01,20.64320461366224,24.29087611605558,100.42352650553418,77.5837313886906,capacity_p95,uncontrolled,124.00631148596568,90.01284096350537,33.99347052246031,124.00631148596568,
2020-10-20 16:00:00+00:00,N_Wilson_Garage_01,25.22766044246389,28.87533194485723,105.00798233433584,82.16818721749225,capacity_p95,uncontrolled,147.7737889324203,90.01284096350537,57.760947968914934,147.7737889324203,
2020-10-20 17:00:00+00:00,N_Wilson_Garage_01,32.68289696810988,36.33056847050322,112.46321885998182,89.62342374313823,capacity_p95,uncontrolled,113.62523985212043,90.01284096350537,23.61239888861506,113.62523985212043,
2020-10-21 16:00:00+00:00,N_Wilson_Garage_01,15.110043766915489,15.110043766915489,94.89036565878745,70.95626909122586,capacity_p95,uncontrolled,92.03000332163398,90.01284096350537,2.0171623581286156,92.03000332163398,
2020-10-22 15:00:00+00:00,N_Wilson_Garage_01,15.509517877324312,15.509517877324312,95.28983976919626,71.35574320163467,capacity_p95,uncontrolled,120.69542913621697,90.01284096350537,30.682588172711604,120.69542913621697,
2020-10-22 16:00:00+00:00,N_Wilson_Garage_01,18.398774823200466,18.398774823200466,98.17909671507242,74.24500014751084,capacity_p95,uncontrolled,148.0885032750663,90.01284096350537,58.07566231156093,148.0885032750663,
2020-10-22 17:00:00+00:00,N_Wilson_Garage_01,26.535424532568445,26.535424532568445,106.3157464244404,82.38164985687881,capacity_p95,uncontrolled,108.57040529009508,90.01284096350537,18.557564326589713,108.57040529009508,
2020-10-23 15:00:00+00:00,N_Wilson_Garage_01,10.472348653887366,10.472348653887366,90.25267054575932,66.31857397819773,capacity_p95,uncontrolled,117.69386027033042,90.01284096350537,27.68101930682505,117.69386027033042,
2020-10-23 16:00:00+00:00,N_Wilson_Garage_01,19.89259606091914,19.89259606091914,99.6729179527911,75.73882138522951,capacity_p95,uncontrolled,122.60229810812403,90.01284096350537,32.58945714461866,122.60229810812403,
2020-10-23 17:00:00+00:00,N_Wilson_Garage_01,36.86310045030579,40.51077195269913,116.64342234217771,93.80362722533413,capacity_p95,uncontrolled,105.15620060331823,90.01284096350537,15.143359639812857,105.15620060331823,
2020-10-26 15:00:00+00:00,N_Wilson_Garage_01,9.516961989931486,9.516961989931486,89.29728388180344,65.36318731424184,capacity_p95,uncontrolled,108.12255251362184,90.01284096350537,18.109711550116472,108.12255251362184,
2020-10-27 14:00:00+00:00,N_Wilson_Garage_01,2.838366060657209,2.838366060657209,82.61868795252916,58.68459138496757,capacity_p95,uncontrolled,97.76445809565597,90.01284096350537,7.751617132150599,97.76445809565597,
2020-10-27 15:00:00+00:00,N_Wilson_Garage_01,12.18385271985206,12.18385271985206,91.964174611724,68.03007804416242,capacity_p95,uncontrolled,167.99963537378707,90.01284096350537,77.9867944102817,167.99963537378707,
2020-10-27 16:00:00+00:00,N_Wilson_Garage_01,12.770424745217356,12.770424745217356,92.5507466370893,68.61665006952772,capacity_p95,uncontrolled,113.96875115835444,90.01284096350537,23.955910194849068,113.96875115835444,
2020-10-28 15:00:00+00:00,N_Wilson_Garage_01,21.15458111138787,21.15458111138787,100.93490300325982,77.00080643569824,capacity_p95,uncontrolled,113.1295042508163,90.01284096350537,23.116663287310928,113.1295042508163,
2020-10-28 16:00:00+00:00,N_Wilson_Garage_01,26.07422664995853,26.07422664995853,105.85454854183048,81.92045197426889,capacity_p95,uncontrolled,99.87506708222023,90.01284096350537,9.862226118714858,99.87506708222023,
2020-11-02 15:00:00+00:00,N_Wilson_Garage_01,9.849761065992066,9.849761065992066,89.63008295786402,65.69598639030242,capacity_p95,uncontrolled,117.32487371910786,90.01284096350537,27.312032755602488,117.32487371910786,
2020-11-02 16:00:00+00:00,N_Wilson_Garage_01,13.189335324575392,13.189335324575392,92.96965721644736,69.03556064888576,capacity_p95,uncontrolled,96.67867703290516,90.01284096350537,6.665836069399788,96.67867703290516,
2020-11-04 16:00:00+00:00,N_Wilson_Garage_01,20.733096700590423,20.733096700590423,100.51341859246236,76.57932202490078,capacity_p95,uncontrolled,110.93996890364221,90.01284096350537,20.92712794013684,110.93996890364221,
2020-11-05 15:00:00+00:00,N_Wilson_Garage_01,16.79626161209003,16.79626161209003,96.57658350396198,72.64248693640039,capacity_p95,uncontrolled,119.86817705266247,90.01284096350537,29.855336089157106,119.86817705266247,
2020-11-05 16:00:00+00:00,N_Wilson_Garage_01,20.93337132586033,20.93337132586033,100.71369321773228,76.7795966501707,capacity_p95,uncontrolled,138.53877308818534,90.01284096350537,48.52593212467997,138.53877308818534,
2020-11-05 17:00:00+00:00,N_Wilson_Garage_01,35.15240163028192,35.15240163028192,114.93272352215388,90.99862695459228,capacity_p95,uncontrolled,101.52380125568013,90.01284096350537,11.510960292174758,101.52380125568013,
2020-11-06 15:00:00+00:00,N_Wilson_Garage_01,10.442163139665295,10.442163139665295,90.22248503153725,66.28838846397565,capacity_p95,uncontrolled,127.3879450076869,90.01284096350537,37.375104044181526,127.3879450076869,
2020-11-06 16:00:00+00:00,N_Wilson_Garage_01,10.92340321053972,10.92340321053972,90.70372510241168,66.76962853485009,capacity_p95,uncontrolled,180.9154048136013,90.01284096350537,90.90256385009593,180.9154048136013,
2020-11-06 17:00:00+00:00,N_Wilson_Garage_01,28.73668524802333,28.73668524802333,108.51700713989528,84.58291057233369,capacity_p95,uncontrolled,103.31260651809045,90.01284096350537,13.299765554585079,103.31260651809045,
2020-11-10 15:00:00+00:00,N_Wilson_Garage_01,7.18009992770866,7.18009992770866,86.9604218195806,63.02632525201902,capacity_p95,uncontrolled,152.6953846270174,90.01284096350537,62.682543663512035,152.6953846270174,
2020-11-10 16:00:00+00:00,N_Wilson_Garage_01,11.643055897822782,11.643055897822782,91.42337778969473,67.48928122213314,capacity_p95,uncontrolled,125.83312626023272,90.01284096350537,35.82028529672735,125.83312626023272,
2020-11-12 15:00:00+00:00,N_Wilson_Garage_01,6.026816177704493,6.026816177704493,85.80713806957644,61.87304150201486,capacity_p95,uncontrolled,168.57278401583324,90.01284096350537,78.55994305232787,168.57278401583324,
2020-11-12 16:00:00+00:00,N_Wilson_Garage_01,15.86123487276566,15.86123487276566,95.6415567646376,71.70746019707602,capacity_p95,uncontrolled,111.11045379733126,90.01284096350537,21.09761283382589,111.11045379733126,
2020-11-16 15:00:00+00:00,N_Wilson_Garage_01,7.677687887997236,7.677687887997236,87.45800977986919,63.5239132123076,capacity_p95,uncontrolled,132.28328571428568,90.01284096350537,42.270444750780314,132.28328571428568,
2020-11-16 16:00:00+00:00,N_Wilson_Garage_01,13.04605278362884,13.04605278362884,92.8263746755008,68.89227810793922,capacity_p95,uncontrolled,161.43415456613917,90.01284096350537,71.4213136026338,161.43415456613917,
2020-11-16 17:00:00+00:00,N_Wilson_Garage_01,32.04430508173783,32.04430508173783,111.82462697360978,87.89053040604819,capacity_p95,uncontrolled,158.39467067578616,90.01284096350537,68.38182971228079,158.39467067578616,
2020-11-17 15:00:00+00:00,N_Wilson_Garage_01,7.867719671587181,7.867719671587181,87.64804156345913,63.71394499589754,capacity_p95,uncontrolled,125.46211603588709,90.01284096350537,35.449275072381724,125.46211603588709,
2020-11-17 16:00:00+00:00,N_Wilson_Garage_01,10.8132326101674,10.8132326101674,90.59355450203935,66.65945793447777,capacity_p95,uncontrolled,114.93893549829778,90.01284096350537,24.926094534792412,114.93893549829778,
2020-11-18 15:00:00+00:00,N_Wilson_Garage_01,7.51434195510137,7.51434195510137,87.29466384697332,63.360567279411725,capacity_p95,uncontrolled,94.9441523813183,90.01284096350537,4.931311417812935,94.9441523813183,
2020-11-18 16:00:00+00:00,N_Wilson_Garage_01,11.530497774045491,11.530497774045491,91.31081966591744,67.37672309835584,capacity_p95,uncontrolled,149.97156799157887,90.01284096350537,59.9587270280735,149.97156799157887,
2020-11-18 17:00:00+00:00,N_Wilson_Garage_01,38.60011702756988,42.24778852996322,118.38043891944184,95.54064380259825,capacity_p95,uncontrolled,108.83906921887082,90.01284096350537,18.82622825536545,108.83906921887082,
2020-11-19 15:00:00+00:00,N_Wilson_Garage_01,7.1215693385128445,7.1215693385128445,86.90189123038479,62.9677946628232,capacity_p95,uncontrolled,121.85578712279104,90.01284096350537,31.842946159285674,121.85578712279104,
2020-11-19 16:00:00+00:00,N_Wilson_Garage_01,13.76645746627208,13.76645746627208,93.54677935814402,69.61268279058244,capacity_p95,uncontrolled,103.55203145572412,90.01284096350537,13.53919049221875,103.55203145572412,
2020-11-21 18:00:00+00:00,N_Wilson_Garage_01,9.850686174647892,9.850686174647892,89.63100806651984,65.69691149895826,capacity_p95,uncontrolled,93.91132678726325,90.01284096350537,3.8984858237578806,93.91132678726325,
2020-11-21 19:00:00+00:00,N_Wilson_Garage_01,13.886376333241293,13.886376333241293,93.66669822511324,69.73260165755164,capacity_p95,uncontrolled,91.05200978478676,90.01284096350537,1.0391688212813932,91.05200978478676,
2020-11-27 16:00:00+00:00,N_Wilson_Garage_01,4.1666947655598925,4.1666947655598925,83.94701665743185,60.01292008987025,capacity_p95,uncontrolled,90.05384688505984,90.01284096350537,0.041005921554472025,90.05384688505984,
2020-11-28 19:00:00+00:00,N_Wilson_Garage_01,4.605105260373917,4.605105260373917,84.38542715224587,60.45133058468428,capacity_p95,uncontrolled,95.24248658550331,90.01284096350537,5.229645621997946,95.24248658550331,
2020-11-28 20:00:00+00:00,N_Wilson_Garage_01,6.344229066273458,6.344229066273458,86.1245509581454,62.19045439058382,capacity_p95,uncontrolled,147.60918601145607,90.01284096350537,57.596345047950706,147.60918601145607,
2020-11-28 21:00:00+00:00,N_Wilson_Garage_01,4.8686993409454695,4.8686993409454695,84.64902123281742,60.71492466525583,capacity_p95,uncontrolled,119.87887867346322,90.01284096350537,29.86603770995785,119.87887867346322,
2020-11-29 21:00:00+00:00,N_Wilson_Garage_01,21.20435184745279,21.20435184745279,100.98467373932472,77.05057717176314,capacity_p95,uncontrolled,94.97211621368321,90.01284096350537,4.959275250177839,94.97211621368321,
2020-11-30 15:00:00+00:00,N_Wilson_Garage_01,5.338754655649173,5.338754655649173,85.11907654752112,61.184979979959536,capacity_p95,uncontrolled,161.10605643228578,90.01284096350537,71.09321546878041,161.10605643228578,
2020-11-30 16:00:00+00:00,N_Wilson_Garage_01,9.391250999763235,9.391250999763235,89.17157289163518,65.2374763240736,capacity_p95,uncontrolled,157.36393448213397,90.01284096350537,67.3510935186286,157.36393448213397,
2020-12-01 15:00:00+00:00,N_Wilson_Garage_01,4.26561997452892,4.26561997452892,84.04594186640087,60.111845298839285,capacity_p95,uncontrolled,117.95016078322921,90.01284096350537,27.93731981972384,117.95016078322921,
2020-12-01 16:00:00+00:00,N_Wilson_Garage_01,7.991941022767041,7.991941022767041,87.77226291463899,63.8381663470774,capacity_p95,uncontrolled,99.80493781094526,90.01284096350537,9.792096847439893,99.80493781094526,
2020-12-02 15:00:00+00:00,N_Wilson_Garage_01,3.694930920506285,3.694930920506285,83.47525281237823,59.54115624481664,capacity_p95,uncontrolled,98.42350767009697,90.01284096350537,8.410666706591599,98.42350767009697,
2020-12-02 16:00:00+00:00,N_Wilson_Garage_01,7.941460004772762,7.941460004772762,87.72178189664471,63.787685329083125,capacity_p95,uncontrolled,117.13139626067624,90.01284096350537,27.11855529717087,117.13139626067624,
2020-12-02 17:00:00+00:00,N_Wilson_Garage_01,7.249951485299819,7.249951485299819,87.03027337717177,63.09617680961018,capacity_p95,uncontrolled,116.82508166521436,90.01284096350537,26.812240701708987,116.82508166521436,
2020-12-03 16:00:00+00:00,N_Wilson_Garage_01,6.046763685190427,6.046763685190427,85.82708557706238,61.89298900950079,capacity_p95,uncontrolled,106.38666666666664,90.01284096350537,16.373825703161273,106.38666666666664,
2020-11-22 04:00:00+00:00,N_Wilson_Garage_01,3.361534929432288,3.361534929432288,83.14185682130423,59.20776025374264,capacity_p95,point_forecast,90.67034096350537,90.01284096350537,0.6574999999999989,90.67034096350537,
2020-12-05 02:00:00+00:00,N_Wilson_Garage_01,2.0872904019795406,2.0872904019795406,81.8676122938515,57.933515726289905,capacity_p95,point_forecast,106.1765287569326,90.01284096350537,16.16368779342723,106.1765287569326,
2020-11-22 04:00:00+00:00,N_Wilson_Garage_01,3.361534929432288,3.361534929432288,83.14185682130423,59.20776025374264,capacity_p95,peak_sensitive,90.67034096350537,90.01284096350537,0.6574999999999989,90.67034096350537,
2020-12-05 02:00:00+00:00,N_Wilson_Garage_01,2.0872904019795406,2.0872904019795406,81.8676122938515,57.933515726289905,capacity_p95,peak_sensitive,106.1765287569326,90.01284096350537,16.16368779342723,106.1765287569326,
2020-11-22 04:00:00+00:00,N_Wilson_Garage_01,3.361534929432288,3.361534929432288,83.14185682130423,59.20776025374264,capacity_p95,uncertainty_aware,90.67034096350537,90.01284096350537,0.6574999999999989,90.67034096350537,
2020-12-05 02:00:00+00:00,N_Wilson_Garage_01,2.0872904019795406,2.0872904019795406,81.8676122938515,57.933515726289905,capacity_p95,uncertainty_aware,106.1765287569326,90.01284096350537,16.16368779342723,106.1765287569326,
2020-11-22 04:00:00+00:00,N_Wilson_Garage_01,3.361534929432288,3.361534929432288,83.14185682130423,59.20776025374264,capacity_p95,hybrid_uncertainty_peak,90.67034096350537,90.01284096350537,0.6574999999999989,90.67034096350537,
2020-12-05 02:00:00+00:00,N_Wilson_Garage_01,2.0872904019795406,2.0872904019795406,81.8676122938515,57.933515726289905,capacity_p95,hybrid_uncertainty_peak,106.1765287569326,90.01284096350537,16.16368779342723,106.1765287569326,
2020-09-03 14:00:00+00:00,Parking_Lot_01,1.0382870920142409,1.0382870920142409,1.0382870920142409,1.0382870920142409,capacity_p95,uncontrolled,19.799999999999997,14.1735953482936,5.626404651706396,19.799999999999997,
2020-09-03 15:00:00+00:00,Parking_Lot_01,1.2950652166245369,1.2950652166245369,1.2950652166245369,1.2950652166245367,capacity_p95,uncontrolled,39.274166666666666,14.1735953482936,25.100571318373063,39.274166666666666,
2020-09-03 16:00:00+00:00,Parking_Lot_01,1.623457903107166,1.623457903107166,1.623457903107166,1.623457903107166,capacity_p95,uncontrolled,34.38244876660342,14.1735953482936,20.208853418309815,34.38244876660342,
2020-09-03 17:00:00+00:00,Parking_Lot_01,4.88656185858224,4.88656185858224,4.88656185858224,4.88656185858224,capacity_p95,uncontrolled,16.721362500000005,14.1735953482936,2.547767151706404,16.721362500000005,
2020-09-04 23:00:00+00:00,Parking_Lot_01,4.137864603232631,4.137864603232631,4.137864603232631,4.137864603232631,capacity_p95,uncontrolled,17.599113362887906,14.1735953482936,3.4255180145943047,17.599113362887906,
2020-09-05 00:00:00+00:00,Parking_Lot_01,0.1296611918633864,0.1296611918633864,0.1296611918633864,0.1296611918633864,capacity_p95,uncontrolled,19.6505,14.1735953482936,5.4769046517064,19.6505,
2020-09-05 22:00:00+00:00,Parking_Lot_01,0.0,0.0,0.0,0.0,capacity_p95,uncontrolled,33.0,14.1735953482936,18.826404651706397,33.0,
2020-09-05 23:00:00+00:00,Parking_Lot_01,0.0,0.0,0.0,0.0,capacity_p95,uncontrolled,26.10216666666667,14.1735953482936,11.928571318373068,26.10216666666667,
2020-09-06 02:00:00+00:00,Parking_Lot_01,0.0,0.0,0.0,0.0,capacity_p95,uncontrolled,19.799999999999997,14.1735953482936,5.626404651706396,19.799999999999997,
2020-09-06 18:00:00+00:00,Parking_Lot_01,0.0,0.0,0.0,0.0,capacity_p95,uncontrolled,19.799999999999997,14.1735953482936,5.626404651706396,19.799999999999997,
2020-09-06 19:00:00+00:00,Parking_Lot_01,0.0,0.0,0.0,0.0,capacity_p95,uncontrolled,14.694333333333333,14.1735953482936,0.520737985039732,14.694333333333333,
2020-09-06 23:00:00+00:00,Parking_Lot_01,0.0,0.0,0.0,0.0,capacity_p95,uncontrolled,19.799999999999997,14.1735953482936,5.626404651706396,19.799999999999997,
2020-09-10 16:00:00+00:00,Parking_Lot_01,1.788329046261526,1.788329046261526,1.788329046261526,1.788329046261526,capacity_p95,uncontrolled,21.54498745519436,14.1735953482936,7.371392106900759,21.54498745519436,
2020-09-13 02:00:00+00:00,Parking_Lot_01,0.0,0.0,0.0,0.0,capacity_p95,uncontrolled,19.171333333333333,14.1735953482936,4.997737985039732,19.171333333333333,
2020-09-13 20:00:00+00:00,Parking_Lot_01,0.0,0.0,0.0,0.0,capacity_p95,uncontrolled,14.437833333333334,14.1735953482936,0.26423798503973295,14.437833333333334,
2020-09-13 21:00:00+00:00,Parking_Lot_01,0.0,0.0,0.0,0.0,capacity_p95,uncontrolled,15.279,14.1735953482936,1.1054046517063991,15.279,
2020-09-13 23:00:00+00:00,Parking_Lot_01,0.0,0.0,0.0,0.0,capacity_p95,uncontrolled,21.968,14.1735953482936,7.794404651706399,21.968,
2020-09-14 00:00:00+00:00,Parking_Lot_01,0.0,0.0,0.0,0.0,capacity_p95,uncontrolled,14.970333333333333,14.1735953482936,0.7967379850397318,14.970333333333333,
2020-09-15 15:00:00+00:00,Parking_Lot_01,5.545312302437771,5.545312302437771,5.545312302437771,5.545312302437771,capacity_p95,uncontrolled,15.145531914893615,14.1735953482936,0.9719365666000144,15.145531914893615,
2020-09-15 16:00:00+00:00,Parking_Lot_01,5.345040516983975,5.345040516983975,5.345040516983975,5.345040516983975,capacity_p95,uncontrolled,14.658499999999998,14.1735953482936,0.4849046517063975,14.658499999999998,
2020-09-16 15:00:00+00:00,Parking_Lot_01,0.0,0.0,0.0,0.0,capacity_p95,uncontrolled,19.799999999999997,14.1735953482936,5.626404651706396,19.799999999999997,
2020-09-16 16:00:00+00:00,Parking_Lot_01,0.0,0.0,0.0,0.0,capacity_p95,uncontrolled,18.81884791344988,14.1735953482936,4.645252565156278,18.81884791344988,
2020-09-17 15:00:00+00:00,Parking_Lot_01,0.0,0.0,0.0,0.0,capacity_p95,uncontrolled,22.994500000000002,14.1735953482936,8.820904651706401,22.994500000000002,
2020-09-17 16:00:00+00:00,Parking_Lot_01,0.0,0.0,0.0,0.0,capacity_p95,uncontrolled,19.799999999999997,14.1735953482936,5.626404651706396,19.799999999999997,
2020-09-17 17:00:00+00:00,Parking_Lot_01,0.0,0.0,0.0,0.0,capacity_p95,uncontrolled,16.6865,14.1735953482936,2.512904651706398,16.6865,
2020-09-19 19:00:00+00:00,Parking_Lot_01,0.0,0.0,0.0,0.0,capacity_p95,uncontrolled,19.799999999999997,14.1735953482936,5.626404651706396,19.799999999999997,
2020-09-19 20:00:00+00:00,Parking_Lot_01,0.0,0.0,0.0,0.0,capacity_p95,uncontrolled,18.73817510758027,14.1735953482936,4.5645797592866675,18.73817510758027,
2020-09-20 23:00:00+00:00,Parking_Lot_01,0.0,0.0,0.0,0.0,capacity_p95,uncontrolled,23.443666666666665,14.1735953482936,9.270071318373065,23.443666666666665,
2020-09-21 00:00:00+00:00,Parking_Lot_01,0.0,0.0,0.0,0.0,capacity_p95,uncontrolled,18.635644985064225,14.1735953482936,4.462049636770624,18.635644985064225,
2020-09-21 15:00:00+00:00,Parking_Lot_01,5.9493473795075325,5.9493473795075325,5.9493473795075325,5.9493473795075325,capacity_p95,uncontrolled,14.636533475534632,14.1735953482936,0.46293812724103134,14.636533475534632,
2020-09-23 17:00:00+00:00,Parking_Lot_01,0.0,0.0,0.0,0.0,capacity_p95,uncontrolled,19.799999999999997,14.1735953482936,5.626404651706396,19.799999999999997,
2020-09-25 16:00:00+00:00,Parking_Lot_01,5.152746829579136,5.152746829579136,5.152746829579136,5.152746829579135,capacity_p95,uncontrolled,14.194106365159131,14.1735953482936,0.02051101686553025,14.194106365159131,
2020-09-27 20:00:00+00:00,Parking_Lot_01,0.0,0.0,0.0,0.0,capacity_p95,uncontrolled,15.022499999999999,14.1735953482936,0.8489046517063983,15.022499999999999,
2020-09-27 21:00:00+00:00,Parking_Lot_01,0.0,0.0,0.0,0.0,capacity_p95,uncontrolled,20.069000000000003,14.1735953482936,5.895404651706402,20.069000000000003,
2020-09-27 22:00:00+00:00,Parking_Lot_01,0.0,0.0,0.0,0.0,capacity_p95,uncontrolled,16.25,14.1735953482936,2.076404651706399,16.25,
2020-09-29 15:00:00+00:00,Parking_Lot_01,6.169774510920296,6.169774510920296,6.169774510920296,6.169774510920296,capacity_p95,uncontrolled,19.799999999999997,14.1735953482936,5.626404651706396,19.799999999999997,
2020-10-01 15:00:00+00:00,Parking_Lot_01,0.0,0.0,0.0,0.0,capacity_p95,uncontrolled,26.4,14.1735953482936,12.226404651706398,26.4,
2020-10-01 16:00:00+00:00,Parking_Lot_01,0.0,0.0,0.0,0.0,capacity_p95,uncontrolled,21.61718040620914,14.1735953482936,7.44358505791554,21.61718040620914,
2020-10-01 17:00:00+00:00,Parking_Lot_01,0.0,0.0,0.0,0.0,capacity_p95,uncontrolled,14.241333333333333,14.1735953482936,0.0677379850397326,14.241333333333333,
2020-10-01 20:00:00+00:00,Parking_Lot_01,0.0,0.0,0.0,0.0,capacity_p95,uncontrolled,16.60419016921837,14.1735953482936,2.430594820924769,16.60419016921837,
2020-10-03 01:00:00+00:00,Parking_Lot_01,0.0295603592557324,0.0295603592557324,0.0295603592557324,0.0295603592557324,capacity_p95,uncontrolled,14.630734225621415,14.1735953482936,0.45713887732781444,14.630734225621415,
2020-10-07 04:00:00+00:00,Parking_Lot_01,0.0003080680987185,0.0003080680987185,0.0003080680987185,0.0003080680987185,capacity_p95,uncontrolled,18.5185,14.1735953482936,4.344904651706399,18.5185,
2020-10-07 15:00:00+00:00,Parking_Lot_01,5.842730443221253,5.842730443221253,5.842730443221253,5.842730443221253,capacity_p95,uncontrolled,22.040333333333333,14.1735953482936,7.866737985039732,22.040333333333333,
2020-10-07 16:00:00+00:00,Parking_Lot_01,5.58505878951358,5.58505878951358,5.58505878951358,5.58505878951358,capacity_p95,uncontrolled,16.147166666666667,14.1735953482936,1.9735713183730663,16.147166666666667,
2020-10-11 00:00:00+00:00,Parking_Lot_01,0.0,0.0,0.0,0.0,capacity_p95,uncontrolled,19.799999999999997,14.1735953482936,5.626404651706396,19.799999999999997,
2020-10-11 01:00:00+00:00,Parking_Lot_01,0.0,0.0,0.0,0.0,capacity_p95,uncontrolled,20.238333333333333,14.1735953482936,6.0647379850397325,20.238333333333333,
2020-10-11 02:00:00+00:00,Parking_Lot_01,0.0,0.0,0.0,0.0,capacity_p95,uncontrolled,16.25886090225564,14.1735953482936,2.0852655539620404,16.25886090225564,
2020-10-11 20:00:00+00:00,Parking_Lot_01,0.0,0.0,0.0,0.0,capacity_p95,uncontrolled,15.373499999999998,14.1735953482936,1.1999046517063974,15.373499999999998,
2020-10-11 21:00:00+00:00,Parking_Lot_01,0.0,0.0,0.0,0.0,capacity_p95,uncontrolled,15.863999999999999,14.1735953482936,1.6904046517063982,15.863999999999999,
2020-10-11 22:00:00+00:00,Parking_Lot_01,0.0,0.0,0.0,0.0,capacity_p95,uncontrolled,15.0055,14.1735953482936,0.8319046517063988,15.0055,
2020-10-11 23:00:00+00:00,Parking_Lot_01,0.0,0.0,0.0,0.0,capacity_p95,uncontrolled,21.550666666666665,14.1735953482936,7.377071318373064,21.550666666666665,
2020-10-12 15:00:00+00:00,Parking_Lot_01,5.846126549658303,5.846126549658303,5.846126549658303,5.846126549658303,capacity_p95,uncontrolled,18.663133281371785,14.1735953482936,4.489537933078184,18.663133281371785,
2020-10-15 15:00:00+00:00,Parking_Lot_01,5.941018952455612,5.941018952455612,5.941018952455612,5.941018952455612,capacity_p95,uncontrolled,21.623166666666666,14.1735953482936,7.449571318373065,21.623166666666666,
2020-10-15 16:00:00+00:00,Parking_Lot_01,5.311759126367186,5.311759126367186,5.311759126367186,5.311759126367186,capacity_p95,uncontrolled,31.79487411178122,14.1735953482936,17.621278763487616,31.79487411178122,
2020-10-15 17:00:00+00:00,Parking_Lot_01,4.858066568228227,4.858066568228227,4.858066568228227,4.858066568228226,capacity_p95,uncontrolled,22.515666666666668,14.1735953482936,8.342071318373067,22.515666666666668,
2020-10-15 18:00:00+00:00,Parking_Lot_01,4.905490806997049,4.905490806997049,4.905490806997049,4.905490806997049,capacity_p95,uncontrolled,19.335851498189,14.1735953482936,5.1622561498954,19.335851498189,
2020-10-17 18:00:00+00:00,Parking_Lot_01,0.0,0.0,0.0,0.0,capacity_p95,uncontrolled,16.00834248079034,14.1735953482936,1.834747132496739,16.00834248079034,
2020-10-17 19:00:00+00:00,Parking_Lot_01,0.0,0.0,0.0,0.0,capacity_p95,uncontrolled,14.626613545816731,14.1735953482936,0.45301819752313044,14.626613545816731,
2020-10-19 15:00:00+00:00,Parking_Lot_01,5.843302493815163,5.843302493815163,5.843302493815163,5.8433024938151625,capacity_p95,uncontrolled,26.4,14.1735953482936,12.226404651706398,26.4,
2020-10-19 16:00:00+00:00,Parking_Lot_01,3.228014412751619,3.228014412751619,3.228014412751619,3.2280144127516186,capacity_p95,uncontrolled,24.269666666666666,14.1735953482936,10.096071318373065,24.269666666666666,
2020-10-23 15:00:00+00:00,Parking_Lot_01,5.487508813551354,5.487508813551354,5.487508813551354,5.487508813551354,capacity_p95,uncontrolled,26.4,14.1735953482936,12.226404651706398,26.4,
2020-10-23 16:00:00+00:00,Parking_Lot_01,5.441854285301474,5.441854285301474,5.441854285301474,5.441854285301474,capacity_p95,uncontrolled,38.11096505375722,14.1735953482936,23.937369705463617,38.11096505375722,
2020-10-23 17:00:00+00:00,Parking_Lot_01,2.2660173553109644,2.2660173553109644,2.2660173553109644,2.2660173553109644,capacity_p95,uncontrolled,32.11,14.1735953482936,17.936404651706397,32.11,
2020-10-23 18:00:00+00:00,Parking_Lot_01,2.103863461052133,2.103863461052133,2.103863461052133,2.103863461052133,capacity_p95,uncontrolled,16.273138888889857,14.1735953482936,2.0995435405962564,16.273138888889857,
2020-10-23 22:00:00+00:00,Parking_Lot_01,1.1989180041779377,1.1989180041779377,1.1989180041779377,1.1989180041779377,capacity_p95,uncontrolled,16.90233333333333,14.1735953482936,2.7287379850397304,16.90233333333333,
2020-10-23 23:00:00+00:00,Parking_Lot_01,1.0579695097521646,1.0579695097521646,1.0579695097521646,1.0579695097521646,capacity_p95,uncontrolled,15.061088821599798,14.1735953482936,0.887493473306197,15.061088821599798,
2020-10-24 23:00:00+00:00,Parking_Lot_01,0.0,0.0,0.0,0.0,capacity_p95,uncontrolled,19.799999999999997,14.1735953482936,5.626404651706396,19.799999999999997,
2020-10-27 16:00:00+00:00,Parking_Lot_01,0.0,0.0,0.0,0.0,capacity_p95,uncontrolled,24.391289692435578,14.1735953482936,10.217694344141977,24.391289692435578,
2020-10-28 15:00:00+00:00,Parking_Lot_01,5.688326348156807,5.688326348156807,5.688326348156807,5.688326348156807,capacity_p95,uncontrolled,20.979228171413112,14.1735953482936,6.805632823119511,20.979228171413112,
2020-10-28 16:00:00+00:00,Parking_Lot_01,5.340214213972857,5.340214213972857,5.340214213972857,5.340214213972857,capacity_p95,uncontrolled,18.66044326893591,14.1735953482936,4.48684792064231,18.66044326893591,
2020-10-31 02:00:00+00:00,Parking_Lot_01,0.0038823756579551,0.0038823756579551,0.0038823756579551,0.0038823756579551,capacity_p95,uncontrolled,21.78927576601671,14.1735953482936,7.6156804177231106,21.78927576601671,
2020-10-31 03:00:00+00:00,Parking_Lot_01,0.0038823756579551,0.0038823756579551,0.0038823756579551,0.0038823756579551,capacity_p95,uncontrolled,21.861463414634148,14.1735953482936,7.687868066340547,21.861463414634148,
2020-10-31 18:00:00+00:00,Parking_Lot_01,0.0,0.0,0.0,0.0,capacity_p95,uncontrolled,14.851703433922998,14.1735953482936,0.6781080856293968,14.851703433922998,
2020-10-31 23:00:00+00:00,Parking_Lot_01,0.0,0.0,0.0,0.0,capacity_p95,uncontrolled,16.313333333333333,14.1735953482936,2.139737985039732,16.313333333333333,
2020-11-02 15:00:00+00:00,Parking_Lot_01,0.0,0.0,0.0,0.0,capacity_p95,uncontrolled,24.276051989730423,14.1735953482936,10.102456641436822,24.276051989730423,
2020-11-02 16:00:00+00:00,Parking_Lot_01,0.0,0.0,0.0,0.0,capacity_p95,uncontrolled,24.71133333333333,14.1735953482936,10.537737985039728,24.71133333333333,
2020-11-03 15:00:00+00:00,Parking_Lot_01,0.0,0.0,0.0,0.0,capacity_p95,uncontrolled,18.726136363636364,14.1735953482936,4.552541015342763,18.726136363636364,
2020-11-03 16:00:00+00:00,Parking_Lot_01,0.0,0.0,0.0,0.0,capacity_p95,uncontrolled,23.192666666666668,14.1735953482936,9.019071318373067,23.192666666666668,
2020-11-03 17:00:00+00:00,Parking_Lot_01,0.0,0.0,0.0,0.0,capacity_p95,uncontrolled,18.0355,14.1735953482936,3.861904651706398,18.0355,
2020-11-04 16:00:00+00:00,Parking_Lot_01,5.746813837403156,5.746813837403156,5.746813837403156,5.746813837403156,capacity_p95,uncontrolled,16.40983333333333,14.1735953482936,2.2362379850397307,16.40983333333333,
2020-11-06 15:00:00+00:00,Parking_Lot_01,0.0,0.0,0.0,0.0,capacity_p95,uncontrolled,24.651028806584364,14.1735953482936,10.477433458290763,24.651028806584364,
2020-11-06 16:00:00+00:00,Parking_Lot_01,5.8793502973702045,5.8793502973702045,5.8793502973702045,5.8793502973702045,capacity_p95,uncontrolled,19.137999999999998,14.1735953482936,4.964404651706397,19.137999999999998,
2020-11-06 17:00:00+00:00,Parking_Lot_01,5.166349651149974,5.166349651149974,5.166349651149974,5.166349651149974,capacity_p95,uncontrolled,14.270166666666668,14.1735953482936,0.09657131837306743,14.270166666666668,
2020-11-07 18:00:00+00:00,Parking_Lot_01,1.5144356718240393,1.5144356718240393,1.5144356718240393,1.5144356718240393,capacity_p95,uncontrolled,19.8,14.1735953482936,5.6264046517064,19.8,
2020-11-08 21:00:00+00:00,Parking_Lot_01,0.0,0.0,0.0,0.0,capacity_p95,uncontrolled,24.52933333333333,14.1735953482936,10.35573798503973,24.52933333333333,
2020-11-09 15:00:00+00:00,Parking_Lot_01,0.0,0.0,0.0,0.0,capacity_p95,uncontrolled,18.08603702486581,14.1735953482936,3.912441676572209,18.08603702486581,
2020-11-09 16:00:00+00:00,Parking_Lot_01,5.759563857863416,5.759563857863416,5.759563857863416,5.759563857863416,capacity_p95,uncontrolled,27.298333333333332,14.1735953482936,13.124737985039731,27.298333333333332,
2020-11-09 17:00:00+00:00,Parking_Lot_01,5.319823415931615,5.319823415931615,5.319823415931615,5.319823415931614,capacity_p95,uncontrolled,17.237166666666667,14.1735953482936,3.063571318373066,17.237166666666667,
2020-11-10 16:00:00+00:00,Parking_Lot_01,0.0,0.0,0.0,0.0,capacity_p95,uncontrolled,20.12381717119891,14.1735953482936,5.950221822905307,20.12381717119891,
2020-11-10 17:00:00+00:00,Parking_Lot_01,0.0,0.0,0.0,0.0,capacity_p95,uncontrolled,26.4,14.1735953482936,12.226404651706398,26.4,
2020-11-10 18:00:00+00:00,Parking_Lot_01,5.916593421613958,5.916593421613958,5.916593421613958,5.916593421613958,capacity_p95,uncontrolled,20.924333333333337,14.1735953482936,6.750737985039736,20.924333333333337,
2020-11-11 15:00:00+00:00,Parking_Lot_01,0.0,0.0,0.0,0.0,capacity_p95,uncontrolled,26.311155220325524,14.1735953482936,12.137559872031924,26.311155220325524,
2020-11-11 16:00:00+00:00,Parking_Lot_01,0.0,0.0,0.0,0.0,capacity_p95,uncontrolled,27.468751412429377,14.1735953482936,13.295156064135776,27.468751412429377,
2020-11-11 17:00:00+00:00,Parking_Lot_01,0.0,0.0,0.0,0.0,capacity_p95,uncontrolled,30.1755,14.1735953482936,16.001904651706397,30.1755,
2020-11-14 20:00:00+00:00,Parking_Lot_01,0.0,0.0,0.0,0.0,capacity_p95,uncontrolled,15.307900067521942,14.1735953482936,1.134304719228341,15.307900067521942,
2020-11-16 15:00:00+00:00,Parking_Lot_01,0.0,0.0,0.0,0.0,capacity_p95,uncontrolled,18.272000000000002,14.1735953482936,4.098404651706401,18.272000000000002,
2020-11-17 03:00:00+00:00,Parking_Lot_01,0.0,0.0,0.0,0.0,capacity_p95,uncontrolled,15.403,14.1735953482936,1.2294046517063997,15.403,
2020-11-18 16:00:00+00:00,Parking_Lot_01,0.0,0.0,0.0,0.0,capacity_p95,uncontrolled,14.18058742402992,14.1735953482936,0.006992075736318881,14.18058742402992,
2020-11-19 15:00:00+00:00,Parking_Lot_01,0.0,0.0,0.0,0.0,capacity_p95,uncontrolled,19.799999999999997,14.1735953482936,5.626404651706396,19.799999999999997,
2020-11-19 16:00:00+00:00,Parking_Lot_01,0.0,0.0,0.0,0.0,capacity_p95,uncontrolled,22.487051373953417,14.1735953482936,8.313456025659816,22.487051373953417,
2020-11-19 17:00:00+00:00,Parking_Lot_01,0.0,0.0,0.0,0.0,capacity_p95,uncontrolled,18.251666666666665,14.1735953482936,4.078071318373064,18.251666666666665,
2020-11-25 02:00:00+00:00,Parking_Lot_01,0.1726299342468329,0.1726299342468329,0.1726299342468329,0.1726299342468329,capacity_p95,uncontrolled,15.062333333333333,14.1735953482936,0.8887379850397323,15.062333333333333,
2020-11-25 15:00:00+00:00,Parking_Lot_01,0.0,0.0,0.0,0.0,capacity_p95,uncontrolled,28.164078092707413,14.1735953482936,13.990482744413812,28.164078092707413,
2020-11-25 16:00:00+00:00,Parking_Lot_01,5.904764294371399,5.904764294371399,5.904764294371399,5.9047642943713985,capacity_p95,uncontrolled,21.82207873485868,14.1735953482936,7.648483386565081,21.82207873485868,
2020-11-27 15:00:00+00:00,Parking_Lot_01,0.0,0.0,0.0,0.0,capacity_p95,uncontrolled,19.04443173593035,14.1735953482936,4.870836387636748,19.04443173593035,
2020-11-28 16:00:00+00:00,Parking_Lot_01,0.0,0.0,0.0,0.0,capacity_p95,uncontrolled,19.07106252135292,14.1735953482936,4.8974671730593204,19.07106252135292,
2020-11-28 17:00:00+00:00,Parking_Lot_01,0.0,0.0,0.0,0.0,capacity_p95,uncontrolled,19.799999999999997,14.1735953482936,5.626404651706396,19.799999999999997,
2020-11-28 18:00:00+00:00,Parking_Lot_01,0.0,0.0,0.0,0.0,capacity_p95,uncontrolled,23.125833333333333,14.1735953482936,8.952237985039732,23.125833333333333,
2020-11-28 19:00:00+00:00,Parking_Lot_01,0.0,0.0,0.0,0.0,capacity_p95,uncontrolled,21.05165222222222,14.1735953482936,6.878056873928619,21.05165222222222,
2020-11-30 21:00:00+00:00,Parking_Lot_01,4.381599347667707,4.381599347667707,4.381599347667707,4.381599347667707,capacity_p95,uncontrolled,19.8,14.1735953482936,5.6264046517064,19.8,
2020-12-01 16:00:00+00:00,Parking_Lot_01,0.0,0.0,0.0,0.0,capacity_p95,uncontrolled,19.799999999999997,14.1735953482936,5.626404651706396,19.799999999999997,
2020-12-01 17:00:00+00:00,Parking_Lot_01,6.126460523106917,6.126460523106917,6.126460523106917,6.126460523106916,capacity_p95,uncontrolled,19.894253077480087,14.1735953482936,5.720657729186486,19.894253077480087,
2020-12-01 21:00:00+00:00,Parking_Lot_01,0.5672593141331459,0.5672593141331459,0.5672593141331459,0.5672593141331459,capacity_p95,point_forecast,15.737652811099926,14.1735953482936,1.5640574628063248,15.737652811099926,
2020-12-01 21:00:00+00:00,Parking_Lot_01,0.5672593141331459,0.5672593141331459,0.5672593141331459,0.5672593141331459,capacity_p95,peak_sensitive,15.737652811099926,14.1735953482936,1.5640574628063248,15.737652811099926,
2020-12-01 21:00:00+00:00,Parking_Lot_01,0.5672593141331459,0.5672593141331459,0.5672593141331459,0.5672593141331459,capacity_p95,uncertainty_aware,15.737652811099926,14.1735953482936,1.5640574628063248,15.737652811099926,
2020-12-01 21:00:00+00:00,Parking_Lot_01,0.5672593141331459,0.5672593141331459,0.5672593141331459,0.5672593141331459,capacity_p95,hybrid_uncertainty_peak,15.737652811099926,14.1735953482936,1.5640574628063248,15.737652811099926,
2020-09-03 15:00:00+00:00,S_Wilson_Garage_01,7.234714111962115,7.234714111962115,18.646220698117325,15.22276872227076,capacity_p95,uncontrolled,37.33218427748761,18.955130728775607,18.377053548712006,37.33218427748761,
2020-09-03 16:00:00+00:00,S_Wilson_Garage_01,12.680977708616297,12.680977708616297,32.011444691667606,26.21230459675221,capacity_p95,uncontrolled,33.689758064516134,18.955130728775607,14.734627335740527,33.689758064516134,
2020-09-03 17:00:00+00:00,S_Wilson_Garage_01,11.139261179761627,11.139261179761627,30.46972816281294,24.670588067897548,capacity_p95,uncontrolled,23.9468089117395,18.955130728775607,4.991678182963891,23.9468089117395,
2020-09-04 14:00:00+00:00,S_Wilson_Garage_01,2.5023458444528,2.5023458444528,13.91385243060801,10.490400454761446,capacity_p95,uncontrolled,19.734453781512606,18.955130728775607,0.7793230527369985,19.734453781512606,
2020-09-04 15:00:00+00:00,S_Wilson_Garage_01,3.300712966391966,3.300712966391966,14.712219552547175,11.28876757670061,capacity_p95,uncontrolled,30.289345057633575,18.955130728775607,11.334214328857968,30.289345057633575,
2020-09-05 17:00:00+00:00,S_Wilson_Garage_01,9.89218133996933,9.89218133996933,29.222648323020643,23.42350822810525,capacity_p95,uncontrolled,26.4,18.955130728775607,7.444869271224391,26.4,
2020-09-05 18:00:00+00:00,S_Wilson_Garage_01,11.460455503013945,11.460455503013945,30.790922486065256,24.99178239114986,capacity_p95,uncontrolled,26.4,18.955130728775607,7.444869271224391,26.4,
2020-09-05 19:00:00+00:00,S_Wilson_Garage_01,9.259101548227298,9.259101548227298,20.670608134382505,17.24715615853594,capacity_p95,uncontrolled,19.138166666666667,18.955130728775607,0.18303593789105932,19.138166666666667,
2020-09-05 23:00:00+00:00,S_Wilson_Garage_01,0.0850769711128622,0.0850769711128622,11.496583557268073,8.07313158142151,capacity_p95,uncontrolled,20.439095969289827,18.955130728775607,1.4839652405142196,20.439095969289827,
2020-09-06 01:00:00+00:00,S_Wilson_Garage_01,0.0,0.0,11.411506586155207,7.9880546103086445,capacity_p95,uncontrolled,22.095557646355246,18.955130728775607,3.1404269175796387,22.095557646355246,
2020-09-08 01:00:00+00:00,S_Wilson_Garage_01,0.0,0.0,11.411506586155207,7.9880546103086445,capacity_p95,uncontrolled,20.328666666666663,18.955130728775607,1.3735359378910559,20.328666666666663,
2020-09-08 03:00:00+00:00,S_Wilson_Garage_01,0.0,0.0,11.411506586155207,7.9880546103086445,capacity_p95,uncontrolled,27.713072289156628,18.955130728775607,8.75794156038102,27.713072289156628,
2020-09-08 04:00:00+00:00,S_Wilson_Garage_01,0.0,0.0,11.411506586155207,7.9880546103086445,capacity_p95,uncontrolled,19.799999999999997,18.955130728775607,0.8448692712243897,19.799999999999997,
2020-09-08 15:00:00+00:00,S_Wilson_Garage_01,5.470987272049804,5.470987272049804,16.882493858205013,13.459041882358449,capacity_p95,uncontrolled,31.313581973407977,18.955130728775607,12.35845124463237,31.313581973407977,
2020-09-09 16:00:00+00:00,S_Wilson_Garage_01,8.979810119872345,8.979810119872345,20.391316706027556,16.96786473018099,capacity_p95,uncontrolled,45.32352071005917,18.955130728775607,26.368389981283563,45.32352071005917,
2020-09-09 17:00:00+00:00,S_Wilson_Garage_01,7.520952575120286,7.520952575120286,18.932459161275496,15.509007185428931,capacity_p95,uncontrolled,38.78533525864999,18.955130728775607,19.83020452987438,38.78533525864999,
2020-09-10 19:00:00+00:00,S_Wilson_Garage_01,5.660702579990151,5.660702579990151,17.07220916614536,13.648757190298797,capacity_p95,uncontrolled,20.775666666666666,18.955130728775607,1.8205359378910586,20.775666666666666,
2020-09-10 21:00:00+00:00,S_Wilson_Garage_01,1.4653632856648824,1.4653632856648824,12.876869871820093,9.45341789597353,capacity_p95,uncontrolled,22.613833333333332,18.955130728775607,3.6587026045577247,22.613833333333332,
2020-09-11 15:00:00+00:00,S_Wilson_Garage_01,3.226349165003289,3.226349165003289,14.637855751158495,11.214403775311933,capacity_p95,uncontrolled,33.807294408402846,18.955130728775607,14.852163679627239,33.807294408402846,
2020-09-11 16:00:00+00:00,S_Wilson_Garage_01,5.655191584866869,5.655191584866869,17.06669817102208,13.643246195175516,capacity_p95,uncontrolled,19.060479988050705,18.955130728775607,0.10534925927509775,19.060479988050705,
2020-09-15 15:00:00+00:00,S_Wilson_Garage_01,12.472459213608625,12.472459213608625,31.80292619665994,26.00378610174454,capacity_p95,uncontrolled,18.979158738080432,18.955130728775607,0.02402800930482485,18.979158738080432,
2020-09-19 18:00:00+00:00,S_Wilson_Garage_01,6.188671149744065,6.188671149744065,17.600177735899273,14.17672576005271,capacity_p95,uncontrolled,22.226999999999997,18.955130728775607,3.2718692712243893,22.226999999999997,
2020-09-21 15:00:00+00:00,S_Wilson_Garage_01,6.456811256970624,6.456811256970624,17.868317843125833,14.44486586727927,capacity_p95,uncontrolled,19.8,18.955130728775607,0.8448692712243933,19.8,
2020-09-21 16:00:00+00:00,S_Wilson_Garage_01,12.402998354361594,12.402998354361594,31.73346533741291,25.93432524249751,capacity_p95,uncontrolled,21.425390083630987,18.955130728775607,2.4702593548553793,21.425390083630987,
2020-09-21 17:00:00+00:00,S_Wilson_Garage_01,9.514954517705718,9.514954517705718,28.84542150075703,23.046281405841633,capacity_p95,uncontrolled,26.4,18.955130728775607,7.444869271224391,26.4,
2020-09-21 18:00:00+00:00,S_Wilson_Garage_01,9.171530421253737,9.171530421253737,20.583037007408947,17.159585031562383,capacity_p95,uncontrolled,22.764333333333333,18.955130728775607,3.8092026045577256,22.764333333333333,
2020-09-23 15:00:00+00:00,S_Wilson_Garage_01,6.936667890604884,6.936667890604884,18.348174476760093,14.92472250091353,capacity_p95,uncontrolled,30.908500000000004,18.955130728775607,11.953369271224396,30.908500000000004,
2020-09-23 16:00:00+00:00,S_Wilson_Garage_01,9.42313136094508,9.42313136094508,28.753598343996394,22.954458249081,capacity_p95,uncontrolled,24.486776569624695,18.955130728775607,5.531645840849087,24.486776569624695,
2020-09-27 22:00:00+00:00,S_Wilson_Garage_01,1.1646888018225288,1.1646888018225288,12.576195387977736,9.152743412131173,capacity_p95,uncontrolled,19.799999999999997,18.955130728775607,0.8448692712243897,19.799999999999997,
2020-09-28 20:00:00+00:00,S_Wilson_Garage_01,10.609491085496064,10.609491085496064,29.939958068547377,24.140817973631982,capacity_p95,uncontrolled,19.799999999999997,18.955130728775607,0.8448692712243897,19.799999999999997,
2020-09-28 21:00:00+00:00,S_Wilson_Garage_01,11.15705578002716,11.15705578002716,30.487522763078477,24.68838266816308,capacity_p95,uncontrolled,19.799999999999997,18.955130728775607,0.8448692712243897,19.799999999999997,
2020-09-29 15:00:00+00:00,S_Wilson_Garage_01,12.723202708467127,16.370874210860467,32.05366969151844,27.348831047321045,capacity_p95,uncontrolled,26.4,18.955130728775607,7.444869271224391,26.4,
2020-09-29 16:00:00+00:00,S_Wilson_Garage_01,12.105088534568864,15.752760036962204,31.435555517620177,26.730716873422786,capacity_p95,uncontrolled,31.946398430021066,18.955130728775607,12.991267701245459,31.946398430021066,
2020-09-29 17:00:00+00:00,S_Wilson_Garage_01,11.804382317999718,15.452053820393058,31.13484930105103,26.43001065685364,capacity_p95,uncontrolled,51.527813813786366,18.955130728775607,32.57268308501076,51.527813813786366,
2020-09-29 18:00:00+00:00,S_Wilson_Garage_01,10.371552753059785,10.371552753059785,29.702019736111097,23.902879641195703,capacity_p95,uncontrolled,27.054499999999997,18.955130728775607,8.09936927122439,27.054499999999997,
2020-09-30 15:00:00+00:00,S_Wilson_Garage_01,3.7044479576694873,3.7044479576694873,15.115954543824696,11.692502567978133,capacity_p95,uncontrolled,19.803,18.955130728775607,0.8478692712243934,19.803,
2020-09-30 16:00:00+00:00,S_Wilson_Garage_01,10.41560146254741,10.41560146254741,29.746068445598723,23.94692835068333,capacity_p95,uncontrolled,20.078,18.955130728775607,1.122869271224392,20.078,
2020-10-01 02:00:00+00:00,S_Wilson_Garage_01,5.419248729515298,5.419248729515298,16.83075531567051,13.407303339823944,capacity_p95,uncontrolled,25.087833333333336,18.955130728775607,6.132702604557728,25.087833333333336,
2020-10-01 03:00:00+00:00,S_Wilson_Garage_01,5.243054794683878,5.243054794683878,16.654561380839088,13.231109404992525,capacity_p95,uncontrolled,26.057848238482382,18.955130728775607,7.102717509706775,26.057848238482382,
2020-10-04 22:00:00+00:00,S_Wilson_Garage_01,1.374365950609053,1.374365950609053,12.785872536764264,9.3624205609177,capacity_p95,uncontrolled,26.32509586706434,18.955130728775607,7.369965138288734,26.32509586706434,
2020-10-04 23:00:00+00:00,S_Wilson_Garage_01,7.602082597707803,7.602082597707803,19.01358918386301,15.590137208016447,capacity_p95,uncontrolled,22.917999999999996,18.955130728775607,3.9628692712243883,22.917999999999996,
2020-10-06 17:00:00+00:00,S_Wilson_Garage_01,11.181460975973044,11.181460975973044,30.511927959024355,24.712787864108957,capacity_p95,uncontrolled,19.799999999999997,18.955130728775607,0.8448692712243897,19.799999999999997,
2020-10-07 15:00:00+00:00,S_Wilson_Garage_01,3.645854493923624,3.645854493923624,15.057361080078833,11.63390910423227,capacity_p95,uncontrolled,27.271472650771386,18.955130728775607,8.316341921995779,27.271472650771386,
2020-10-09 01:00:00+00:00,S_Wilson_Garage_01,2.973708901410465,2.973708901410465,14.385215487565674,10.961763511719111,capacity_p95,uncontrolled,20.641333333333336,18.955130728775607,1.686202604557728,20.641333333333336,
2020-10-09 15:00:00+00:00,S_Wilson_Garage_01,0.0851262532888694,0.0851262532888694,11.49663283944408,8.073180863597516,capacity_p95,uncontrolled,30.72328754685757,18.955130728775607,11.768156818081962,30.72328754685757,
2020-10-09 16:00:00+00:00,S_Wilson_Garage_01,7.693419980721273,11.341091483114614,19.10492656687648,16.775776041747918,capacity_p95,uncontrolled,23.267833333333332,18.955130728775607,4.312702604557725,23.267833333333332,
2020-10-14 15:00:00+00:00,S_Wilson_Garage_01,7.03662404514478,7.03662404514478,18.44813063129999,15.024678655453425,capacity_p95,uncontrolled,22.51228132640001,18.955130728775607,3.5571505976244033,22.51228132640001,
2020-10-14 16:00:00+00:00,S_Wilson_Garage_01,9.864421428814106,9.864421428814106,29.19488841186542,23.395748316950026,capacity_p95,uncontrolled,28.301906824146982,18.955130728775607,9.346776095371375,28.301906824146982,
2020-10-14 17:00:00+00:00,S_Wilson_Garage_01,10.671794459053432,10.671794459053432,30.002261442104743,24.20312134718935,capacity_p95,uncontrolled,24.670513513513512,18.955130728775607,5.715382784737905,24.670513513513512,
2020-10-15 15:00:00+00:00,S_Wilson_Garage_01,8.854758003815176,8.854758003815176,20.266264589970383,16.84281261412382,capacity_p95,uncontrolled,19.661833333333334,18.955130728775607,0.7067026045577265,19.661833333333334,
2020-10-15 16:00:00+00:00,S_Wilson_Garage_01,15.596566086126728,19.24423758852007,36.81297851295193,31.542356235622368,capacity_p95,uncontrolled,23.403135249366017,18.955130728775607,4.448004520590409,23.403135249366017,
2020-10-19 16:00:00+00:00,S_Wilson_Garage_01,9.692752599641196,9.692752599641196,29.02321958269251,23.224079487777114,capacity_p95,uncontrolled,30.81851606164446,18.955130728775607,11.863385332868852,30.81851606164446,
2020-10-20 14:00:00+00:00,S_Wilson_Garage_01,6.496219890511105,6.496219890511105,17.907726476666312,14.48427450081975,capacity_p95,uncontrolled,33.542631284916204,18.955130728775607,14.587500556140597,33.542631284916204,
2020-10-20 15:00:00+00:00,S_Wilson_Garage_01,9.653999731689778,9.653999731689778,28.98446671474109,23.185326619825695,capacity_p95,uncontrolled,49.295666666666676,18.955130728775607,30.34053593789107,49.295666666666676,
2020-10-20 16:00:00+00:00,S_Wilson_Garage_01,9.363687474392863,9.363687474392863,20.775194060548078,17.351742084701513,capacity_p95,uncontrolled,40.75625943910784,18.955130728775607,21.801128710332236,40.75625943910784,
2020-10-21 16:00:00+00:00,S_Wilson_Garage_01,10.546822447168942,10.546822447168942,29.87728943022025,24.078149335304857,capacity_p95,uncontrolled,30.975634297427696,18.955130728775607,12.020503568652089,30.975634297427696,
2020-10-22 15:00:00+00:00,S_Wilson_Garage_01,10.546375925795283,14.194047428188624,29.8768429088466,25.172004264649207,capacity_p95,uncontrolled,23.575179836833115,18.955130728775607,4.620049108057508,23.575179836833115,
2020-10-22 16:00:00+00:00,S_Wilson_Garage_01,18.860234092404845,22.507905594798185,40.07664651923005,34.80602424190049,capacity_p95,uncontrolled,22.329481198589896,18.955130728775607,3.3743504698142885,22.329481198589896,
2020-10-25 18:00:00+00:00,S_Wilson_Garage_01,2.7256155283642114,2.7256155283642114,14.13712211451942,10.713670138672857,capacity_p95,uncontrolled,19.691166666666668,18.955130728775607,0.7360359378910601,19.691166666666668,
2020-10-26 15:00:00+00:00,S_Wilson_Garage_01,8.413522775996254,8.413522775996254,19.82502936215146,16.401577386304897,capacity_p95,uncontrolled,39.6,18.955130728775607,20.644869271224394,39.6,
2020-10-26 16:00:00+00:00,S_Wilson_Garage_01,13.325246077372787,13.325246077372787,34.54165850419799,28.17673477615043,capacity_p95,uncontrolled,30.457833333333333,18.955130728775607,11.502702604557726,30.457833333333333,
2020-10-26 17:00:00+00:00,S_Wilson_Garage_01,11.945803118714108,11.945803118714108,31.27627010176542,25.477130006850025,capacity_p95,uncontrolled,26.39433333333333,18.955130728775607,7.439202604557721,26.39433333333333,
2020-10-29 16:00:00+00:00,S_Wilson_Garage_01,14.833733178577187,18.481404680970527,36.05014560540239,30.77952332807283,capacity_p95,uncontrolled,19.799999999999997,18.955130728775607,0.8448692712243897,19.799999999999997,
2020-10-31 01:00:00+00:00,S_Wilson_Garage_01,0.8109262003661514,0.8109262003661514,12.22243278652136,8.798980810674797,capacity_p95,uncontrolled,19.799999999999997,18.955130728775607,0.8448692712243897,19.799999999999997,
2020-11-03 15:00:00+00:00,S_Wilson_Garage_01,8.31902419170857,8.31902419170857,19.730530777863777,16.307078802017216,capacity_p95,uncontrolled,19.5045,18.955130728775607,0.5493692712243927,19.5045,
2020-11-03 16:00:00+00:00,S_Wilson_Garage_01,10.095959819767804,13.743631322161145,29.426426802819115,24.72158815862172,capacity_p95,uncontrolled,19.799999999999997,18.955130728775607,0.8448692712243897,19.799999999999997,
2020-11-04 15:00:00+00:00,S_Wilson_Garage_01,6.639069392540756,6.639069392540756,18.050575978695964,14.627124002849401,capacity_p95,uncontrolled,26.4,18.955130728775607,7.444869271224391,26.4,
2020-11-04 16:00:00+00:00,S_Wilson_Garage_01,11.484238243435083,11.484238243435083,30.8147052264864,25.015565131571,capacity_p95,uncontrolled,20.390333333333334,18.955130728775607,1.4352026045577269,20.390333333333334,
2020-11-05 15:00:00+00:00,S_Wilson_Garage_01,9.65458972962968,9.65458972962968,28.985056712680997,23.185916617765603,capacity_p95,uncontrolled,27.296499999999995,18.955130728775607,8.341369271224387,27.296499999999995,
2020-11-05 16:00:00+00:00,S_Wilson_Garage_01,10.977140789156312,14.624812291549652,30.307607772207625,25.60276912801023,capacity_p95,uncontrolled,29.808368279567432,18.955130728775607,10.853237550791825,29.808368279567432,
2020-11-05 17:00:00+00:00,S_Wilson_Garage_01,15.541464157344867,19.18913565973821,36.75787658417007,31.48725430684051,capacity_p95,uncontrolled,31.812618644067797,18.955130728775607,12.85748791529219,31.812618644067797,
2020-11-06 15:00:00+00:00,S_Wilson_Garage_01,0.0,0.0,11.411506586155207,7.9880546103086445,capacity_p95,uncontrolled,26.4,18.955130728775607,7.444869271224391,26.4,
2020-11-06 16:00:00+00:00,S_Wilson_Garage_01,8.532404472481877,8.532404472481877,19.943911058637084,16.520459082790524,capacity_p95,uncontrolled,25.65626128921061,18.955130728775607,6.701130560435004,25.65626128921061,
2020-11-07 20:00:00+00:00,S_Wilson_Garage_01,7.964814463566047,7.964814463566047,19.376321049721252,15.952869073874691,capacity_p95,uncontrolled,19.005305555556525,18.955130728775607,0.05017482678091767,19.005305555556525,
2020-11-07 22:00:00+00:00,S_Wilson_Garage_01,5.082793646622301,5.082793646622301,16.494300232777512,13.070848256930947,capacity_p95,uncontrolled,21.680775280898878,18.955130728775607,2.7256445521232706,21.680775280898878,
2020-11-08 23:00:00+00:00,S_Wilson_Garage_01,1.44848762125407,1.44848762125407,12.85999420740928,9.436542231562717,capacity_p95,uncontrolled,26.4,18.955130728775607,7.444869271224391,26.4,
2020-11-09 00:00:00+00:00,S_Wilson_Garage_01,6.764499907495974,6.764499907495974,18.176006493651183,14.752554517804619,capacity_p95,uncontrolled,27.546999999999997,18.955130728775607,8.59186927122439,27.546999999999997,
2020-11-09 01:00:00+00:00,S_Wilson_Garage_01,5.379815834214046,5.379815834214046,16.791322420369255,13.36787044452269,capacity_p95,uncontrolled,19.646166666666666,18.955130728775607,0.6910359378910584,19.646166666666666,
2020-11-09 15:00:00+00:00,S_Wilson_Garage_01,2.353051916800476,2.353051916800476,13.764558502955683,10.34110652710912,capacity_p95,uncontrolled,39.27575018076645,18.955130728775607,20.320619451990844,39.27575018076645,
2020-11-09 16:00:00+00:00,S_Wilson_Garage_01,5.649049154584896,5.649049154584896,17.060555740740107,13.637103764893544,capacity_p95,uncontrolled,21.016333333333336,18.955130728775607,2.061202604557728,21.016333333333336,
2020-11-13 13:00:00+00:00,S_Wilson_Garage_01,1.011713961322274,1.011713961322274,12.423220547477484,8.999768571630922,capacity_p95,uncontrolled,19.014944356120825,18.955130728775607,0.05981362734521767,19.014944356120825,
2020-11-13 15:00:00+00:00,S_Wilson_Garage_01,1.6754925698013727,1.6754925698013727,13.08699915595658,9.663547180110017,capacity_p95,uncontrolled,22.961925365062193,18.955130728775607,4.006794636286585,22.961925365062193,
2020-11-13 16:00:00+00:00,S_Wilson_Garage_01,12.33664691192362,12.33664691192362,31.66711389497493,25.867973800059534,capacity_p95,uncontrolled,28.1905,18.955130728775607,9.235369271224393,28.1905,
2020-11-13 17:00:00+00:00,S_Wilson_Garage_01,12.31033256049865,15.958004062891993,31.640799543549964,26.93596089935257,capacity_p95,uncontrolled,38.731500000000004,18.955130728775607,19.776369271224397,38.731500000000004,
2020-11-15 16:00:00+00:00,S_Wilson_Garage_01,3.935788489683885,3.935788489683885,15.347295075839094,11.923843099992531,capacity_p95,uncontrolled,19.799999999999997,18.955130728775607,0.8448692712243897,19.799999999999997,
2020-11-16 15:00:00+00:00,S_Wilson_Garage_01,1.4390598315713818,1.4390598315713818,12.85056641772659,9.427114441880027,capacity_p95,uncontrolled,32.42431259044862,18.955130728775607,13.469181861673015,32.42431259044862,
2020-11-16 16:00:00+00:00,S_Wilson_Garage_01,9.513388546124736,9.513388546124736,28.843855529176047,23.04471543426065,capacity_p95,uncontrolled,19.419000000000004,18.955130728775607,0.4638692712243966,19.419000000000004,
2020-11-17 16:00:00+00:00,S_Wilson_Garage_01,9.976913634955848,9.976913634955848,29.30738061800716,23.508240523091764,capacity_p95,uncontrolled,21.752166666666668,18.955130728775607,2.79703593789106,21.752166666666668,
2020-11-17 17:00:00+00:00,S_Wilson_Garage_01,8.892771424992413,8.892771424992413,20.304278011147623,16.88082603530106,capacity_p95,uncontrolled,25.177777777777784,18.955130728775607,6.222647049002177,25.177777777777784,
2020-11-17 18:00:00+00:00,S_Wilson_Garage_01,13.080626615340677,13.080626615340677,34.29703904216588,27.932115314118317,capacity_p95,uncontrolled,22.745333333333328,18.955130728775607,3.79020260455772,22.745333333333328,
2020-11-18 15:00:00+00:00,S_Wilson_Garage_01,6.444337566540392,6.444337566540392,17.855844152695603,14.432392176849039,capacity_p95,uncontrolled,20.782037143701075,18.955130728775607,1.8269064149254675,20.782037143701075,
2020-11-18 17:00:00+00:00,S_Wilson_Garage_01,9.410472746911886,9.410472746911886,28.7409397299632,22.941799635047804,capacity_p95,uncontrolled,20.888666666666666,18.955130728775607,1.9335359378910582,20.888666666666666,
2020-11-20 03:00:00+00:00,S_Wilson_Garage_01,0.0432240512857574,0.0432240512857574,11.454730637440967,8.031278661594403,capacity_p95,uncontrolled,21.569333333333333,18.955130728775607,2.6142026045577254,21.569333333333333,
2020-11-20 16:00:00+00:00,S_Wilson_Garage_01,0.8304066939042843,0.8304066939042843,12.241913280059494,8.818461304212931,capacity_p95,uncontrolled,21.393135926993274,18.955130728775607,2.4380051982176667,21.393135926993274,
2020-11-23 15:00:00+00:00,S_Wilson_Garage_01,0.0,0.0,11.411506586155207,7.9880546103086445,capacity_p95,uncontrolled,25.02616666666667,18.955130728775607,6.071035937891061,25.02616666666667,
2020-11-24 01:00:00+00:00,S_Wilson_Garage_01,5.269604851290881,5.269604851290881,16.68111143744609,13.257659461599527,capacity_p95,uncontrolled,25.777859778597783,18.955130728775607,6.8227290498221755,25.777859778597783,
2020-11-24 02:00:00+00:00,S_Wilson_Garage_01,4.989564861291064,4.989564861291064,16.401071447446274,12.977619471599711,capacity_p95,uncontrolled,19.85733333333333,18.955130728775607,0.902202604557722,19.85733333333333,
2020-11-24 15:00:00+00:00,S_Wilson_Garage_01,3.007454000508833,3.007454000508833,14.418960586664042,10.99550861081748,capacity_p95,uncontrolled,34.68773014804845,18.955130728775607,15.732599419272844,34.68773014804845,
2020-11-24 16:00:00+00:00,S_Wilson_Garage_01,9.562775193424187,9.562775193424187,28.8932421764755,23.094102081560106,capacity_p95,uncontrolled,45.08280137673209,18.955130728775607,26.127670647956485,45.08280137673209,
2020-11-24 17:00:00+00:00,S_Wilson_Garage_01,11.31404595552294,11.31404595552294,30.64451293857425,24.845372843658854,capacity_p95,uncontrolled,29.81,18.955130728775607,10.854869271224391,29.81,
2020-11-25 15:00:00+00:00,S_Wilson_Garage_01,2.6141922172291023,2.6141922172291023,14.025698803384312,10.60224682753775,capacity_p95,uncontrolled,27.101499999999998,18.955130728775607,8.14636927122439,27.101499999999998,
2020-11-25 16:00:00+00:00,S_Wilson_Garage_01,9.37373561010307,9.37373561010307,20.78524219625828,17.361790220411716,capacity_p95,uncontrolled,19.105833333333333,18.955130728775607,0.15070260455772555,19.105833333333333,
2020-11-27 15:00:00+00:00,S_Wilson_Garage_01,0.0,0.0,11.411506586155207,7.9880546103086445,capacity_p95,uncontrolled,26.4,18.955130728775607,7.444869271224391,26.4,
2020-11-27 16:00:00+00:00,S_Wilson_Garage_01,0.0,0.0,11.411506586155207,7.9880546103086445,capacity_p95,uncontrolled,25.659,18.955130728775607,6.7038692712243915,25.659,
2020-11-28 03:00:00+00:00,S_Wilson_Garage_01,0.0,0.0,11.411506586155207,7.9880546103086445,capacity_p95,uncontrolled,21.076811013767205,18.955130728775607,2.121680284991598,21.076811013767205,
2020-11-29 01:00:00+00:00,S_Wilson_Garage_01,0.0,0.0,11.411506586155207,7.9880546103086445,capacity_p95,uncontrolled,19.799999999999997,18.955130728775607,0.8448692712243897,19.799999999999997,
2020-11-29 21:00:00+00:00,S_Wilson_Garage_01,4.231509140870083,4.231509140870083,15.643015727025292,12.219563751178729,capacity_p95,uncontrolled,19.799999999999997,18.955130728775607,0.8448692712243897,19.799999999999997,
2020-11-29 22:00:00+00:00,S_Wilson_Garage_01,3.544451067477932,3.544451067477932,14.955957653633142,11.532505677786578,capacity_p95,uncontrolled,23.819787501503665,18.955130728775607,4.864656772728058,23.819787501503665,
2020-11-30 15:00:00+00:00,S_Wilson_Garage_01,5.816405128816694,5.816405128816694,17.227911714971903,13.804459739125338,capacity_p95,uncontrolled,29.866372072470167,18.955130728775607,10.91124134369456,29.866372072470167,
2020-11-30 16:00:00+00:00,S_Wilson_Garage_01,9.011652188853722,9.011652188853722,20.42315877500893,16.999706799162368,capacity_p95,uncontrolled,43.41366666666667,18.955130728775607,24.458535937891064,43.41366666666667,
2020-11-30 17:00:00+00:00,S_Wilson_Garage_01,7.979486334474289,7.979486334474289,19.390992920629497,15.967540944782934,capacity_p95,uncontrolled,22.494707443804362,18.955130728775607,3.5395767150287547,22.494707443804362,
2020-09-29 16:00:00+00:00,S_Wilson_Garage_01,12.105088534568864,15.752760036962204,31.435555517620177,26.730716873422786,capacity_p95,valley_filling,25.55513072877561,18.955130728775607,6.600000000000001,25.55513072877561,
2020-09-29 20:00:00+00:00,S_Wilson_Garage_01,7.394512175266698,7.394512175266698,18.806018761421907,15.382566785575342,capacity_p95,valley_filling,20.569799970022736,18.955130728775607,1.6146692412471282,20.569799970022736,
2020-10-20 14:00:00+00:00,S_Wilson_Garage_01,6.496219890511105,6.496219890511105,17.907726476666312,14.48427450081975,capacity_p95,valley_filling,22.38617097414863,18.955130728775607,3.4310402453730227,22.38617097414863,
2020-11-30 15:00:00+00:00,S_Wilson_Garage_01,5.816405128816694,5.816405128816694,17.227911714971903,13.804459739125338,capacity_p95,valley_filling,25.555130728775605,18.955130728775607,6.599999999999998,25.555130728775605,
2020-11-30 17:00:00+00:00,S_Wilson_Garage_01,7.979486334474289,7.979486334474289,19.390992920629497,15.967540944782934,capacity_p95,valley_filling,19.536125276408207,18.955130728775607,0.5809945476325993,19.536125276408207,
2020-09-10 22:00:00+00:00,S_Wilson_Garage_01,1.1468815305976143,1.1468815305976143,12.558388116752823,9.13493614090626,capacity_p95,point_forecast,19.23589656210894,18.955130728775607,0.2807658333333336,19.23589656210894,
2020-09-29 19:00:00+00:00,S_Wilson_Garage_01,6.004350068616616,6.004350068616616,17.415856654771826,13.992404678925263,capacity_p95,point_forecast,25.784331610247605,18.955130728775607,6.829200881471998,25.784331610247605,
2020-09-29 20:00:00+00:00,S_Wilson_Garage_01,7.394512175266698,7.394512175266698,18.806018761421907,15.382566785575342,capacity_p95,point_forecast,19.081,18.955130728775607,0.12586927122439207,19.081,
2020-11-30 19:00:00+00:00,S_Wilson_Garage_01,5.650688128023417,5.650688128023417,17.062194714178627,13.638742738332063,capacity_p95,point_forecast,20.771012822324632,18.955130728775607,1.8158820935490247,20.771012822324632,
2020-09-10 22:00:00+00:00,S_Wilson_Garage_01,1.1468815305976143,1.1468815305976143,12.558388116752823,9.13493614090626,capacity_p95,peak_sensitive,19.23589656210894,18.955130728775607,0.2807658333333336,19.23589656210894,
2020-09-29 19:00:00+00:00,S_Wilson_Garage_01,6.004350068616616,6.004350068616616,17.415856654771826,13.992404678925263,capacity_p95,peak_sensitive,25.784331610247605,18.955130728775607,6.829200881471998,25.784331610247605,
2020-09-29 20:00:00+00:00,S_Wilson_Garage_01,7.394512175266698,7.394512175266698,18.806018761421907,15.382566785575342,capacity_p95,peak_sensitive,19.081,18.955130728775607,0.12586927122439207,19.081,
2020-11-30 19:00:00+00:00,S_Wilson_Garage_01,5.650688128023417,5.650688128023417,17.062194714178627,13.638742738332063,capacity_p95,peak_sensitive,20.771012822324632,18.955130728775607,1.8158820935490247,20.771012822324632,
2020-09-10 22:00:00+00:00,S_Wilson_Garage_01,1.1468815305976143,1.1468815305976143,12.558388116752823,9.13493614090626,capacity_p95,uncertainty_aware,19.23589656210894,18.955130728775607,0.2807658333333336,19.23589656210894,
2020-09-29 19:00:00+00:00,S_Wilson_Garage_01,6.004350068616616,6.004350068616616,17.415856654771826,13.992404678925263,capacity_p95,uncertainty_aware,25.784331610247605,18.955130728775607,6.829200881471998,25.784331610247605,
2020-09-29 20:00:00+00:00,S_Wilson_Garage_01,7.394512175266698,7.394512175266698,18.806018761421907,15.382566785575342,capacity_p95,uncertainty_aware,19.081,18.955130728775607,0.12586927122439207,19.081,
2020-11-30 19:00:00+00:00,S_Wilson_Garage_01,5.650688128023417,5.650688128023417,17.062194714178627,13.638742738332063,capacity_p95,uncertainty_aware,20.771012822324632,18.955130728775607,1.8158820935490247,20.771012822324632,
2020-09-10 22:00:00+00:00,S_Wilson_Garage_01,1.1468815305976143,1.1468815305976143,12.558388116752823,9.13493614090626,capacity_p95,hybrid_uncertainty_peak,19.23589656210894,18.955130728775607,0.2807658333333336,19.23589656210894,
2020-09-29 19:00:00+00:00,S_Wilson_Garage_01,6.004350068616616,6.004350068616616,17.415856654771826,13.992404678925263,capacity_p95,hybrid_uncertainty_peak,25.784331610247605,18.955130728775607,6.829200881471998,25.784331610247605,
2020-09-29 20:00:00+00:00,S_Wilson_Garage_01,7.394512175266698,7.394512175266698,18.806018761421907,15.382566785575342,capacity_p95,hybrid_uncertainty_peak,19.081,18.955130728775607,0.12586927122439207,19.081,
2020-11-30 19:00:00+00:00,S_Wilson_Garage_01,5.650688128023417,5.650688128023417,17.062194714178627,13.638742738332063,capacity_p95,hybrid_uncertainty_peak,20.771012822324632,18.955130728775607,1.8158820935490247,20.771012822324632,
2020-11-10 15:00:00+00:00,Arroyo_Garage_01,99.84316180009267,99.84316180009267,121.05957422691787,114.69465049887032,capacity_p95_plus_10percent,uncontrolled,119.6001576186549,117.81992533364577,1.7802322850091343,119.6001576186549,
2020-11-10 16:00:00+00:00,Arroyo_Garage_01,95.37068712192897,95.37068712192897,116.58709954875415,110.2221758207066,capacity_p95_plus_10percent,uncontrolled,181.24409371562157,117.81992533364577,63.424168381975804,181.24409371562157,
2020-11-10 17:00:00+00:00,Arroyo_Garage_01,97.50980439824914,97.50980439824914,118.72621682507436,112.36129309702679,capacity_p95_plus_10percent,uncontrolled,119.1291157553187,117.81992533364577,1.3091904216729233,119.1291157553187,
2020-11-11 15:00:00+00:00,Arroyo_Garage_01,87.60661282495495,87.60661282495495,108.82302525178017,102.4581015237326,capacity_p95_plus_10percent,uncontrolled,200.27224045848268,117.81992533364577,82.45231512483691,200.27224045848268,
2020-11-11 16:00:00+00:00,Arroyo_Garage_01,92.55787544788691,92.55787544788691,113.77428787471212,107.40936414666456,capacity_p95_plus_10percent,uncontrolled,201.2820159422906,117.81992533364577,83.46209060864483,201.2820159422906,
2020-11-12 15:00:00+00:00,Arroyo_Garage_01,108.90923162132292,108.90923162132292,130.12564404814813,123.76072032010056,capacity_p95_plus_10percent,uncontrolled,202.8263047618328,117.81992533364577,85.00637942818703,202.8263047618328,
2020-11-12 16:00:00+00:00,Arroyo_Garage_01,99.73606116314754,99.73606116314754,120.95247358997274,114.58754986192517,capacity_p95_plus_10percent,uncontrolled,191.09306877101625,117.81992533364577,73.27314343737048,191.09306877101625,
2020-11-15 00:00:00+00:00,Arroyo_Garage_01,0.4369145761062454,0.4369145761062454,21.65332700293145,15.288403274883889,capacity_p95_plus_10percent,uncontrolled,118.1487046450241,117.81992533364577,0.3287793113783266,118.1487046450241,
2020-11-16 15:00:00+00:00,Arroyo_Garage_01,89.14598539545342,89.14598539545342,110.36239782227862,103.99747409423107,capacity_p95_plus_10percent,uncontrolled,158.95474486149683,117.81992533364577,41.134819527851064,158.95474486149683,
2020-11-16 16:00:00+00:00,Arroyo_Garage_01,93.93350264963962,93.93350264963962,115.14991507646482,108.78499134841725,capacity_p95_plus_10percent,uncontrolled,132.0567879526692,117.81992533364577,14.236862619023427,132.0567879526692,
2020-11-17 15:00:00+00:00,Arroyo_Garage_01,90.2084654573265,90.2084654573265,111.4248778841517,105.05995415610413,capacity_p95_plus_10percent,uncontrolled,173.80358846987804,117.81992533364577,55.983663136232266,173.80358846987804,
2020-11-18 16:00:00+00:00,Arroyo_Garage_01,80.58841732515012,80.58841732515012,101.80482975197532,95.43990602392775,capacity_p95_plus_10percent,uncontrolled,146.36300240628813,117.81992533364577,28.54307707264236,146.36300240628813,
2020-11-24 14:00:00+00:00,Arroyo_Garage_01,52.91203180589397,52.91203180589397,74.12844423271918,67.76352050467162,capacity_p95_plus_10percent,uncontrolled,118.84541858371273,117.81992533364577,1.0254932500669582,118.84541858371273,
2020-11-24 15:00:00+00:00,Arroyo_Garage_01,78.91365682046352,78.91365682046352,100.13006924728872,93.76514551924114,capacity_p95_plus_10percent,uncontrolled,165.29704760871445,117.81992533364577,47.47712227506868,165.29704760871445,
2020-11-24 16:00:00+00:00,Arroyo_Garage_01,86.09501529469833,86.09501529469833,107.31142772152351,100.94650399347596,capacity_p95_plus_10percent,uncontrolled,165.06026855612632,117.81992533364577,47.24034322248055,165.06026855612632,
2020-11-25 15:00:00+00:00,Arroyo_Garage_01,61.961865563862304,61.961865563862304,83.1782779906875,76.81335426263993,capacity_p95_plus_10percent,uncontrolled,170.97908722194492,117.81992533364577,53.15916188829915,170.97908722194492,
2020-11-25 16:00:00+00:00,Arroyo_Garage_01,78.8229613996642,78.8229613996642,100.0393738264894,93.67445009844182,capacity_p95_plus_10percent,uncontrolled,146.77996044501978,117.81992533364577,28.96003511137401,146.77996044501978,
2020-11-26 15:00:00+00:00,Arroyo_Garage_01,6.823413429649324,6.823413429649324,28.03982585647453,21.674902128426965,capacity_p95_plus_10percent,uncontrolled,177.13173003261173,117.81992533364577,59.31180469896596,177.13173003261173,
2020-11-26 16:00:00+00:00,Arroyo_Garage_01,5.506995241223683,5.506995241223683,26.723407668048885,20.358483940001324,capacity_p95_plus_10percent,uncontrolled,226.52997661415012,117.81992533364577,108.71005128050435,226.52997661415012,
2020-11-26 17:00:00+00:00,Arroyo_Garage_01,5.760404480933631,5.760404480933631,26.976816907758835,20.611893179711274,capacity_p95_plus_10percent,uncontrolled,156.25640432283248,117.81992533364577,38.43647898918671,156.25640432283248,
2020-11-27 15:00:00+00:00,Arroyo_Garage_01,27.83464306217736,27.83464306217736,49.051055489002565,42.686131760955,capacity_p95_plus_10percent,uncontrolled,217.74038564082318,117.81992533364577,99.92046030717741,217.74038564082318,
2020-11-27 16:00:00+00:00,Arroyo_Garage_01,27.127351109148243,27.127351109148243,48.34376353597345,41.97883980792588,capacity_p95_plus_10percent,uncontrolled,243.35788108868672,117.81992533364577,125.53795575504095,243.35788108868672,
2020-11-27 17:00:00+00:00,Arroyo_Garage_01,18.51067952150552,18.51067952150552,39.72709194833072,33.36216822028315,capacity_p95_plus_10percent,uncontrolled,131.49349999999995,117.81992533364577,13.673574666354185,131.49349999999995,
2020-11-30 15:00:00+00:00,Arroyo_Garage_01,65.93768200257242,65.93768200257242,87.15409442939762,80.78917070135005,capacity_p95_plus_10percent,uncontrolled,119.66768966816605,117.81992533364577,1.8477643345202779,119.66768966816605,
2020-11-30 16:00:00+00:00,Arroyo_Garage_01,81.94355431671235,81.94355431671235,103.15996674353757,96.79504301549,capacity_p95_plus_10percent,uncontrolled,159.23171390939245,117.81992533364577,41.411788575746684,159.23171390939245,
2020-07-22 13:00:00+00:00,California_Garage_01,0.0,0.0,1.3514136808139638,0.9459895765697747,capacity_p95_plus_10percent,uncontrolled,132.6561509173375,123.15020011964164,9.50595079769586,,132.6561509173375
2020-07-23 13:00:00+00:00,California_Garage_01,0.0,0.0,1.3514136808139638,0.9459895765697747,capacity_p95_plus_10percent,uncontrolled,147.09112797578416,123.15020011964164,23.940927856142523,,147.09112797578416
2020-07-24 13:00:00+00:00,California_Garage_01,0.0,0.0,1.3514136808139638,0.9459895765697747,capacity_p95_plus_10percent,uncontrolled,135.24606240956547,123.15020011964164,12.09586228992383,,135.24606240956547
2020-07-24 14:00:00+00:00,California_Garage_01,0.0,0.0,1.3514136808139638,0.9459895765697747,capacity_p95_plus_10percent,uncontrolled,146.6548004440018,123.15020011964164,23.50460032436017,,146.6548004440018
2020-07-27 13:00:00+00:00,California_Garage_01,0.0,0.0,1.3514136808139638,0.9459895765697747,capacity_p95_plus_10percent,uncontrolled,131.40654355495778,123.15020011964164,8.25634343531614,,131.40654355495778
2020-07-28 13:00:00+00:00,California_Garage_01,0.0,0.0,1.3514136808139638,0.9459895765697747,capacity_p95_plus_10percent,uncontrolled,130.0217468049889,123.15020011964164,6.871546685347269,,130.0217468049889
2020-07-28 14:00:00+00:00,California_Garage_01,0.0,0.0,1.3514136808139638,0.9459895765697747,capacity_p95_plus_10percent,uncontrolled,130.80923060369162,123.15020011964164,7.659030484049978,,130.80923060369162
2020-07-29 13:00:00+00:00,California_Garage_01,0.0,0.0,1.3514136808139638,0.9459895765697747,capacity_p95_plus_10percent,uncontrolled,128.77744929352713,123.15020011964164,5.627249173885488,,128.77744929352713
2020-07-29 14:00:00+00:00,California_Garage_01,0.0,0.0,1.3514136808139638,0.9459895765697747,capacity_p95_plus_10percent,uncontrolled,134.48026529860826,123.15020011964164,11.33006517896662,,134.48026529860826
2020-07-30 13:00:00+00:00,California_Garage_01,0.0,0.0,1.3514136808139638,0.9459895765697747,capacity_p95_plus_10percent,uncontrolled,145.25229799079972,123.15020011964164,22.10209787115808,,145.25229799079972
2020-08-03 13:00:00+00:00,California_Garage_01,0.0,0.0,1.3514136808139638,0.9459895765697747,capacity_p95_plus_10percent,uncontrolled,130.65173657478113,123.15020011964164,7.501536455139487,,130.65173657478113
2020-08-03 14:00:00+00:00,California_Garage_01,0.0,0.0,1.3514136808139638,0.9459895765697747,capacity_p95_plus_10percent,uncontrolled,130.92681119235993,123.15020011964164,7.776611072718296,,130.92681119235993
2020-08-05 13:00:00+00:00,California_Garage_01,0.0,0.0,1.3514136808139638,0.9459895765697747,capacity_p95_plus_10percent,uncontrolled,134.65895106444754,123.15020011964164,11.508750944805897,,134.65895106444754
2020-08-06 13:00:00+00:00,California_Garage_01,0.0,0.0,1.3514136808139638,0.9459895765697747,capacity_p95_plus_10percent,uncontrolled,137.47831158118166,123.15020011964164,14.328111461540018,,137.47831158118166
2020-08-06 14:00:00+00:00,California_Garage_01,0.0,0.0,1.3514136808139638,0.9459895765697747,capacity_p95_plus_10percent,uncontrolled,134.26710983338555,123.15020011964164,11.116909713743908,,134.26710983338555
2020-08-07 14:00:00+00:00,California_Garage_01,0.0,0.0,1.3514136808139638,0.9459895765697747,capacity_p95_plus_10percent,uncontrolled,128.97009204667583,123.15020011964164,5.819891927034192,,128.97009204667583
2020-08-10 13:00:00+00:00,California_Garage_01,0.0,0.0,1.3514136808139638,0.9459895765697747,capacity_p95_plus_10percent,uncontrolled,125.33066666666662,123.15020011964164,2.1804665470249773,,125.33066666666662
2020-08-10 14:00:00+00:00,California_Garage_01,0.0,0.0,1.3514136808139638,0.9459895765697747,capacity_p95_plus_10percent,uncontrolled,123.9796101499423,123.15020011964164,0.8294100303006644,,123.9796101499423
2020-08-11 14:00:00+00:00,California_Garage_01,0.0,0.0,1.3514136808139638,0.9459895765697747,capacity_p95_plus_10percent,uncontrolled,154.87749320150775,123.15020011964164,31.727293081866108,,154.87749320150775
2020-08-12 13:00:00+00:00,California_Garage_01,0.0,0.0,1.3514136808139638,0.9459895765697747,capacity_p95_plus_10percent,uncontrolled,146.42034625740436,123.15020011964164,23.270146137762723,,146.42034625740436
2020-08-12 14:00:00+00:00,California_Garage_01,0.0,0.0,1.3514136808139638,0.9459895765697747,capacity_p95_plus_10percent,uncontrolled,123.65416666666661,123.15020011964164,0.503966547024973,,123.65416666666661
2020-08-13 13:00:00+00:00,California_Garage_01,0.0,0.0,1.3514136808139638,0.9459895765697747,capacity_p95_plus_10percent,uncontrolled,130.1860658190299,123.15020011964164,7.035865699388253,,130.1860658190299
2020-08-13 14:00:00+00:00,California_Garage_01,0.0,0.0,1.3514136808139638,0.9459895765697747,capacity_p95_plus_10percent,uncontrolled,136.8827374592004,123.15020011964164,13.73253733955876,,136.8827374592004
2020-08-14 13:00:00+00:00,California_Garage_01,0.0,0.0,1.3514136808139638,0.9459895765697747,capacity_p95_plus_10percent,uncontrolled,145.2566894484412,123.15020011964164,22.106489328799555,,145.2566894484412
2020-08-14 14:00:00+00:00,California_Garage_01,0.0,0.0,1.3514136808139638,0.9459895765697747,capacity_p95_plus_10percent,uncontrolled,160.9356609905147,123.15020011964164,37.78546087087305,,160.9356609905147
2020-08-18 13:00:00+00:00,California_Garage_01,0.6712489938365588,0.6712489938365588,2.0226626746505225,1.6172385704063332,capacity_p95_plus_10percent,uncontrolled,156.81693843830823,123.15020011964164,33.66673831866659,,156.81693843830823
2020-08-18 14:00:00+00:00,California_Garage_01,0.0496043109289832,0.0496043109289832,1.401017991742947,0.9955938874987578,capacity_p95_plus_10percent,uncontrolled,146.91931266400294,123.15020011964164,23.769112544361306,,146.91931266400294
2020-08-18 15:00:00+00:00,California_Garage_01,5.902199835789199,5.902199835789199,7.2536135166031634,6.848189412358974,capacity_p95_plus_10percent,uncontrolled,132.89624523737524,123.15020011964164,9.746045117733601,,132.89624523737524
2020-08-19 14:00:00+00:00,California_Garage_01,6.029162500123973,6.029162500123973,7.380576180937936,6.975152076693747,capacity_p95_plus_10percent,uncontrolled,150.82951845769648,123.15020011964164,27.67931833805484,,150.82951845769648
2020-08-20 14:00:00+00:00,California_Garage_01,0.0,0.0,1.3514136808139638,0.9459895765697747,capacity_p95_plus_10percent,uncontrolled,145.09366581838154,123.15020011964164,21.9434656987399,,145.09366581838154
2020-08-25 13:00:00+00:00,California_Garage_01,4.197305698630038,4.197305698630038,5.548719379444002,5.1432952751998124,capacity_p95_plus_10percent,uncontrolled,159.4049649873592,123.15020011964164,36.254764867717554,,159.4049649873592
2020-08-25 14:00:00+00:00,California_Garage_01,0.3830848352074468,0.3830848352074468,1.7344985160214106,1.3290744117772215,capacity_p95_plus_10percent,uncontrolled,182.64176059746916,123.15020011964164,59.49156047782752,,182.64176059746916
2020-08-26 13:00:00+00:00,California_Garage_01,0.0,0.0,1.3514136808139638,0.9459895765697747,capacity_p95_plus_10percent,uncontrolled,132.63710039489743,123.15020011964164,9.486900275255792,,132.63710039489743
2020-08-26 14:00:00+00:00,California_Garage_01,5.625461110661372,5.625461110661372,6.976874791475336,6.571450687231147,capacity_p95_plus_10percent,uncontrolled,126.13974826280331,123.15020011964164,2.98954814316167,,126.13974826280331
2020-08-27 13:00:00+00:00,California_Garage_01,0.6576208238325467,0.6576208238325467,2.0090345046465106,1.6036104004023213,capacity_p95_plus_10percent,uncontrolled,162.37826626985722,123.15020011964164,39.22806615021558,,162.37826626985722
2020-08-28 13:00:00+00:00,California_Garage_01,0.64291549972328,0.64291549972328,1.994329180537244,1.5889050762930548,capacity_p95_plus_10percent,uncontrolled,142.70125921908888,123.15020011964164,19.551059099447244,,142.70125921908888
2020-08-28 14:00:00+00:00,California_Garage_01,0.8016655372648047,0.8016655372648047,2.1530792180787683,1.7476551138345793,capacity_p95_plus_10percent,uncontrolled,136.64107453203582,123.15020011964164,13.490874412394177,,136.64107453203582
2020-08-31 13:00:00+00:00,California_Garage_01,0.6712198096363519,0.6712198096363519,2.022633490450316,1.6172093862061265,capacity_p95_plus_10percent,uncontrolled,127.65176210355489,123.15020011964164,4.501561983913248,,127.65176210355489
2020-08-31 14:00:00+00:00,California_Garage_01,0.7357928092751853,0.7357928092751853,2.087206490089149,1.6817823858449596,capacity_p95_plus_10percent,uncontrolled,148.2534047335516,123.15020011964164,25.103204613909966,,148.2534047335516
2020-08-31 15:00:00+00:00,California_Garage_01,1.9531400082897687,1.9531400082897687,3.3045536891037326,2.8991295848595433,capacity_p95_plus_10percent,uncontrolled,125.32772794266099,123.15020011964164,2.1775278230193464,,125.32772794266099
2020-09-01 13:00:00+00:00,California_Garage_01,0.9429450546507232,0.9429450546507232,2.2943587354646877,1.8889346312204984,capacity_p95_plus_10percent,uncontrolled,135.76397114100837,123.15020011964164,12.61377102136673,,135.76397114100837
2020-09-01 14:00:00+00:00,California_Garage_01,0.0540111709038475,0.0540111709038475,1.4054248517178114,1.000000747473622,capacity_p95_plus_10percent,uncontrolled,126.79357093574814,123.15020011964164,3.643370816106497,,126.79357093574814
2020-09-02 13:00:00+00:00,California_Garage_01,0.0,0.0,1.3514136808139638,0.9459895765697747,capacity_p95_plus_10percent,uncontrolled,137.58442858729825,123.15020011964164,14.43422846765661,,137.58442858729825
2020-09-02 14:00:00+00:00,California_Garage_01,0.0110427757017779,0.0110427757017779,1.3624564565157418,0.9570323522715526,capacity_p95_plus_10percent,uncontrolled,135.84934728311407,123.15020011964164,12.699147163472432,,135.84934728311407
2020-09-03 13:00:00+00:00,California_Garage_01,0.6642212094147282,0.6642212094147282,2.015634890228692,1.6102107859845027,capacity_p95_plus_10percent,uncontrolled,129.2195075070807,123.15020011964164,6.0693073874390535,,129.2195075070807
2020-09-04 14:00:00+00:00,California_Garage_01,0.0,0.0,1.3514136808139638,0.9459895765697747,capacity_p95_plus_10percent,uncontrolled,142.8781594511616,123.15020011964164,19.727959331519955,,142.8781594511616
2020-09-07 13:00:00+00:00,California_Garage_01,0.0,0.0,1.3514136808139638,0.9459895765697747,capacity_p95_plus_10percent,uncontrolled,131.33165508365505,123.15020011964164,8.181454964013412,,131.33165508365505
2020-09-07 14:00:00+00:00,California_Garage_01,0.0,0.0,1.3514136808139638,0.9459895765697747,capacity_p95_plus_10percent,uncontrolled,132.64549999999994,123.15020011964164,9.495299880358303,,132.64549999999994
2020-09-08 13:00:00+00:00,California_Garage_01,0.0,0.0,1.3514136808139638,0.9459895765697747,capacity_p95_plus_10percent,uncontrolled,133.2417547486137,123.15020011964164,10.091554628972048,,133.2417547486137
2020-09-08 14:00:00+00:00,California_Garage_01,0.0,0.0,1.3514136808139638,0.9459895765697747,capacity_p95_plus_10percent,uncontrolled,135.84028280637796,123.15020011964164,12.690082686736318,,135.84028280637796
2020-09-09 13:00:00+00:00,California_Garage_01,0.0,0.0,1.3514136808139638,0.9459895765697747,capacity_p95_plus_10percent,uncontrolled,138.61249999999995,123.15020011964164,15.462299880358316,,138.61249999999995
2020-09-09 14:00:00+00:00,California_Garage_01,0.0,0.0,1.3514136808139638,0.9459895765697747,capacity_p95_plus_10percent,uncontrolled,145.3511304825717,123.15020011964164,22.200930362930066,,145.3511304825717
2020-09-10 13:00:00+00:00,California_Garage_01,0.9729744596772129,0.9729744596772129,2.324388140491177,1.9189640362469875,capacity_p95_plus_10percent,uncontrolled,140.67441692947764,123.15020011964164,17.524216809836005,,140.67441692947764
2020-09-11 13:00:00+00:00,California_Garage_01,0.0491985948774085,0.0491985948774085,1.4006122756913724,0.9951881714471831,capacity_p95_plus_10percent,uncontrolled,134.1913944128392,123.15020011964164,11.041194293197563,,134.1913944128392
2020-09-11 14:00:00+00:00,California_Garage_01,0.0491985948774085,0.0491985948774085,1.4006122756913724,0.9951881714471831,capacity_p95_plus_10percent,uncontrolled,162.91560222402398,123.15020011964164,39.765402104382346,,162.91560222402398
2020-09-15 13:00:00+00:00,California_Garage_01,0.7483004917639381,0.7483004917639381,2.099714172577902,1.6942900683337125,capacity_p95_plus_10percent,uncontrolled,148.8593993952006,123.15020011964164,25.70919927555896,,148.8593993952006
2020-09-15 14:00:00+00:00,California_Garage_01,0.8949235932817121,0.8949235932817121,2.246337274095676,1.8409131698514867,capacity_p95_plus_10percent,uncontrolled,133.4207572712272,123.15020011964164,10.27055715158555,,133.4207572712272
2020-09-16 14:00:00+00:00,California_Garage_01,0.0,0.0,1.3514136808139638,0.9459895765697747,capacity_p95_plus_10percent,uncontrolled,136.6710394556347,123.15020011964164,13.520839335993074,,136.6710394556347
2020-09-17 14:00:00+00:00,California_Garage_01,0.0,0.0,1.3514136808139638,0.9459895765697747,capacity_p95_plus_10percent,uncontrolled,143.54139775907817,123.15020011964164,20.391197639436527,,143.54139775907817
2020-09-28 13:00:00+00:00,California_Garage_01,0.0,0.0,1.3514136808139638,0.9459895765697747,capacity_p95_plus_10percent,uncontrolled,148.00135015290516,123.15020011964164,24.851150033263522,,148.00135015290516
2020-09-29 14:00:00+00:00,California_Garage_01,0.067786607208934,0.067786607208934,1.4192002880228978,1.0137761837787087,capacity_p95_plus_10percent,uncontrolled,139.36697576545527,123.15020011964164,16.216775645813627,,139.36697576545527
2020-09-30 13:00:00+00:00,California_Garage_01,0.0,0.0,1.3514136808139638,0.9459895765697747,capacity_p95_plus_10percent,uncontrolled,137.55135083565432,123.15020011964164,14.40115071601268,,137.55135083565432
2020-10-01 13:00:00+00:00,California_Garage_01,0.0,0.0,1.3514136808139638,0.9459895765697747,capacity_p95_plus_10percent,uncontrolled,126.74241250930747,123.15020011964164,3.592212389665832,,126.74241250930747
2020-10-01 14:00:00+00:00,California_Garage_01,0.0,0.0,1.3514136808139638,0.9459895765697747,capacity_p95_plus_10percent,uncontrolled,140.39769642780104,123.15020011964164,17.2474963081594,,140.39769642780104
2020-10-02 13:00:00+00:00,California_Garage_01,0.0,0.0,1.3514136808139638,0.9459895765697747,capacity_p95_plus_10percent,uncontrolled,132.8739229107942,123.15020011964164,9.723722791152554,,132.8739229107942
2020-10-02 14:00:00+00:00,California_Garage_01,5.940989536546429,5.940989536546429,7.292403217360393,6.886979113116203,capacity_p95_plus_10percent,uncontrolled,135.8735415430267,123.15020011964164,12.723341423385065,,135.8735415430267
2020-10-05 14:00:00+00:00,California_Garage_01,0.0110427757017779,0.0110427757017779,1.3624564565157418,0.9570323522715526,capacity_p95_plus_10percent,uncontrolled,128.59341654021242,123.15020011964164,5.443216420570778,,128.59341654021242
2020-10-08 13:00:00+00:00,California_Garage_01,0.0,0.0,1.3514136808139638,0.9459895765697747,capacity_p95_plus_10percent,uncontrolled,124.60876936508345,123.15020011964164,1.458569245441808,,124.60876936508345
2020-10-08 14:00:00+00:00,California_Garage_01,0.0,0.0,1.3514136808139638,0.9459895765697747,capacity_p95_plus_10percent,uncontrolled,136.00843083613162,123.15020011964164,12.858230716489985,,136.00843083613162
2020-10-09 13:00:00+00:00,California_Garage_01,0.0,0.0,1.3514136808139638,0.9459895765697747,capacity_p95_plus_10percent,uncontrolled,142.67281893091177,123.15020011964164,19.522618811270135,,142.67281893091177
2020-10-09 14:00:00+00:00,California_Garage_01,0.0110427757017779,0.0110427757017779,1.3624564565157418,0.9570323522715526,capacity_p95_plus_10percent,uncontrolled,151.38615044103506,123.15020011964164,28.235950321393418,,151.38615044103506
2020-10-09 15:00:00+00:00,California_Garage_01,0.0,0.0,1.3514136808139638,0.9459895765697747,capacity_p95_plus_10percent,uncontrolled,125.67533333333328,123.15020011964164,2.525133213691646,,125.67533333333328
2020-10-12 13:00:00+00:00,California_Garage_01,2.454093039087406,2.454093039087406,3.80550671990137,3.4000826156571806,capacity_p95_plus_10percent,uncontrolled,126.97369306930689,123.15020011964164,3.823492949665251,,126.97369306930689
2020-10-12 14:00:00+00:00,California_Garage_01,3.1642526105849,3.1642526105849,4.515666291398864,4.110242187154674,capacity_p95_plus_10percent,uncontrolled,164.69183257226396,123.15020011964164,41.54163245262232,,164.69183257226396
2020-10-12 15:00:00+00:00,California_Garage_01,3.741862541757091,3.741862541757091,5.093276222571054,4.687852118326865,capacity_p95_plus_10percent,uncontrolled,145.24145238095232,123.15020011964164,22.091252261310686,,145.24145238095232
2020-10-13 13:00:00+00:00,California_Garage_01,0.0,0.0,1.3514136808139638,0.9459895765697747,capacity_p95_plus_10percent,uncontrolled,142.97137116157694,123.15020011964164,19.8211710419353,,142.97137116157694
2020-10-13 14:00:00+00:00,California_Garage_01,0.0,0.0,1.3514136808139638,0.9459895765697747,capacity_p95_plus_10percent,uncontrolled,181.26375757328535,123.15020011964164,58.11355745364371,,181.26375757328535
2020-10-14 14:00:00+00:00,California_Garage_01,0.0,0.0,1.3514136808139638,0.9459895765697747,capacity_p95_plus_10percent,uncontrolled,149.6356150314053,123.15020011964164,26.48541491176367,,149.6356150314053
2020-10-15 13:00:00+00:00,California_Garage_01,0.0226152916830087,0.0226152916830087,1.3740289724969723,0.9686048682527831,capacity_p95_plus_10percent,uncontrolled,132.6292564938196,123.15020011964164,9.479056374177972,,132.6292564938196
2020-10-15 14:00:00+00:00,California_Garage_01,0.0226152916830087,0.0226152916830087,1.3740289724969723,0.9686048682527831,capacity_p95_plus_10percent,uncontrolled,135.1109569021937,123.15020011964164,11.960756782552053,,135.1109569021937
2020-10-16 13:00:00+00:00,California_Garage_01,0.0226152916830087,0.0226152916830087,1.3740289724969723,0.9686048682527831,capacity_p95_plus_10percent,uncontrolled,150.8010582275752,123.15020011964164,27.65085810793356,,150.8010582275752
2020-10-16 14:00:00+00:00,California_Garage_01,0.0226152916830087,0.0226152916830087,1.3740289724969723,0.9686048682527831,capacity_p95_plus_10percent,uncontrolled,156.81400278349898,123.15020011964164,33.66380266385734,,156.81400278349898
2020-10-19 14:00:00+00:00,California_Garage_01,4.464529673583613,4.464529673583613,5.815943354397577,5.410519250153388,capacity_p95_plus_10percent,uncontrolled,139.18733857126506,123.15020011964164,16.03713845162342,,139.18733857126506
2020-10-20 13:00:00+00:00,California_Garage_01,0.0153659102906917,0.0153659102906917,1.3667795911046556,0.9613554868604665,capacity_p95_plus_10percent,uncontrolled,126.2278333333333,123.15020011964164,3.077633213691655,,126.2278333333333
2020-10-20 14:00:00+00:00,California_Garage_01,0.2222977143966836,0.2222977143966836,1.5737113952106474,1.1682872909664581,capacity_p95_plus_10percent,uncontrolled,123.79870511039287,123.15020011964164,0.6485049907512348,,123.79870511039287
2020-10-21 13:00:00+00:00,California_Garage_01,0.0371432080326219,0.0371432080326219,1.3885568888465858,0.9831327846023965,capacity_p95_plus_10percent,uncontrolled,136.29387923817492,123.15020011964164,13.143679118533285,,136.29387923817492
2020-10-21 14:00:00+00:00,California_Garage_01,7.198165814845721,7.198165814845721,8.549579495659685,8.144155391415495,capacity_p95_plus_10percent,uncontrolled,126.788853947716,123.15020011964164,3.638653828074368,,126.788853947716
2020-10-22 13:00:00+00:00,California_Garage_01,0.153544401926288,0.153544401926288,1.5049580827402518,1.0995339784960625,capacity_p95_plus_10percent,uncontrolled,138.04827633632559,123.15020011964164,14.898076216683947,,138.04827633632559
2020-10-22 14:00:00+00:00,California_Garage_01,0.3340970872685831,0.3340970872685831,1.685510768082547,1.280086663838358,capacity_p95_plus_10percent,uncontrolled,127.4459667520148,123.15020011964164,4.295766632373159,,127.4459667520148
2020-10-23 14:00:00+00:00,California_Garage_01,6.733030046942848,6.733030046942848,8.084443727756812,7.679019623512622,capacity_p95_plus_10percent,uncontrolled,124.34126482138002,123.15020011964164,1.1910647017383837,,124.34126482138002
2020-10-26 14:00:00+00:00,California_Garage_01,33.88319952061399,33.88319952061399,35.234613201427955,34.829189097183765,capacity_p95_plus_10percent,uncontrolled,133.95959613375126,123.15020011964164,10.809396014109623,,133.95959613375126
2020-10-27 13:00:00+00:00,California_Garage_01,0.9566121761365532,0.9566121761365532,2.308025856950517,1.9026017527063277,capacity_p95_plus_10percent,uncontrolled,123.83021541501972,123.15020011964164,0.6800152953780838,,123.83021541501972
2020-10-27 14:00:00+00:00,California_Garage_01,0.1514773785580043,0.1514773785580043,1.5028910593719682,1.097466955127779,capacity_p95_plus_10percent,uncontrolled,157.1889300204602,123.15020011964164,34.03872990081855,,157.1889300204602
2020-10-29 14:00:00+00:00,California_Garage_01,7.32151776053393,7.32151776053393,8.672931441347894,8.267507337103703,capacity_p95_plus_10percent,uncontrolled,138.81726180012856,123.15020011964164,15.667061680486924,,138.81726180012856
2020-10-30 15:00:00+00:00,California_Garage_01,3.1324912249845864,3.1324912249845864,4.48390490579855,4.0784808015543605,capacity_p95_plus_10percent,uncontrolled,124.39507296078735,123.15020011964164,1.2448728411457068,,124.39507296078735
2020-11-02 13:00:00+00:00,California_Garage_01,0.3237182604504705,0.3237182604504705,1.6751319412644343,1.269707837020245,capacity_p95_plus_10percent,uncontrolled,133.88651492992074,123.15020011964164,10.736314810279097,,133.88651492992074
2020-11-02 14:00:00+00:00,California_Garage_01,0.3701873985071186,0.3701873985071186,1.7216010793210823,1.3161769750768932,capacity_p95_plus_10percent,uncontrolled,164.71769743754425,123.15020011964164,41.56749731790261,,164.71769743754425
2020-11-03 13:00:00+00:00,California_Garage_01,0.0,0.0,1.3514136808139638,0.9459895765697747,capacity_p95_plus_10percent,uncontrolled,123.6173328133846,123.15020011964164,0.4671326937429683,,123.6173328133846
2020-11-03 14:00:00+00:00,California_Garage_01,0.0,0.0,1.3514136808139638,0.9459895765697747,capacity_p95_plus_10percent,uncontrolled,161.287871323065,123.15020011964164,38.13767120342335,,161.287871323065
2020-11-04 13:00:00+00:00,California_Garage_01,0.0,0.0,1.3514136808139638,0.9459895765697747,capacity_p95_plus_10percent,uncontrolled,141.88184485541728,123.15020011964164,18.731644735775646,,141.88184485541728
2020-11-04 14:00:00+00:00,California_Garage_01,0.0,0.0,1.3514136808139638,0.9459895765697747,capacity_p95_plus_10percent,uncontrolled,162.76153137967967,123.15020011964164,39.61133126003803,,162.76153137967967
2020-11-05 13:00:00+00:00,California_Garage_01,0.0,0.0,1.3514136808139638,0.9459895765697747,capacity_p95_plus_10percent,uncontrolled,157.96566170869067,123.15020011964164,34.815461589049036,,157.96566170869067
2020-11-05 14:00:00+00:00,California_Garage_01,0.0,0.0,1.3514136808139638,0.9459895765697747,capacity_p95_plus_10percent,uncontrolled,124.77392411787699,123.15020011964164,1.6237239982353486,,124.77392411787699
2020-11-06 13:00:00+00:00,California_Garage_01,0.0,0.0,1.3514136808139638,0.9459895765697747,capacity_p95_plus_10percent,uncontrolled,130.64469832221116,123.15020011964164,7.494498202569517,,130.64469832221116
2020-11-09 13:00:00+00:00,California_Garage_01,0.0741913725957317,0.0741913725957317,1.4256050534096956,1.0201809491655063,capacity_p95_plus_10percent,uncontrolled,156.89876962142193,123.15020011964164,33.748569501780295,,156.89876962142193
2020-11-09 14:00:00+00:00,California_Garage_01,0.0,0.0,1.3514136808139638,0.9459895765697747,capacity_p95_plus_10percent,uncontrolled,165.65515456703653,123.15020011964164,42.504954447394894,,165.65515456703653
2020-11-10 13:00:00+00:00,California_Garage_01,0.0,0.0,1.3514136808139638,0.9459895765697747,capacity_p95_plus_10percent,uncontrolled,136.51062389809837,123.15020011964164,13.360423778456735,,136.51062389809837
2020-11-10 14:00:00+00:00,California_Garage_01,0.0,0.0,1.3514136808139638,0.9459895765697747,capacity_p95_plus_10percent,uncontrolled,163.96261824712175,123.15020011964164,40.812418127480115,,163.96261824712175
2020-11-11 13:00:00+00:00,California_Garage_01,0.0,0.0,1.3514136808139638,0.9459895765697747,capacity_p95_plus_10percent,uncontrolled,145.09465342570087,123.15020011964164,21.94445330605923,,145.09465342570087
2020-11-11 14:00:00+00:00,California_Garage_01,0.0,0.0,1.3514136808139638,0.9459895765697747,capacity_p95_plus_10percent,uncontrolled,144.42405747126432,123.15020011964164,21.27385735162268,,144.42405747126432
2020-11-12 14:00:00+00:00,California_Garage_01,0.0428661841237811,0.0428661841237811,1.394279864937745,0.9888557606935557,capacity_p95_plus_10percent,uncontrolled,175.71728041910046,123.15020011964164,52.56708029945882,,175.71728041910046
2020-11-13 13:00:00+00:00,California_Garage_01,0.0,0.0,1.3514136808139638,0.9459895765697747,capacity_p95_plus_10percent,uncontrolled,140.17590464948813,123.15020011964164,17.025704529846493,,140.17590464948813
2020-11-13 14:00:00+00:00,California_Garage_01,0.0,0.0,1.3514136808139638,0.9459895765697747,capacity_p95_plus_10percent,uncontrolled,171.26423925240312,123.15020011964164,48.11403913276148,,171.26423925240312
2020-11-16 13:00:00+00:00,California_Garage_01,1.852318834865354,1.852318834865354,3.203732515679318,2.7983084114351287,capacity_p95_plus_10percent,uncontrolled,123.66853356890455,123.15020011964164,0.5183334492629115,,123.66853356890455
2020-11-16 14:00:00+00:00,California_Garage_01,2.0666043926965765,2.0666043926965765,3.4180180735105403,3.012593969266351,capacity_p95_plus_10percent,uncontrolled,186.06888915961878,123.15020011964164,62.91868903997714,,186.06888915961878
2020-11-17 14:00:00+00:00,California_Garage_01,0.0043371900323964,0.0043371900323964,1.35575087084636,0.9503267666021707,capacity_p95_plus_10percent,uncontrolled,153.72206435220204,123.15020011964164,30.5718642325604,,153.72206435220204
2020-11-18 13:00:00+00:00,California_Garage_01,0.0,0.0,1.3514136808139638,0.9459895765697747,capacity_p95_plus_10percent,uncontrolled,159.2411666666666,123.15020011964164,36.09096654702496,,159.2411666666666
2020-11-18 14:00:00+00:00,California_Garage_01,0.0,0.0,1.3514136808139638,0.9459895765697747,capacity_p95_plus_10percent,uncontrolled,176.6460700398337,123.15020011964164,53.49586992019205,,176.6460700398337
2020-11-19 13:00:00+00:00,California_Garage_01,0.0404290816880018,0.0404290816880018,1.3918427625019656,0.9864186582577764,capacity_p95_plus_10percent,uncontrolled,160.77542609868118,123.15020011964164,37.62522597903954,,160.77542609868118
2020-11-19 14:00:00+00:00,California_Garage_01,0.0404290816880018,0.0404290816880018,1.3918427625019656,0.9864186582577764,capacity_p95_plus_10percent,uncontrolled,132.49577033501936,123.15020011964164,9.34557021537772,,132.49577033501936
2020-11-20 13:00:00+00:00,California_Garage_01,6.100202824130182,6.100202824130182,7.451616504944146,7.046192400699956,capacity_p95_plus_10percent,uncontrolled,216.23802760061312,123.15020011964164,93.08782748097148,,216.23802760061312
2020-11-20 14:00:00+00:00,California_Garage_01,8.47304767876622,8.47304767876622,9.824461359580184,9.419037255335994,capacity_p95_plus_10percent,uncontrolled,158.89768564433146,123.15020011964164,35.74748552468982,,158.89768564433146
2020-11-24 13:00:00+00:00,California_Garage_01,0.0,0.0,1.3514136808139638,0.9459895765697747,capacity_p95_plus_10percent,uncontrolled,182.24823520796713,123.15020011964164,59.09803508832549,,182.24823520796713
2020-11-24 14:00:00+00:00,California_Garage_01,0.0,0.0,1.3514136808139638,0.9459895765697747,capacity_p95_plus_10percent,uncontrolled,211.4838164717192,123.15020011964164,88.33361635207756,,211.4838164717192
2020-11-24 15:00:00+00:00,California_Garage_01,6.299909477075251,6.299909477075251,7.651323157889214,7.245899053645024,capacity_p95_plus_10percent,uncontrolled,130.7321285119667,123.15020011964164,7.581928392325054,,130.7321285119667
2020-11-25 13:00:00+00:00,California_Garage_01,0.0,0.0,1.3514136808139638,0.9459895765697747,capacity_p95_plus_10percent,uncontrolled,173.30434749013105,123.15020011964164,50.15414737048941,,173.30434749013105
2020-11-25 14:00:00+00:00,California_Garage_01,0.0,0.0,1.3514136808139638,0.9459895765697747,capacity_p95_plus_10percent,uncontrolled,170.97669848941047,123.15020011964164,47.82649836976883,,170.97669848941047
2020-11-26 13:00:00+00:00,California_Garage_01,0.0,0.0,1.3514136808139638,0.9459895765697747,capacity_p95_plus_10percent,uncontrolled,147.64164330997963,123.15020011964164,24.49144319033799,,147.64164330997963
2020-11-26 14:00:00+00:00,California_Garage_01,0.0,0.0,1.3514136808139638,0.9459895765697747,capacity_p95_plus_10percent,uncontrolled,162.75515380462153,123.15020011964164,39.60495368497989,,162.75515380462153
2020-11-27 13:00:00+00:00,California_Garage_01,1.3803043471582706,1.3803043471582706,2.731718027972234,2.326293923728045,capacity_p95_plus_10percent,uncontrolled,187.87500542223438,123.15020011964164,64.72480530259274,,187.87500542223438
2020-11-27 14:00:00+00:00,California_Garage_01,1.59578825227141,1.59578825227141,2.947201933085374,2.5417778288411847,capacity_p95_plus_10percent,uncontrolled,192.50201439758013,123.15020011964164,69.35181427793849,,192.50201439758013
2020-11-30 13:00:00+00:00,California_Garage_01,0.0,0.0,1.3514136808139638,0.9459895765697747,capacity_p95_plus_10percent,uncontrolled,184.91394483349578,123.15020011964164,61.76374471385414,,184.91394483349578
2020-11-30 14:00:00+00:00,California_Garage_01,0.0,0.0,1.3514136808139638,0.9459895765697747,capacity_p95_plus_10percent,uncontrolled,162.67143369258153,123.15020011964164,39.52123357293989,,162.67143369258153
2020-12-01 13:00:00+00:00,California_Garage_01,5.825905479638704,5.825905479638704,7.177319160452669,6.771895056208479,capacity_p95_plus_10percent,uncontrolled,207.03386121710005,123.15020011964164,83.88366109745841,,207.03386121710005
2020-12-01 14:00:00+00:00,California_Garage_01,8.163030376388857,8.163030376388857,9.51444405720282,9.10901995295863,capacity_p95_plus_10percent,uncontrolled,156.60092461647886,123.15020011964164,33.450724496837225,,156.60092461647886
2020-12-02 13:00:00+00:00,California_Garage_01,0.0573576822617438,0.0573576822617438,1.4087713630757075,1.0033472588315182,capacity_p95_plus_10percent,uncontrolled,154.06043435471085,123.15020011964164,30.91023423506921,,154.06043435471085
2020-12-02 14:00:00+00:00,California_Garage_01,0.0573576822617438,0.0573576822617438,1.4087713630757075,1.0033472588315182,capacity_p95_plus_10percent,uncontrolled,151.4283278009565,123.15020011964164,28.27812768131487,,151.4283278009565
2020-10-26 22:00:00+00:00,California_Garage_01,1.23009294696978,1.23009294696978,2.581506627783744,2.176082523539555,capacity_p95_plus_10percent,point_forecast,125.1478667863083,123.15020011964164,1.9976666666666603,,125.1478667863083
2020-10-29 22:00:00+00:00,California_Garage_01,0.526396338896554,0.526396338896554,1.8778100197105176,1.4723859154663284,capacity_p95_plus_10percent,point_forecast,129.15745361416373,123.15020011964164,6.0072534945220895,,129.15745361416373
2020-11-26 23:00:00+00:00,California_Garage_01,0.0693912697570437,0.0693912697570437,1.4208049505710076,1.0153808463268184,capacity_p95_plus_10percent,point_forecast,129.75020011964165,123.15020011964164,6.6000000000000085,,129.75020011964165
2020-11-27 00:00:00+00:00,California_Garage_01,0.0058357758966162,0.0058357758966162,1.35724945671058,0.9518253524663908,capacity_p95_plus_10percent,point_forecast,130.28828611545023,123.15020011964164,7.138085995808595,,130.28828611545023
2020-10-26 22:00:00+00:00,California_Garage_01,1.23009294696978,1.23009294696978,2.581506627783744,2.176082523539555,capacity_p95_plus_10percent,peak_sensitive,125.1478667863083,123.15020011964164,1.9976666666666603,,125.1478667863083
2020-10-29 22:00:00+00:00,California_Garage_01,0.526396338896554,0.526396338896554,1.8778100197105176,1.4723859154663284,capacity_p95_plus_10percent,peak_sensitive,129.15745361416373,123.15020011964164,6.0072534945220895,,129.15745361416373
2020-11-26 23:00:00+00:00,California_Garage_01,0.0693912697570437,0.0693912697570437,1.4208049505710076,1.0153808463268184,capacity_p95_plus_10percent,peak_sensitive,129.75020011964165,123.15020011964164,6.6000000000000085,,129.75020011964165
2020-11-27 00:00:00+00:00,California_Garage_01,0.0058357758966162,0.0058357758966162,1.35724945671058,0.9518253524663908,capacity_p95_plus_10percent,peak_sensitive,130.28828611545023,123.15020011964164,7.138085995808595,,130.28828611545023
2020-10-26 22:00:00+00:00,California_Garage_01,1.23009294696978,1.23009294696978,2.581506627783744,2.176082523539555,capacity_p95_plus_10percent,uncertainty_aware,125.1478667863083,123.15020011964164,1.9976666666666603,,125.1478667863083
2020-10-29 22:00:00+00:00,California_Garage_01,0.526396338896554,0.526396338896554,1.8778100197105176,1.4723859154663284,capacity_p95_plus_10percent,uncertainty_aware,129.15745361416373,123.15020011964164,6.0072534945220895,,129.15745361416373
2020-11-26 23:00:00+00:00,California_Garage_01,0.0693912697570437,0.0693912697570437,1.4208049505710076,1.0153808463268184,capacity_p95_plus_10percent,uncertainty_aware,129.75020011964165,123.15020011964164,6.6000000000000085,,129.75020011964165
2020-11-27 00:00:00+00:00,California_Garage_01,0.0058357758966162,0.0058357758966162,1.35724945671058,0.9518253524663908,capacity_p95_plus_10percent,uncertainty_aware,130.28828611545023,123.15020011964164,7.138085995808595,,130.28828611545023
2020-10-26 22:00:00+00:00,California_Garage_01,1.23009294696978,1.23009294696978,2.581506627783744,2.176082523539555,capacity_p95_plus_10percent,hybrid_uncertainty_peak,125.1478667863083,123.15020011964164,1.9976666666666603,,125.1478667863083
2020-10-29 22:00:00+00:00,California_Garage_01,0.526396338896554,0.526396338896554,1.8778100197105176,1.4723859154663284,capacity_p95_plus_10percent,hybrid_uncertainty_peak,129.15745361416373,123.15020011964164,6.0072534945220895,,129.15745361416373
2020-11-26 23:00:00+00:00,California_Garage_01,0.0693912697570437,0.0693912697570437,1.4208049505710076,1.0153808463268184,capacity_p95_plus_10percent,hybrid_uncertainty_peak,129.75020011964165,123.15020011964164,6.6000000000000085,,129.75020011964165
2020-11-27 00:00:00+00:00,California_Garage_01,0.0058357758966162,0.0058357758966162,1.35724945671058,0.9518253524663908,capacity_p95_plus_10percent,hybrid_uncertainty_peak,130.28828611545023,123.15020011964164,7.138085995808595,,130.28828611545023
2020-08-16 19:00:00+00:00,California_Garage_02,7.657749912275192,7.657749912275192,20.42194454348426,16.592686154121537,capacity_p95_plus_10percent,uncontrolled,82.52302904130279,75.59281023058566,6.930218810717136,82.52302904130279,
2020-08-16 21:00:00+00:00,California_Garage_02,0.0390993900802306,0.0390993900802306,12.803294021289297,8.974035631926576,capacity_p95_plus_10percent,uncontrolled,93.74775378776205,75.59281023058566,18.154943557176395,93.74775378776205,
2020-08-17 15:00:00+00:00,California_Garage_02,18.443209966218948,18.443209966218948,31.207404597428013,27.378146208065292,capacity_p95_plus_10percent,uncontrolled,82.87892685411028,75.59281023058566,7.28611662352462,82.87892685411028,
2020-08-17 16:00:00+00:00,California_Garage_02,14.992707202961933,14.992707202961933,27.756901834171,23.92764344480828,capacity_p95_plus_10percent,uncontrolled,93.33925875235991,75.59281023058566,17.746448521774255,93.33925875235991,
2020-08-17 17:00:00+00:00,California_Garage_02,31.564299225348705,31.564299225348705,44.32849385655777,40.49923546719505,capacity_p95_plus_10percent,uncontrolled,77.348,75.59281023058566,1.7551897694143435,77.348,
2020-08-19 15:00:00+00:00,California_Garage_02,0.0,0.0,12.764194631209064,8.934936241846344,capacity_p95_plus_10percent,uncontrolled,132.5573637256361,75.59281023058566,56.96455349505044,132.5573637256361,
2020-08-19 16:00:00+00:00,California_Garage_02,0.3834589738844178,0.3834589738844178,13.147653605093485,9.318395215730764,capacity_p95_plus_10percent,uncontrolled,138.25417114842733,75.59281023058566,62.66136091784168,138.25417114842733,
2020-08-20 15:00:00+00:00,California_Garage_02,1.3329846960314184,1.3329846960314184,14.097179327240484,10.267920937877765,capacity_p95_plus_10percent,uncontrolled,85.62364351057745,75.59281023058566,10.030833279991796,85.62364351057745,
2020-08-21 15:00:00+00:00,California_Garage_02,3.7684509720369306,3.7684509720369306,16.532645603245996,12.703387213883275,capacity_p95_plus_10percent,uncontrolled,91.04296409838578,75.59281023058566,15.450153867800125,91.04296409838578,
2020-08-21 16:00:00+00:00,California_Garage_02,31.548443603139653,31.548443603139653,44.31263823434872,40.483379844986,capacity_p95_plus_10percent,uncontrolled,123.36448113821581,75.59281023058566,47.77167090763015,123.36448113821581,
2020-08-21 17:00:00+00:00,California_Garage_02,31.41556115264378,31.41556115264378,44.17975578385284,40.35049739449012,capacity_p95_plus_10percent,uncontrolled,116.142496660595,75.59281023058566,40.549686430009345,116.142496660595,
2020-08-21 18:00:00+00:00,California_Garage_02,23.263104525763545,23.263104525763545,36.02729915697261,32.19804076760989,capacity_p95_plus_10percent,uncontrolled,83.23129571084493,75.59281023058566,7.638485480259277,83.23129571084493,
2020-08-24 15:00:00+00:00,California_Garage_02,14.479653359434073,14.479653359434073,27.24384799064314,23.41458960128042,capacity_p95_plus_10percent,uncontrolled,80.82728067025732,75.59281023058566,5.234470439671668,80.82728067025732,
2020-08-24 16:00:00+00:00,California_Garage_02,34.19156136288824,34.19156136288824,46.9557559940973,43.12649760473458,capacity_p95_plus_10percent,uncontrolled,84.70644735991249,75.59281023058566,9.113637129326833,84.70644735991249,
2020-08-25 15:00:00+00:00,California_Garage_02,5.5936248549535,5.5936248549535,18.357819486162565,14.528561096799846,capacity_p95_plus_10percent,uncontrolled,90.97723894228764,75.59281023058566,15.384428711701986,90.97723894228764,
2020-08-25 16:00:00+00:00,California_Garage_02,14.561384756054151,14.561384756054151,27.325579387263215,23.496320997900494,capacity_p95_plus_10percent,uncontrolled,95.12308281086729,75.59281023058566,19.530272580281633,95.12308281086729,
2020-08-27 16:00:00+00:00,California_Garage_02,15.712813609040984,15.712813609040984,28.47700824025005,24.64774985088733,capacity_p95_plus_10percent,uncontrolled,108.21366666666664,75.59281023058566,32.620856436080985,108.21366666666664,
2020-08-27 17:00:00+00:00,California_Garage_02,18.46910334339288,18.46910334339288,31.233297974601943,27.40403958523922,capacity_p95_plus_10percent,uncontrolled,83.62432578827135,75.59281023058566,8.031515557685694,83.62432578827135,
2020-08-30 21:00:00+00:00,California_Garage_02,16.6502359704212,16.6502359704212,29.414430601630265,25.585172212267544,capacity_p95_plus_10percent,uncontrolled,94.23829724797875,75.59281023058566,18.645487017393094,94.23829724797875,
2020-08-31 15:00:00+00:00,California_Garage_02,6.820341478744414,6.820341478744414,19.58453610995348,15.755277720590758,capacity_p95_plus_10percent,uncontrolled,88.20098562628336,75.59281023058566,12.6081753956977,88.20098562628336,
2020-08-31 16:00:00+00:00,California_Garage_02,32.76165132436051,32.76165132436051,45.52584595556957,41.69658756620685,capacity_p95_plus_10percent,uncontrolled,116.70706732271174,75.59281023058566,41.11425709212608,116.70706732271174,
2020-09-01 15:00:00+00:00,California_Garage_02,3.6342176756816063,3.6342176756816063,16.39841230689067,12.56915391752795,capacity_p95_plus_10percent,uncontrolled,122.74027586900912,75.59281023058566,47.14746563842347,122.74027586900912,
2020-09-01 16:00:00+00:00,California_Garage_02,8.59300946650245,8.59300946650245,21.35720409771152,17.527945708348796,capacity_p95_plus_10percent,uncontrolled,129.29063653445044,75.59281023058566,53.69782630386479,129.29063653445044,
2020-09-01 17:00:00+00:00,California_Garage_02,20.38922778361294,20.38922778361294,33.153422414822,29.324164025459282,capacity_p95_plus_10percent,uncontrolled,77.06178408228794,75.59281023058566,1.4689738517022874,77.06178408228794,
2020-09-02 16:00:00+00:00,California_Garage_02,7.826666695627112,7.826666695627112,20.590861326836176,16.761602937473455,capacity_p95_plus_10percent,uncontrolled,81.15233985699223,75.59281023058566,5.559529626406572,81.15233985699223,
2020-09-07 15:00:00+00:00,California_Garage_02,15.37429353953726,15.37429353953726,28.138488170746328,24.309229781383607,capacity_p95_plus_10percent,uncontrolled,96.70485651457895,75.59281023058566,21.112046283993294,96.70485651457895,
2020-09-07 16:00:00+00:00,California_Garage_02,33.83235675700701,33.83235675700701,46.59655138821608,42.76729299885336,capacity_p95_plus_10percent,uncontrolled,102.59684350591449,75.59281023058566,27.004033275328837,102.59684350591449,
2020-09-08 16:00:00+00:00,California_Garage_02,7.780695938362727,7.780695938362727,20.54489056957179,16.71563218020907,capacity_p95_plus_10percent,uncontrolled,77.2849959111977,75.59281023058566,1.6921856806120417,77.2849959111977,
2020-09-10 15:00:00+00:00,California_Garage_02,5.8130967439687335,5.8130967439687335,18.5772913751778,14.74803298581508,capacity_p95_plus_10percent,uncontrolled,100.51644105058861,75.59281023058566,24.923630820002955,100.51644105058861,
2020-09-10 16:00:00+00:00,California_Garage_02,17.33644600577768,17.33644600577768,30.100640636986743,26.27138224762402,capacity_p95_plus_10percent,uncontrolled,130.44504478659772,75.59281023058566,54.852234556012064,130.44504478659772,
2020-09-12 17:00:00+00:00,California_Garage_02,6.193350691063575,6.193350691063575,18.95754532227264,15.12828693290992,capacity_p95_plus_10percent,uncontrolled,85.86287780470491,75.59281023058566,10.270067574119253,85.86287780470491,
2020-09-12 23:00:00+00:00,California_Garage_02,15.604009266385168,15.604009266385168,28.368203897594235,24.538945508231514,capacity_p95_plus_10percent,uncontrolled,90.96741558441558,75.59281023058566,15.37460535382992,90.96741558441558,
2020-09-14 15:00:00+00:00,California_Garage_02,10.57076402247866,10.57076402247866,23.334958653687725,19.505700264325004,capacity_p95_plus_10percent,uncontrolled,122.7499714649433,75.59281023058566,47.157161234357645,122.7499714649433,
2020-09-14 16:00:00+00:00,California_Garage_02,19.66828991305369,19.66828991305369,32.43248454426276,28.60322615490004,capacity_p95_plus_10percent,uncontrolled,113.52881768924827,75.59281023058566,37.936007458662615,113.52881768924827,
2020-09-16 15:00:00+00:00,California_Garage_02,9.294738925151083,9.294738925151083,22.05893355636015,18.229675166997428,capacity_p95_plus_10percent,uncontrolled,103.85741262705513,75.59281023058566,28.26460239646947,103.85741262705513,
2020-09-16 16:00:00+00:00,California_Garage_02,21.26879234855374,21.26879234855374,34.0329869797628,30.203728590400083,capacity_p95_plus_10percent,uncontrolled,122.95116666666662,75.59281023058566,47.35835643608097,122.95116666666662,
2020-09-16 17:00:00+00:00,California_Garage_02,45.45673701807869,45.45673701807869,58.22093164928776,54.391673259925035,capacity_p95_plus_10percent,uncontrolled,92.0692386905278,75.59281023058566,16.47642845994214,92.0692386905278,
2020-09-17 15:00:00+00:00,California_Garage_02,4.7739087169772825,4.7739087169772825,17.538103348186347,13.708844958823628,capacity_p95_plus_10percent,uncontrolled,91.32966666666664,75.59281023058566,15.736856436080984,91.32966666666664,
2020-09-17 16:00:00+00:00,California_Garage_02,9.070329709224534,9.070329709224534,21.8345243404336,18.00526595107088,capacity_p95_plus_10percent,uncontrolled,87.18833918608465,75.59281023058566,11.595528955498992,87.18833918608465,
2020-09-18 16:00:00+00:00,California_Garage_02,17.00593414596481,17.00593414596481,29.77012877717388,25.94087038781116,capacity_p95_plus_10percent,uncontrolled,119.73491245802114,75.59281023058566,44.14210222743549,119.73491245802114,
2020-09-21 15:00:00+00:00,California_Garage_02,11.007155833559157,11.007155833559157,23.771350464768226,19.942092075405505,capacity_p95_plus_10percent,uncontrolled,125.71609839656134,75.59281023058566,50.12328816597568,125.71609839656134,
2020-09-21 16:00:00+00:00,California_Garage_02,19.40751089348067,19.40751089348067,32.171705524689735,28.342447135327014,capacity_p95_plus_10percent,uncontrolled,148.76872903568224,75.59281023058566,73.17591880509659,148.76872903568224,
2020-09-21 17:00:00+00:00,California_Garage_02,28.53211914493732,28.53211914493732,41.296313776146384,37.46705538678366,capacity_p95_plus_10percent,uncontrolled,95.29946686210728,75.59281023058566,19.706656631521625,95.29946686210728,
2020-09-23 15:00:00+00:00,California_Garage_02,5.278147437024263,5.278147437024263,18.042342068233328,14.213083678870609,capacity_p95_plus_10percent,uncontrolled,130.99990403130087,75.59281023058566,55.40709380071522,130.99990403130087,
2020-09-23 16:00:00+00:00,California_Garage_02,58.04465299073848,58.04465299073848,70.80884762194754,66.97958923258481,capacity_p95_plus_10percent,uncontrolled,93.07607078329717,75.59281023058566,17.483260552711513,93.07607078329717,
2020-09-24 15:00:00+00:00,California_Garage_02,9.322008190703132,9.322008190703132,22.086202821912195,18.256944432549474,capacity_p95_plus_10percent,uncontrolled,83.80519189421568,75.59281023058566,8.212381663630026,83.80519189421568,
2020-09-24 16:00:00+00:00,California_Garage_02,17.708238426380365,17.708238426380365,30.47243305758943,26.64317466822671,capacity_p95_plus_10percent,uncontrolled,79.14442042444368,75.59281023058566,3.551610193858025,79.14442042444368,
2020-09-25 15:00:00+00:00,California_Garage_02,2.097198913928857,2.097198913928857,14.861393545137922,11.032135155775203,capacity_p95_plus_10percent,uncontrolled,108.14405603672179,75.59281023058566,32.55124580613614,108.14405603672179,
2020-09-25 16:00:00+00:00,California_Garage_02,17.082137393561137,17.082137393561137,29.8463320247702,26.017073635407478,capacity_p95_plus_10percent,uncontrolled,94.23720985311554,75.59281023058566,18.64439962252989,94.23720985311554,
2020-09-28 15:00:00+00:00,California_Garage_02,9.618417086849396,9.618417086849396,22.382611718058463,18.553353328695742,capacity_p95_plus_10percent,uncontrolled,112.84912648507841,75.59281023058566,37.25631625449276,112.84912648507841,
2020-09-28 16:00:00+00:00,California_Garage_02,20.49676153912765,20.49676153912765,33.26095617033671,29.43169778097399,capacity_p95_plus_10percent,uncontrolled,107.57330952380951,75.59281023058566,31.980499293223858,107.57330952380951,
2020-09-30 15:00:00+00:00,California_Garage_02,9.224655123392992,9.224655123392992,21.988849754602057,18.159591365239336,capacity_p95_plus_10percent,uncontrolled,90.57936216559163,75.59281023058566,14.986551935005977,90.57936216559163,
2020-10-01 15:00:00+00:00,California_Garage_02,4.4628047734233895,4.4628047734233895,17.226999404632455,13.397741015269736,capacity_p95_plus_10percent,uncontrolled,108.88744497165108,75.59281023058566,33.29463474106542,108.88744497165108,
2020-10-01 16:00:00+00:00,California_Garage_02,19.20152510684223,19.20152510684223,31.96571973805129,28.13646134868857,capacity_p95_plus_10percent,uncontrolled,99.57040555337589,75.59281023058566,23.977595322790236,99.57040555337589,
2020-10-02 16:00:00+00:00,California_Garage_02,15.083898082111354,15.083898082111354,27.84809271332042,24.018834323957698,capacity_p95_plus_10percent,uncontrolled,95.5495980500192,75.59281023058566,19.956787819433544,95.5495980500192,
2020-10-05 15:00:00+00:00,California_Garage_02,8.619163431149325,8.619163431149325,21.38335806235839,17.55409967299567,capacity_p95_plus_10percent,uncontrolled,99.31722907653125,75.59281023058566,23.724418845945593,99.31722907653125,
2020-10-05 16:00:00+00:00,California_Garage_02,21.70456336743523,21.70456336743523,34.46875799864429,30.639499609281575,capacity_p95_plus_10percent,uncontrolled,95.20941009526341,75.59281023058566,19.616599864677752,95.20941009526341,
2020-10-09 16:00:00+00:00,California_Garage_02,39.88736406239685,39.88736406239685,52.65155869360592,48.8223003042432,capacity_p95_plus_10percent,uncontrolled,86.47683333333333,75.59281023058566,10.884023102747676,86.47683333333333,
2020-10-14 15:00:00+00:00,California_Garage_02,9.619388704684814,9.619388704684814,22.38358333589388,18.55432494653116,capacity_p95_plus_10percent,uncontrolled,97.87769188002613,75.59281023058566,22.28488164944048,97.87769188002613,
2020-10-14 16:00:00+00:00,California_Garage_02,29.825498916733057,29.825498916733057,42.58969354794212,38.7604351585794,capacity_p95_plus_10percent,uncontrolled,103.63335057471261,75.59281023058566,28.040540344126953,103.63335057471261,
2020-10-15 15:00:00+00:00,California_Garage_02,5.744579687413125,5.744579687413125,18.50877431862219,14.67951592925947,capacity_p95_plus_10percent,uncontrolled,87.81849101554417,75.59281023058566,12.225680784958513,87.81849101554417,
2020-10-15 16:00:00+00:00,California_Garage_02,25.588384533209183,25.588384533209183,38.352579164418245,34.523320775055524,capacity_p95_plus_10percent,uncontrolled,85.29077949246015,75.59281023058566,9.69796926187449,85.29077949246015,
2020-10-15 17:00:00+00:00,California_Garage_02,33.45524419552251,33.45524419552251,46.219438826731576,42.390180437368855,capacity_p95_plus_10percent,uncontrolled,80.62482619167567,75.59281023058566,5.032015961090011,80.62482619167567,
2020-10-16 16:00:00+00:00,California_Garage_02,24.556048726807425,24.556048726807425,37.32024335801649,33.49098496865377,capacity_p95_plus_10percent,uncontrolled,75.87595038613449,75.59281023058566,0.28314015554883554,75.87595038613449,
2020-10-17 16:00:00+00:00,California_Garage_02,10.849508327641333,10.849508327641333,23.6137029588504,19.78444456948768,capacity_p95_plus_10percent,uncontrolled,75.70142592592593,75.59281023058566,0.10861569534027637,75.70142592592593,
2020-10-17 17:00:00+00:00,California_Garage_02,13.476112986275496,13.476112986275496,26.24030761748456,22.41104922812184,capacity_p95_plus_10percent,uncontrolled,76.14430770280188,75.59281023058566,0.5514974722162265,76.14430770280188,
2020-10-19 16:00:00+00:00,California_Garage_02,24.42197273424269,24.42197273424269,37.18616736545175,33.35690897608903,capacity_p95_plus_10percent,uncontrolled,143.73188723249282,75.59281023058566,68.13907700190717,143.73188723249282,
2020-10-19 17:00:00+00:00,California_Garage_02,26.466907781463004,26.466907781463004,39.23110241267207,35.40184402330935,capacity_p95_plus_10percent,uncontrolled,85.95833333333333,75.59281023058566,10.365523102747673,85.95833333333333,
2020-10-23 15:00:00+00:00,California_Garage_02,4.912366075197346,4.912366075197346,17.676560706406413,13.847302317043692,capacity_p95_plus_10percent,uncontrolled,97.37172540986195,75.59281023058566,21.778915179276296,97.37172540986195,
2020-10-23 16:00:00+00:00,California_Garage_02,22.263812396348577,22.263812396348577,35.02800702755764,31.19874863819492,capacity_p95_plus_10percent,uncontrolled,155.72596666912406,75.59281023058566,80.1331564385384,155.72596666912406,
2020-10-23 17:00:00+00:00,California_Garage_02,28.77528793174869,28.77528793174869,41.53948256295776,37.71022417359504,capacity_p95_plus_10percent,uncontrolled,110.53688490454059,75.59281023058566,34.94407467395493,110.53688490454059,
2020-10-27 15:00:00+00:00,California_Garage_02,40.17350077062504,40.17350077062504,52.937695401834105,49.108437012471384,capacity_p95_plus_10percent,uncontrolled,128.5197441466247,75.59281023058566,52.92693391603905,128.5197441466247,
2020-10-27 16:00:00+00:00,California_Garage_02,18.545896863115093,18.545896863115093,31.31009149432416,27.480833104961437,capacity_p95_plus_10percent,uncontrolled,126.02137041943166,75.59281023058566,50.428560188846006,126.02137041943166,
2020-10-29 15:00:00+00:00,California_Garage_02,5.908886707214704,5.908886707214704,18.67308133842377,14.84382294906105,capacity_p95_plus_10percent,uncontrolled,121.76199999999996,75.59281023058566,46.1691897694143,121.76199999999996,
2020-10-29 16:00:00+00:00,California_Garage_02,18.237049678889736,18.237049678889736,31.0012443100988,27.171985920736084,capacity_p95_plus_10percent,uncontrolled,108.41672340622274,75.59281023058566,32.82391317563709,108.41672340622274,
2020-11-01 17:00:00+00:00,California_Garage_02,35.34524181958085,38.99291332197419,48.10943645078992,45.3744795121452,capacity_p95_plus_10percent,uncontrolled,78.41917195004804,75.59281023058566,2.8263617194623833,78.41917195004804,
2020-11-06 15:00:00+00:00,California_Garage_02,8.998814829721882,8.998814829721882,21.763009460930945,17.933751071568224,capacity_p95_plus_10percent,uncontrolled,78.95536197117114,75.59281023058566,3.362551740585488,78.95536197117114,
2020-11-06 16:00:00+00:00,California_Garage_02,13.834199857485968,13.834199857485968,26.598394488695035,22.769136099332314,capacity_p95_plus_10percent,uncontrolled,89.20258434977163,75.59281023058566,13.609774119185971,89.20258434977163,
2020-11-09 15:00:00+00:00,California_Garage_02,2.840584945999421,2.840584945999421,15.604779577208486,11.775521187845765,capacity_p95_plus_10percent,uncontrolled,112.42092405179692,75.59281023058566,36.82811382121126,112.42092405179692,
2020-11-09 16:00:00+00:00,California_Garage_02,12.056160937694278,12.056160937694278,24.820355568903345,20.991097179540624,capacity_p95_plus_10percent,uncontrolled,98.77507940436173,75.59281023058566,23.182269173776078,98.77507940436173,
2020-11-11 16:00:00+00:00,California_Garage_02,13.213759803012133,13.213759803012133,25.9779544342212,22.14869604485848,capacity_p95_plus_10percent,uncontrolled,84.27224191327038,75.59281023058566,8.679431682684722,84.27224191327038,
2020-11-11 17:00:00+00:00,California_Garage_02,15.12497920455323,15.12497920455323,27.889173835762293,24.05991544639957,capacity_p95_plus_10percent,uncontrolled,81.15149999999998,75.59281023058566,5.558689769414329,81.15149999999998,
2020-11-12 16:00:00+00:00,California_Garage_02,7.244049915219904,7.244049915219904,20.00824454642897,16.178986157066248,capacity_p95_plus_10percent,uncontrolled,108.5273697126163,75.59281023058566,32.93455948203065,108.5273697126163,
2020-11-12 17:00:00+00:00,California_Garage_02,32.760608281657774,32.760608281657774,45.52480291286684,41.69554452350412,capacity_p95_plus_10percent,uncontrolled,92.06369936604713,75.59281023058566,16.470889135461476,92.06369936604713,
2020-11-16 15:00:00+00:00,California_Garage_02,8.46539574232098,8.46539574232098,21.229590373530044,17.400331984167323,capacity_p95_plus_10percent,uncontrolled,101.2072795470073,75.59281023058566,25.614469316421648,101.2072795470073,
2020-11-16 16:00:00+00:00,California_Garage_02,13.816121628168244,13.816121628168244,26.58031625937731,22.751057870014588,capacity_p95_plus_10percent,uncontrolled,85.22472444230459,75.59281023058566,9.631914211718936,85.22472444230459,
2020-11-17 15:00:00+00:00,California_Garage_02,0.3883676065710582,0.3883676065710582,13.152562237780124,9.323303848417403,capacity_p95_plus_10percent,uncontrolled,115.83174884707388,75.59281023058566,40.23893861648823,115.83174884707388,
2020-11-17 16:00:00+00:00,California_Garage_02,10.551509160388028,10.551509160388028,23.31570379159709,19.48644540223437,capacity_p95_plus_10percent,uncontrolled,142.54281036601384,75.59281023058566,66.95000013542818,142.54281036601384,
2020-11-17 17:00:00+00:00,California_Garage_02,19.55848553184501,19.55848553184501,32.32268016305407,28.493421773691352,capacity_p95_plus_10percent,uncontrolled,93.48298269908527,75.59281023058566,17.890172468499614,93.48298269908527,
2020-11-19 16:00:00+00:00,California_Garage_02,16.29843401739042,16.29843401739042,29.062628648599485,25.233370259236764,capacity_p95_plus_10percent,uncontrolled,97.16330213713944,75.59281023058566,21.570491906553784,97.16330213713944,
2020-11-20 15:00:00+00:00,California_Garage_02,4.807288522393739,4.807288522393739,17.571483153602806,13.742224764240085,capacity_p95_plus_10percent,uncontrolled,90.35680130288168,75.59281023058566,14.763991072296022,90.35680130288168,
2020-11-20 16:00:00+00:00,California_Garage_02,9.076436740016112,9.076436740016112,21.84063137122518,18.011372981862458,capacity_p95_plus_10percent,uncontrolled,100.11887993110163,75.59281023058566,24.526069700515976,100.11887993110163,
2020-11-22 01:00:00+00:00,California_Garage_02,8.876431781515986,8.876431781515986,21.64062641272505,17.81136802336233,capacity_p95_plus_10percent,uncontrolled,76.91820623705667,75.59281023058566,1.32539600647101,76.91820623705667,
2020-11-22 16:00:00+00:00,California_Garage_02,45.76912384823679,45.76912384823679,58.53331847944585,54.70406009008313,capacity_p95_plus_10percent,uncontrolled,81.07281845560796,75.59281023058566,5.480008225022303,81.07281845560796,
2020-11-22 17:00:00+00:00,California_Garage_02,59.59210665010316,59.59210665010316,72.35630128131223,68.5270428919495,capacity_p95_plus_10percent,uncontrolled,87.79787472249262,75.59281023058566,12.205064491906967,87.79787472249262,
2020-11-23 15:00:00+00:00,California_Garage_02,11.3171751124606,11.3171751124606,24.081369743669665,20.252111354306944,capacity_p95_plus_10percent,uncontrolled,104.64097807645041,75.59281023058566,29.048167845864754,104.64097807645041,
2020-11-23 16:00:00+00:00,California_Garage_02,16.5963384039224,16.5963384039224,29.360533035131464,25.531274645768743,capacity_p95_plus_10percent,uncontrolled,147.3296851079851,75.59281023058566,71.73687487739946,147.3296851079851,
2020-11-23 17:00:00+00:00,California_Garage_02,20.122269094970747,20.122269094970747,32.88646372617981,29.05720533681709,capacity_p95_plus_10percent,uncontrolled,85.94165959952885,75.59281023058566,10.348849368943192,85.94165959952885,
2020-11-24 16:00:00+00:00,California_Garage_02,0.8276765056170972,0.8276765056170972,13.591871136826162,9.762612747463443,capacity_p95_plus_10percent,uncontrolled,91.8164037645592,75.59281023058566,16.223593533973542,91.8164037645592,
2020-08-18 00:00:00+00:00,California_Garage_02,1.3108547688245633,1.3108547688245633,14.07504940003363,10.24579101067091,capacity_p95_plus_10percent,point_forecast,77.26614356391899,75.59281023058566,1.673333333333332,77.26614356391899,
2020-10-23 22:00:00+00:00,California_Garage_02,12.340480795034608,12.340480795034608,25.104675426243677,21.275417036880956,capacity_p95_plus_10percent,point_forecast,75.67059579470619,75.59281023058566,0.07778556412053206,75.67059579470619,
2020-08-18 00:00:00+00:00,California_Garage_02,1.3108547688245633,1.3108547688245633,14.07504940003363,10.24579101067091,capacity_p95_plus_10percent,peak_sensitive,77.26614356391899,75.59281023058566,1.673333333333332,77.26614356391899,
2020-10-23 22:00:00+00:00,California_Garage_02,12.340480795034608,12.340480795034608,25.104675426243677,21.275417036880956,capacity_p95_plus_10percent,peak_sensitive,75.67059579470619,75.59281023058566,0.07778556412053206,75.67059579470619,
2020-08-18 00:00:00+00:00,California_Garage_02,1.3108547688245633,1.3108547688245633,14.07504940003363,10.24579101067091,capacity_p95_plus_10percent,uncertainty_aware,77.26614356391899,75.59281023058566,1.673333333333332,77.26614356391899,
2020-10-23 22:00:00+00:00,California_Garage_02,12.340480795034608,12.340480795034608,25.104675426243677,21.275417036880956,capacity_p95_plus_10percent,uncertainty_aware,75.67059579470619,75.59281023058566,0.07778556412053206,75.67059579470619,
2020-08-18 00:00:00+00:00,California_Garage_02,1.3108547688245633,1.3108547688245633,14.07504940003363,10.24579101067091,capacity_p95_plus_10percent,hybrid_uncertainty_peak,77.26614356391899,75.59281023058566,1.673333333333332,77.26614356391899,
2020-10-23 22:00:00+00:00,California_Garage_02,12.340480795034608,12.340480795034608,25.104675426243677,21.275417036880956,capacity_p95_plus_10percent,hybrid_uncertainty_peak,75.67059579470619,75.59281023058566,0.07778556412053206,75.67059579470619,
2020-10-12 15:00:00+00:00,N_Wilson_Garage_01,22.27264536718371,25.92031686957705,102.05296725905566,79.21317214221207,capacity_p95_plus_10percent,uncontrolled,109.16327173490595,99.01412505985591,10.149146675050034,109.16327173490595,
2020-10-12 16:00:00+00:00,N_Wilson_Garage_01,30.895359094813003,30.895359094813003,110.67568098668497,86.74158441912337,capacity_p95_plus_10percent,uncontrolled,117.93603183469486,99.01412505985591,18.921906774838945,117.93603183469486,
2020-10-13 16:00:00+00:00,N_Wilson_Garage_01,51.989326258342416,55.63699776073576,131.76964815021438,108.92985303337079,capacity_p95_plus_10percent,uncontrolled,99.20308422380894,99.01412505985591,0.18895916395302947,99.20308422380894,
2020-10-14 15:00:00+00:00,N_Wilson_Garage_01,18.373210524297924,18.373210524297924,98.15353241616988,74.21943584860828,capacity_p95_plus_10percent,uncontrolled,99.83773828652438,99.01412505985591,0.8236132266684706,99.83773828652438,
2020-10-14 16:00:00+00:00,N_Wilson_Garage_01,19.33193286234431,19.33193286234431,99.11225475421624,75.17815818665466,capacity_p95_plus_10percent,uncontrolled,105.62526659615051,99.01412505985591,6.611141536294596,105.62526659615051,
2020-10-16 16:00:00+00:00,N_Wilson_Garage_01,19.07765810136848,19.07765810136848,98.85797999324043,74.92388342567884,capacity_p95_plus_10percent,uncontrolled,104.99804147460944,99.01412505985591,5.983916414753523,104.99804147460944,
2020-10-17 18:00:00+00:00,N_Wilson_Garage_01,29.857310507527224,29.857310507527224,109.63763239939917,85.70353583183758,capacity_p95_plus_10percent,uncontrolled,110.04496656153985,99.01412505985591,11.030841501683938,110.04496656153985,
2020-10-19 15:00:00+00:00,N_Wilson_Garage_01,23.756598259237897,23.756598259237897,103.53692015110984,79.60282358354826,capacity_p95_plus_10percent,uncontrolled,109.42551867339994,99.01412505985591,10.411393613544021,109.42551867339994,
2020-10-19 16:00:00+00:00,N_Wilson_Garage_01,42.82071223445392,46.46838373684727,122.60103412632589,99.7612390094823,capacity_p95_plus_10percent,uncontrolled,160.65648784500067,99.01412505985591,61.642362785144755,160.65648784500067,
2020-10-19 17:00:00+00:00,N_Wilson_Garage_01,53.4253008006023,57.072972302995645,133.20562269247426,110.36582757563068,capacity_p95_plus_10percent,uncontrolled,103.67378934820925,99.01412505985591,4.659664288353341,103.67378934820925,
2020-10-20 15:00:00+00:00,N_Wilson_Garage_01,20.64320461366224,24.29087611605558,100.42352650553418,77.5837313886906,capacity_p95_plus_10percent,uncontrolled,124.00631148596568,99.01412505985591,24.992186426109768,124.00631148596568,
2020-10-20 16:00:00+00:00,N_Wilson_Garage_01,25.22766044246389,28.87533194485723,105.00798233433584,82.16818721749225,capacity_p95_plus_10percent,uncontrolled,147.7737889324203,99.01412505985591,48.75966387256439,147.7737889324203,
2020-10-20 17:00:00+00:00,N_Wilson_Garage_01,32.68289696810988,36.33056847050322,112.46321885998182,89.62342374313823,capacity_p95_plus_10percent,uncontrolled,113.62523985212043,99.01412505985591,14.611114792264516,113.62523985212043,
2020-10-22 15:00:00+00:00,N_Wilson_Garage_01,15.509517877324312,15.509517877324312,95.28983976919626,71.35574320163467,capacity_p95_plus_10percent,uncontrolled,120.69542913621697,99.01412505985591,21.68130407636106,120.69542913621697,
2020-10-22 16:00:00+00:00,N_Wilson_Garage_01,18.398774823200466,18.398774823200466,98.17909671507242,74.24500014751084,capacity_p95_plus_10percent,uncontrolled,148.0885032750663,99.01412505985591,49.07437821521039,148.0885032750663,
2020-10-22 17:00:00+00:00,N_Wilson_Garage_01,26.535424532568445,26.535424532568445,106.3157464244404,82.38164985687881,capacity_p95_plus_10percent,uncontrolled,108.57040529009508,99.01412505985591,9.556280230239167,108.57040529009508,
2020-10-23 15:00:00+00:00,N_Wilson_Garage_01,10.472348653887366,10.472348653887366,90.25267054575932,66.31857397819773,capacity_p95_plus_10percent,uncontrolled,117.69386027033042,99.01412505985591,18.679735210474504,117.69386027033042,
2020-10-23 16:00:00+00:00,N_Wilson_Garage_01,19.89259606091914,19.89259606091914,99.6729179527911,75.73882138522951,capacity_p95_plus_10percent,uncontrolled,122.60229810812403,99.01412505985591,23.588173048268118,122.60229810812403,
2020-10-23 17:00:00+00:00,N_Wilson_Garage_01,36.86310045030579,40.51077195269913,116.64342234217771,93.80362722533413,capacity_p95_plus_10percent,uncontrolled,105.15620060331823,99.01412505985591,6.142075543462312,105.15620060331823,
2020-10-26 15:00:00+00:00,N_Wilson_Garage_01,9.516961989931486,9.516961989931486,89.29728388180344,65.36318731424184,capacity_p95_plus_10percent,uncontrolled,108.12255251362184,99.01412505985591,9.108427453765927,108.12255251362184,
2020-10-27 15:00:00+00:00,N_Wilson_Garage_01,12.18385271985206,12.18385271985206,91.964174611724,68.03007804416242,capacity_p95_plus_10percent,uncontrolled,167.99963537378707,99.01412505985591,68.98551031393116,167.99963537378707,
2020-10-27 16:00:00+00:00,N_Wilson_Garage_01,12.770424745217356,12.770424745217356,92.5507466370893,68.61665006952772,capacity_p95_plus_10percent,uncontrolled,113.96875115835444,99.01412505985591,14.954626098498522,113.96875115835444,
2020-10-28 15:00:00+00:00,N_Wilson_Garage_01,21.15458111138787,21.15458111138787,100.93490300325982,77.00080643569824,capacity_p95_plus_10percent,uncontrolled,113.1295042508163,99.01412505985591,14.115379190960383,113.1295042508163,
2020-10-28 16:00:00+00:00,N_Wilson_Garage_01,26.07422664995853,26.07422664995853,105.85454854183048,81.92045197426889,capacity_p95_plus_10percent,uncontrolled,99.87506708222023,99.01412505985591,0.8609420223643127,99.87506708222023,
2020-11-02 15:00:00+00:00,N_Wilson_Garage_01,9.849761065992066,9.849761065992066,89.63008295786402,65.69598639030242,capacity_p95_plus_10percent,uncontrolled,117.32487371910786,99.01412505985591,18.310748659251942,117.32487371910786,
2020-11-04 16:00:00+00:00,N_Wilson_Garage_01,20.733096700590423,20.733096700590423,100.51341859246236,76.57932202490078,capacity_p95_plus_10percent,uncontrolled,110.93996890364221,99.01412505985591,11.925843843786296,110.93996890364221,
2020-11-05 15:00:00+00:00,N_Wilson_Garage_01,16.79626161209003,16.79626161209003,96.57658350396198,72.64248693640039,capacity_p95_plus_10percent,uncontrolled,119.86817705266247,99.01412505985591,20.85405199280656,119.86817705266247,
2020-11-05 16:00:00+00:00,N_Wilson_Garage_01,20.93337132586033,20.93337132586033,100.71369321773228,76.7795966501707,capacity_p95_plus_10percent,uncontrolled,138.53877308818534,99.01412505985591,39.52464802832942,138.53877308818534,
2020-11-05 17:00:00+00:00,N_Wilson_Garage_01,35.15240163028192,35.15240163028192,114.93272352215388,90.99862695459228,capacity_p95_plus_10percent,uncontrolled,101.52380125568013,99.01412505985591,2.5096761958242126,101.52380125568013,
2020-11-06 15:00:00+00:00,N_Wilson_Garage_01,10.442163139665295,10.442163139665295,90.22248503153725,66.28838846397565,capacity_p95_plus_10percent,uncontrolled,127.3879450076869,99.01412505985591,28.37381994783098,127.3879450076869,
2020-11-06 16:00:00+00:00,N_Wilson_Garage_01,10.92340321053972,10.92340321053972,90.70372510241168,66.76962853485009,capacity_p95_plus_10percent,uncontrolled,180.9154048136013,99.01412505985591,81.90127975374538,180.9154048136013,
2020-11-06 17:00:00+00:00,N_Wilson_Garage_01,28.73668524802333,28.73668524802333,108.51700713989528,84.58291057233369,capacity_p95_plus_10percent,uncontrolled,103.31260651809045,99.01412505985591,4.298481458234534,103.31260651809045,
2020-11-10 15:00:00+00:00,N_Wilson_Garage_01,7.18009992770866,7.18009992770866,86.9604218195806,63.02632525201902,capacity_p95_plus_10percent,uncontrolled,152.6953846270174,99.01412505985591,53.68125956716149,152.6953846270174,
2020-11-10 16:00:00+00:00,N_Wilson_Garage_01,11.643055897822782,11.643055897822782,91.42337778969473,67.48928122213314,capacity_p95_plus_10percent,uncontrolled,125.83312626023272,99.01412505985591,26.819001200376803,125.83312626023272,
2020-11-12 15:00:00+00:00,N_Wilson_Garage_01,6.026816177704493,6.026816177704493,85.80713806957644,61.87304150201486,capacity_p95_plus_10percent,uncontrolled,168.57278401583324,99.01412505985591,69.55865895597732,168.57278401583324,
2020-11-12 16:00:00+00:00,N_Wilson_Garage_01,15.86123487276566,15.86123487276566,95.6415567646376,71.70746019707602,capacity_p95_plus_10percent,uncontrolled,111.11045379733126,99.01412505985591,12.096328737475346,111.11045379733126,
2020-11-16 15:00:00+00:00,N_Wilson_Garage_01,7.677687887997236,7.677687887997236,87.45800977986919,63.5239132123076,capacity_p95_plus_10percent,uncontrolled,132.28328571428568,99.01412505985591,33.26916065442977,132.28328571428568,
2020-11-16 16:00:00+00:00,N_Wilson_Garage_01,13.04605278362884,13.04605278362884,92.8263746755008,68.89227810793922,capacity_p95_plus_10percent,uncontrolled,161.43415456613917,99.01412505985591,62.42002950628326,161.43415456613917,
2020-11-16 17:00:00+00:00,N_Wilson_Garage_01,32.04430508173783,32.04430508173783,111.82462697360978,87.89053040604819,capacity_p95_plus_10percent,uncontrolled,158.39467067578616,99.01412505985591,59.380545615930245,158.39467067578616,
2020-11-17 15:00:00+00:00,N_Wilson_Garage_01,7.867719671587181,7.867719671587181,87.64804156345913,63.71394499589754,capacity_p95_plus_10percent,uncontrolled,125.46211603588709,99.01412505985591,26.44799097603118,125.46211603588709,
2020-11-17 16:00:00+00:00,N_Wilson_Garage_01,10.8132326101674,10.8132326101674,90.59355450203935,66.65945793447777,capacity_p95_plus_10percent,uncontrolled,114.93893549829778,99.01412505985591,15.924810438441867,114.93893549829778,
2020-11-18 16:00:00+00:00,N_Wilson_Garage_01,11.530497774045491,11.530497774045491,91.31081966591744,67.37672309835584,capacity_p95_plus_10percent,uncontrolled,149.97156799157887,99.01412505985591,50.95744293172295,149.97156799157887,
2020-11-18 17:00:00+00:00,N_Wilson_Garage_01,38.60011702756988,42.24778852996322,118.38043891944184,95.54064380259825,capacity_p95_plus_10percent,uncontrolled,108.83906921887082,99.01412505985591,9.824944159014905,108.83906921887082,
2020-11-19 15:00:00+00:00,N_Wilson_Garage_01,7.1215693385128445,7.1215693385128445,86.90189123038479,62.9677946628232,capacity_p95_plus_10percent,uncontrolled,121.85578712279104,99.01412505985591,22.84166206293513,121.85578712279104,
2020-11-19 16:00:00+00:00,N_Wilson_Garage_01,13.76645746627208,13.76645746627208,93.54677935814402,69.61268279058244,capacity_p95_plus_10percent,uncontrolled,103.55203145572412,99.01412505985591,4.537906395868205,103.55203145572412,
2020-11-28 20:00:00+00:00,N_Wilson_Garage_01,6.344229066273458,6.344229066273458,86.1245509581454,62.19045439058382,capacity_p95_plus_10percent,uncontrolled,147.60918601145607,99.01412505985591,48.59506095160016,147.60918601145607,
2020-11-28 21:00:00+00:00,N_Wilson_Garage_01,4.8686993409454695,4.8686993409454695,84.64902123281742,60.71492466525583,capacity_p95_plus_10percent,uncontrolled,119.87887867346322,99.01412505985591,20.864753613607306,119.87887867346322,
2020-11-30 15:00:00+00:00,N_Wilson_Garage_01,5.338754655649173,5.338754655649173,85.11907654752112,61.184979979959536,capacity_p95_plus_10percent,uncontrolled,161.10605643228578,99.01412505985591,62.09193137242987,161.10605643228578,
2020-11-30 16:00:00+00:00,N_Wilson_Garage_01,9.391250999763235,9.391250999763235,89.17157289163518,65.2374763240736,capacity_p95_plus_10percent,uncontrolled,157.36393448213397,99.01412505985591,58.34980942227806,157.36393448213397,
2020-12-01 15:00:00+00:00,N_Wilson_Garage_01,4.26561997452892,4.26561997452892,84.04594186640087,60.111845298839285,capacity_p95_plus_10percent,uncontrolled,117.95016078322921,99.01412505985591,18.936035723373294,117.95016078322921,
2020-12-01 16:00:00+00:00,N_Wilson_Garage_01,7.991941022767041,7.991941022767041,87.77226291463899,63.8381663470774,capacity_p95_plus_10percent,uncontrolled,99.80493781094526,99.01412505985591,0.7908127510893479,99.80493781094526,
2020-12-02 16:00:00+00:00,N_Wilson_Garage_01,7.941460004772762,7.941460004772762,87.72178189664471,63.787685329083125,capacity_p95_plus_10percent,uncontrolled,117.13139626067624,99.01412505985591,18.117271200820326,117.13139626067624,
2020-12-02 17:00:00+00:00,N_Wilson_Garage_01,7.249951485299819,7.249951485299819,87.03027337717177,63.09617680961018,capacity_p95_plus_10percent,uncontrolled,116.82508166521436,99.01412505985591,17.81095660535844,116.82508166521436,
2020-12-03 16:00:00+00:00,N_Wilson_Garage_01,6.046763685190427,6.046763685190427,85.82708557706238,61.89298900950079,capacity_p95_plus_10percent,uncontrolled,106.38666666666664,99.01412505985591,7.372541606810728,106.38666666666664,
2020-12-05 02:00:00+00:00,N_Wilson_Garage_01,2.0872904019795406,2.0872904019795406,81.8676122938515,57.933515726289905,capacity_p95_plus_10percent,point_forecast,108.06931515333132,99.01412505985591,9.055190093475403,108.06931515333132,
2020-12-05 02:00:00+00:00,N_Wilson_Garage_01,2.0872904019795406,2.0872904019795406,81.8676122938515,57.933515726289905,capacity_p95_plus_10percent,peak_sensitive,108.06931515333132,99.01412505985591,9.055190093475403,108.06931515333132,
2020-12-05 02:00:00+00:00,N_Wilson_Garage_01,2.0872904019795406,2.0872904019795406,81.8676122938515,57.933515726289905,capacity_p95_plus_10percent,uncertainty_aware,108.06931515333132,99.01412505985591,9.055190093475403,108.06931515333132,
2020-12-05 02:00:00+00:00,N_Wilson_Garage_01,2.0872904019795406,2.0872904019795406,81.8676122938515,57.933515726289905,capacity_p95_plus_10percent,hybrid_uncertainty_peak,108.06931515333132,99.01412505985591,9.055190093475403,108.06931515333132,
2020-09-03 14:00:00+00:00,Parking_Lot_01,1.0382870920142409,1.0382870920142409,1.0382870920142409,1.0382870920142409,capacity_p95_plus_10percent,uncontrolled,19.799999999999997,15.590954883122961,4.209045116877036,19.799999999999997,
2020-09-03 15:00:00+00:00,Parking_Lot_01,1.2950652166245369,1.2950652166245369,1.2950652166245369,1.2950652166245367,capacity_p95_plus_10percent,uncontrolled,39.274166666666666,15.590954883122961,23.683211783543705,39.274166666666666,
2020-09-03 16:00:00+00:00,Parking_Lot_01,1.623457903107166,1.623457903107166,1.623457903107166,1.623457903107166,capacity_p95_plus_10percent,uncontrolled,34.38244876660342,15.590954883122961,18.791493883480456,34.38244876660342,
2020-09-03 17:00:00+00:00,Parking_Lot_01,4.88656185858224,4.88656185858224,4.88656185858224,4.88656185858224,capacity_p95_plus_10percent,uncontrolled,16.721362500000005,15.590954883122961,1.1304076168770436,16.721362500000005,
2020-09-04 23:00:00+00:00,Parking_Lot_01,4.137864603232631,4.137864603232631,4.137864603232631,4.137864603232631,capacity_p95_plus_10percent,uncontrolled,17.599113362887906,15.590954883122961,2.008158479764944,17.599113362887906,
2020-09-05 00:00:00+00:00,Parking_Lot_01,0.1296611918633864,0.1296611918633864,0.1296611918633864,0.1296611918633864,capacity_p95_plus_10percent,uncontrolled,19.6505,15.590954883122961,4.05954511687704,19.6505,
2020-09-05 22:00:00+00:00,Parking_Lot_01,0.0,0.0,0.0,0.0,capacity_p95_plus_10percent,uncontrolled,33.0,15.590954883122961,17.40904511687704,33.0,
2020-09-05 23:00:00+00:00,Parking_Lot_01,0.0,0.0,0.0,0.0,capacity_p95_plus_10percent,uncontrolled,26.10216666666667,15.590954883122961,10.511211783543708,26.10216666666667,
2020-09-06 02:00:00+00:00,Parking_Lot_01,0.0,0.0,0.0,0.0,capacity_p95_plus_10percent,uncontrolled,19.799999999999997,15.590954883122961,4.209045116877036,19.799999999999997,
2020-09-06 18:00:00+00:00,Parking_Lot_01,0.0,0.0,0.0,0.0,capacity_p95_plus_10percent,uncontrolled,19.799999999999997,15.590954883122961,4.209045116877036,19.799999999999997,
2020-09-06 23:00:00+00:00,Parking_Lot_01,0.0,0.0,0.0,0.0,capacity_p95_plus_10percent,uncontrolled,19.799999999999997,15.590954883122961,4.209045116877036,19.799999999999997,
2020-09-10 16:00:00+00:00,Parking_Lot_01,1.788329046261526,1.788329046261526,1.788329046261526,1.788329046261526,capacity_p95_plus_10percent,uncontrolled,21.54498745519436,15.590954883122961,5.954032572071398,21.54498745519436,
2020-09-13 02:00:00+00:00,Parking_Lot_01,0.0,0.0,0.0,0.0,capacity_p95_plus_10percent,uncontrolled,19.171333333333333,15.590954883122961,3.5803784502103717,19.171333333333333,
2020-09-13 23:00:00+00:00,Parking_Lot_01,0.0,0.0,0.0,0.0,capacity_p95_plus_10percent,uncontrolled,21.968,15.590954883122961,6.377045116877039,21.968,
2020-09-16 15:00:00+00:00,Parking_Lot_01,0.0,0.0,0.0,0.0,capacity_p95_plus_10percent,uncontrolled,19.799999999999997,15.590954883122961,4.209045116877036,19.799999999999997,
2020-09-16 16:00:00+00:00,Parking_Lot_01,0.0,0.0,0.0,0.0,capacity_p95_plus_10percent,uncontrolled,18.81884791344988,15.590954883122961,3.2278930303269178,18.81884791344988,
2020-09-17 15:00:00+00:00,Parking_Lot_01,0.0,0.0,0.0,0.0,capacity_p95_plus_10percent,uncontrolled,22.994500000000002,15.590954883122961,7.403545116877041,22.994500000000002,
2020-09-17 16:00:00+00:00,Parking_Lot_01,0.0,0.0,0.0,0.0,capacity_p95_plus_10percent,uncontrolled,19.799999999999997,15.590954883122961,4.209045116877036,19.799999999999997,
2020-09-17 17:00:00+00:00,Parking_Lot_01,0.0,0.0,0.0,0.0,capacity_p95_plus_10percent,uncontrolled,16.6865,15.590954883122961,1.0955451168770374,16.6865,
2020-09-19 19:00:00+00:00,Parking_Lot_01,0.0,0.0,0.0,0.0,capacity_p95_plus_10percent,uncontrolled,19.799999999999997,15.590954883122961,4.209045116877036,19.799999999999997,
2020-09-19 20:00:00+00:00,Parking_Lot_01,0.0,0.0,0.0,0.0,capacity_p95_plus_10percent,uncontrolled,18.73817510758027,15.590954883122961,3.147220224457307,18.73817510758027,
2020-09-20 23:00:00+00:00,Parking_Lot_01,0.0,0.0,0.0,0.0,capacity_p95_plus_10percent,uncontrolled,23.443666666666665,15.590954883122961,7.852711783543704,23.443666666666665,
2020-09-21 00:00:00+00:00,Parking_Lot_01,0.0,0.0,0.0,0.0,capacity_p95_plus_10percent,uncontrolled,18.635644985064225,15.590954883122961,3.0446901019412635,18.635644985064225,
2020-09-23 17:00:00+00:00,Parking_Lot_01,0.0,0.0,0.0,0.0,capacity_p95_plus_10percent,uncontrolled,19.799999999999997,15.590954883122961,4.209045116877036,19.799999999999997,
2020-09-27 21:00:00+00:00,Parking_Lot_01,0.0,0.0,0.0,0.0,capacity_p95_plus_10percent,uncontrolled,20.069000000000003,15.590954883122961,4.478045116877041,20.069000000000003,
2020-09-27 22:00:00+00:00,Parking_Lot_01,0.0,0.0,0.0,0.0,capacity_p95_plus_10percent,uncontrolled,16.25,15.590954883122961,0.6590451168770386,16.25,
2020-09-29 15:00:00+00:00,Parking_Lot_01,6.169774510920296,6.169774510920296,6.169774510920296,6.169774510920296,capacity_p95_plus_10percent,uncontrolled,19.799999999999997,15.590954883122961,4.209045116877036,19.799999999999997,
2020-10-01 15:00:00+00:00,Parking_Lot_01,0.0,0.0,0.0,0.0,capacity_p95_plus_10percent,uncontrolled,26.4,15.590954883122961,10.809045116877037,26.4,
2020-10-01 16:00:00+00:00,Parking_Lot_01,0.0,0.0,0.0,0.0,capacity_p95_plus_10percent,uncontrolled,21.61718040620914,15.590954883122961,6.026225523086179,21.61718040620914,
2020-10-01 20:00:00+00:00,Parking_Lot_01,0.0,0.0,0.0,0.0,capacity_p95_plus_10percent,uncontrolled,16.60419016921837,15.590954883122961,1.0132352860954086,16.60419016921837,
2020-10-07 04:00:00+00:00,Parking_Lot_01,0.0003080680987185,0.0003080680987185,0.0003080680987185,0.0003080680987185,capacity_p95_plus_10percent,uncontrolled,18.5185,15.590954883122961,2.927545116877038,18.5185,
2020-10-07 15:00:00+00:00,Parking_Lot_01,5.842730443221253,5.842730443221253,5.842730443221253,5.842730443221253,capacity_p95_plus_10percent,uncontrolled,22.040333333333333,15.590954883122961,6.4493784502103715,22.040333333333333,
2020-10-07 16:00:00+00:00,Parking_Lot_01,5.58505878951358,5.58505878951358,5.58505878951358,5.58505878951358,capacity_p95_plus_10percent,uncontrolled,16.147166666666667,15.590954883122961,0.5562117835437057,16.147166666666667,
2020-10-11 00:00:00+00:00,Parking_Lot_01,0.0,0.0,0.0,0.0,capacity_p95_plus_10percent,uncontrolled,19.799999999999997,15.590954883122961,4.209045116877036,19.799999999999997,
2020-10-11 01:00:00+00:00,Parking_Lot_01,0.0,0.0,0.0,0.0,capacity_p95_plus_10percent,uncontrolled,20.238333333333333,15.590954883122961,4.647378450210372,20.238333333333333,
2020-10-11 02:00:00+00:00,Parking_Lot_01,0.0,0.0,0.0,0.0,capacity_p95_plus_10percent,uncontrolled,16.25886090225564,15.590954883122961,0.6679060191326798,16.25886090225564,
2020-10-11 21:00:00+00:00,Parking_Lot_01,0.0,0.0,0.0,0.0,capacity_p95_plus_10percent,uncontrolled,15.863999999999999,15.590954883122961,0.2730451168770376,15.863999999999999,
2020-10-11 23:00:00+00:00,Parking_Lot_01,0.0,0.0,0.0,0.0,capacity_p95_plus_10percent,uncontrolled,21.550666666666665,15.590954883122961,5.959711783543703,21.550666666666665,
2020-10-12 15:00:00+00:00,Parking_Lot_01,5.846126549658303,5.846126549658303,5.846126549658303,5.846126549658303,capacity_p95_plus_10percent,uncontrolled,18.663133281371785,15.590954883122961,3.0721783982488233,18.663133281371785,
2020-10-15 15:00:00+00:00,Parking_Lot_01,5.941018952455612,5.941018952455612,5.941018952455612,5.941018952455612,capacity_p95_plus_10percent,uncontrolled,21.623166666666666,15.590954883122961,6.032211783543705,21.623166666666666,
2020-10-15 16:00:00+00:00,Parking_Lot_01,5.311759126367186,5.311759126367186,5.311759126367186,5.311759126367186,capacity_p95_plus_10percent,uncontrolled,31.79487411178122,15.590954883122961,16.203919228658258,31.79487411178122,
2020-10-15 17:00:00+00:00,Parking_Lot_01,4.858066568228227,4.858066568228227,4.858066568228227,4.858066568228226,capacity_p95_plus_10percent,uncontrolled,22.515666666666668,15.590954883122961,6.924711783543707,22.515666666666668,
2020-10-15 18:00:00+00:00,Parking_Lot_01,4.905490806997049,4.905490806997049,4.905490806997049,4.905490806997049,capacity_p95_plus_10percent,uncontrolled,19.335851498189,15.590954883122961,3.7448966150660397,19.335851498189,
2020-10-17 18:00:00+00:00,Parking_Lot_01,0.0,0.0,0.0,0.0,capacity_p95_plus_10percent,uncontrolled,16.00834248079034,15.590954883122961,0.41738759766737843,16.00834248079034,
2020-10-19 15:00:00+00:00,Parking_Lot_01,5.843302493815163,5.843302493815163,5.843302493815163,5.8433024938151625,capacity_p95_plus_10percent,uncontrolled,26.4,15.590954883122961,10.809045116877037,26.4,
2020-10-19 16:00:00+00:00,Parking_Lot_01,3.228014412751619,3.228014412751619,3.228014412751619,3.2280144127516186,capacity_p95_plus_10percent,uncontrolled,24.269666666666666,15.590954883122961,8.678711783543704,24.269666666666666,
2020-10-23 15:00:00+00:00,Parking_Lot_01,5.487508813551354,5.487508813551354,5.487508813551354,5.487508813551354,capacity_p95_plus_10percent,uncontrolled,26.4,15.590954883122961,10.809045116877037,26.4,
2020-10-23 16:00:00+00:00,Parking_Lot_01,5.441854285301474,5.441854285301474,5.441854285301474,5.441854285301474,capacity_p95_plus_10percent,uncontrolled,38.11096505375722,15.590954883122961,22.520010170634258,38.11096505375722,
2020-10-23 17:00:00+00:00,Parking_Lot_01,2.2660173553109644,2.2660173553109644,2.2660173553109644,2.2660173553109644,capacity_p95_plus_10percent,uncontrolled,32.11,15.590954883122961,16.519045116877038,32.11,
2020-10-23 18:00:00+00:00,Parking_Lot_01,2.103863461052133,2.103863461052133,2.103863461052133,2.103863461052133,capacity_p95_plus_10percent,uncontrolled,16.273138888889857,15.590954883122961,0.6821840057668958,16.273138888889857,
2020-10-23 22:00:00+00:00,Parking_Lot_01,1.1989180041779377,1.1989180041779377,1.1989180041779377,1.1989180041779377,capacity_p95_plus_10percent,uncontrolled,16.90233333333333,15.590954883122961,1.3113784502103698,16.90233333333333,
2020-10-24 23:00:00+00:00,Parking_Lot_01,0.0,0.0,0.0,0.0,capacity_p95_plus_10percent,uncontrolled,19.799999999999997,15.590954883122961,4.209045116877036,19.799999999999997,
2020-10-27 16:00:00+00:00,Parking_Lot_01,0.0,0.0,0.0,0.0,capacity_p95_plus_10percent,uncontrolled,24.391289692435578,15.590954883122961,8.800334809312616,24.391289692435578,
2020-10-28 15:00:00+00:00,Parking_Lot_01,5.688326348156807,5.688326348156807,5.688326348156807,5.688326348156807,capacity_p95_plus_10percent,uncontrolled,20.979228171413112,15.590954883122961,5.388273288290151,20.979228171413112,
2020-10-28 16:00:00+00:00,Parking_Lot_01,5.340214213972857,5.340214213972857,5.340214213972857,5.340214213972857,capacity_p95_plus_10percent,uncontrolled,18.66044326893591,15.590954883122961,3.0694883858129494,18.66044326893591,
2020-10-31 02:00:00+00:00,Parking_Lot_01,0.0038823756579551,0.0038823756579551,0.0038823756579551,0.0038823756579551,capacity_p95_plus_10percent,uncontrolled,21.78927576601671,15.590954883122961,6.19832088289375,21.78927576601671,
2020-10-31 03:00:00+00:00,Parking_Lot_01,0.0038823756579551,0.0038823756579551,0.0038823756579551,0.0038823756579551,capacity_p95_plus_10percent,uncontrolled,21.861463414634148,15.590954883122961,6.270508531511187,21.861463414634148,
2020-10-31 23:00:00+00:00,Parking_Lot_01,0.0,0.0,0.0,0.0,capacity_p95_plus_10percent,uncontrolled,16.313333333333333,15.590954883122961,0.7223784502103712,16.313333333333333,
2020-11-02 15:00:00+00:00,Parking_Lot_01,0.0,0.0,0.0,0.0,capacity_p95_plus_10percent,uncontrolled,24.276051989730423,15.590954883122961,8.685097106607461,24.276051989730423,
2020-11-02 16:00:00+00:00,Parking_Lot_01,0.0,0.0,0.0,0.0,capacity_p95_plus_10percent,uncontrolled,24.71133333333333,15.590954883122961,9.120378450210367,24.71133333333333,
2020-11-03 15:00:00+00:00,Parking_Lot_01,0.0,0.0,0.0,0.0,capacity_p95_plus_10percent,uncontrolled,18.726136363636364,15.590954883122961,3.1351814805134026,18.726136363636364,
2020-11-03 16:00:00+00:00,Parking_Lot_01,0.0,0.0,0.0,0.0,capacity_p95_plus_10percent,uncontrolled,23.192666666666668,15.590954883122961,7.601711783543706,23.192666666666668,
2020-11-03 17:00:00+00:00,Parking_Lot_01,0.0,0.0,0.0,0.0,capacity_p95_plus_10percent,uncontrolled,18.0355,15.590954883122961,2.4445451168770376,18.0355,
2020-11-04 16:00:00+00:00,Parking_Lot_01,5.746813837403156,5.746813837403156,5.746813837403156,5.746813837403156,capacity_p95_plus_10percent,uncontrolled,16.40983333333333,15.590954883122961,0.8188784502103701,16.40983333333333,
2020-11-06 15:00:00+00:00,Parking_Lot_01,0.0,0.0,0.0,0.0,capacity_p95_plus_10percent,uncontrolled,24.651028806584364,15.590954883122961,9.060073923461403,24.651028806584364,
2020-11-06 16:00:00+00:00,Parking_Lot_01,5.8793502973702045,5.8793502973702045,5.8793502973702045,5.8793502973702045,capacity_p95_plus_10percent,uncontrolled,19.137999999999998,15.590954883122961,3.5470451168770367,19.137999999999998,
2020-11-07 18:00:00+00:00,Parking_Lot_01,1.5144356718240393,1.5144356718240393,1.5144356718240393,1.5144356718240393,capacity_p95_plus_10percent,uncontrolled,19.8,15.590954883122961,4.209045116877039,19.8,
2020-11-08 21:00:00+00:00,Parking_Lot_01,0.0,0.0,0.0,0.0,capacity_p95_plus_10percent,uncontrolled,24.52933333333333,15.590954883122961,8.938378450210369,24.52933333333333,
2020-11-09 15:00:00+00:00,Parking_Lot_01,0.0,0.0,0.0,0.0,capacity_p95_plus_10percent,uncontrolled,18.08603702486581,15.590954883122961,2.4950821417428486,18.08603702486581,
2020-11-09 16:00:00+00:00,Parking_Lot_01,5.759563857863416,5.759563857863416,5.759563857863416,5.759563857863416,capacity_p95_plus_10percent,uncontrolled,27.298333333333332,15.590954883122961,11.70737845021037,27.298333333333332,
2020-11-09 17:00:00+00:00,Parking_Lot_01,5.319823415931615,5.319823415931615,5.319823415931615,5.319823415931614,capacity_p95_plus_10percent,uncontrolled,17.237166666666667,15.590954883122961,1.6462117835437056,17.237166666666667,
2020-11-10 16:00:00+00:00,Parking_Lot_01,0.0,0.0,0.0,0.0,capacity_p95_plus_10percent,uncontrolled,20.12381717119891,15.590954883122961,4.532862288075947,20.12381717119891,
2020-11-10 17:00:00+00:00,Parking_Lot_01,0.0,0.0,0.0,0.0,capacity_p95_plus_10percent,uncontrolled,26.4,15.590954883122961,10.809045116877037,26.4,
2020-11-10 18:00:00+00:00,Parking_Lot_01,5.916593421613958,5.916593421613958,5.916593421613958,5.916593421613958,capacity_p95_plus_10percent,uncontrolled,20.924333333333337,15.590954883122961,5.333378450210375,20.924333333333337,
2020-11-11 15:00:00+00:00,Parking_Lot_01,0.0,0.0,0.0,0.0,capacity_p95_plus_10percent,uncontrolled,26.311155220325524,15.590954883122961,10.720200337202563,26.311155220325524,
2020-11-11 16:00:00+00:00,Parking_Lot_01,0.0,0.0,0.0,0.0,capacity_p95_plus_10percent,uncontrolled,27.468751412429377,15.590954883122961,11.877796529306416,27.468751412429377,
2020-11-11 17:00:00+00:00,Parking_Lot_01,0.0,0.0,0.0,0.0,capacity_p95_plus_10percent,uncontrolled,30.1755,15.590954883122961,14.584545116877038,30.1755,
2020-11-16 15:00:00+00:00,Parking_Lot_01,0.0,0.0,0.0,0.0,capacity_p95_plus_10percent,uncontrolled,18.272000000000002,15.590954883122961,2.6810451168770406,18.272000000000002,
2020-11-19 15:00:00+00:00,Parking_Lot_01,0.0,0.0,0.0,0.0,capacity_p95_plus_10percent,uncontrolled,19.799999999999997,15.590954883122961,4.209045116877036,19.799999999999997,
2020-11-19 16:00:00+00:00,Parking_Lot_01,0.0,0.0,0.0,0.0,capacity_p95_plus_10percent,uncontrolled,22.487051373953417,15.590954883122961,6.896096490830455,22.487051373953417,
2020-11-19 17:00:00+00:00,Parking_Lot_01,0.0,0.0,0.0,0.0,capacity_p95_plus_10percent,uncontrolled,18.251666666666665,15.590954883122961,2.6607117835437037,18.251666666666665,
2020-11-25 15:00:00+00:00,Parking_Lot_01,0.0,0.0,0.0,0.0,capacity_p95_plus_10percent,uncontrolled,28.164078092707413,15.590954883122961,12.573123209584452,28.164078092707413,
2020-11-25 16:00:00+00:00,Parking_Lot_01,5.904764294371399,5.904764294371399,5.904764294371399,5.9047642943713985,capacity_p95_plus_10percent,uncontrolled,21.82207873485868,15.590954883122961,6.23112385173572,21.82207873485868,
2020-11-27 15:00:00+00:00,Parking_Lot_01,0.0,0.0,0.0,0.0,capacity_p95_plus_10percent,uncontrolled,19.04443173593035,15.590954883122961,3.4534768528073876,19.04443173593035,
2020-11-28 16:00:00+00:00,Parking_Lot_01,0.0,0.0,0.0,0.0,capacity_p95_plus_10percent,uncontrolled,19.07106252135292,15.590954883122961,3.48010763822996,19.07106252135292,
2020-11-28 17:00:00+00:00,Parking_Lot_01,0.0,0.0,0.0,0.0,capacity_p95_plus_10percent,uncontrolled,19.799999999999997,15.590954883122961,4.209045116877036,19.799999999999997,
2020-11-28 18:00:00+00:00,Parking_Lot_01,0.0,0.0,0.0,0.0,capacity_p95_plus_10percent,uncontrolled,23.125833333333333,15.590954883122961,7.534878450210371,23.125833333333333,
2020-11-28 19:00:00+00:00,Parking_Lot_01,0.0,0.0,0.0,0.0,capacity_p95_plus_10percent,uncontrolled,21.05165222222222,15.590954883122961,5.460697339099259,21.05165222222222,
2020-11-30 21:00:00+00:00,Parking_Lot_01,4.381599347667707,4.381599347667707,4.381599347667707,4.381599347667707,capacity_p95_plus_10percent,uncontrolled,19.8,15.590954883122961,4.209045116877039,19.8,
2020-12-01 16:00:00+00:00,Parking_Lot_01,0.0,0.0,0.0,0.0,capacity_p95_plus_10percent,uncontrolled,19.799999999999997,15.590954883122961,4.209045116877036,19.799999999999997,
2020-12-01 17:00:00+00:00,Parking_Lot_01,6.126460523106917,6.126460523106917,6.126460523106917,6.126460523106916,capacity_p95_plus_10percent,uncontrolled,19.894253077480087,15.590954883122961,4.303298194357126,19.894253077480087,
2020-09-03 15:00:00+00:00,S_Wilson_Garage_01,7.234714111962115,7.234714111962115,18.646220698117325,15.22276872227076,capacity_p95_plus_10percent,uncontrolled,37.33218427748761,20.85064380165317,16.481540475834443,37.33218427748761,
2020-09-03 16:00:00+00:00,S_Wilson_Garage_01,12.680977708616297,12.680977708616297,32.011444691667606,26.21230459675221,capacity_p95_plus_10percent,uncontrolled,33.689758064516134,20.85064380165317,12.839114262862964,33.689758064516134,
2020-09-03 17:00:00+00:00,S_Wilson_Garage_01,11.139261179761627,11.139261179761627,30.46972816281294,24.670588067897548,capacity_p95_plus_10percent,uncontrolled,23.9468089117395,20.85064380165317,3.0961651100863286,23.9468089117395,
2020-09-04 15:00:00+00:00,S_Wilson_Garage_01,3.300712966391966,3.300712966391966,14.712219552547175,11.28876757670061,capacity_p95_plus_10percent,uncontrolled,30.289345057633575,20.85064380165317,9.438701255980405,30.289345057633575,
2020-09-05 17:00:00+00:00,S_Wilson_Garage_01,9.89218133996933,9.89218133996933,29.222648323020643,23.42350822810525,capacity_p95_plus_10percent,uncontrolled,26.4,20.85064380165317,5.549356198346828,26.4,
2020-09-05 18:00:00+00:00,S_Wilson_Garage_01,11.460455503013945,11.460455503013945,30.790922486065256,24.99178239114986,capacity_p95_plus_10percent,uncontrolled,26.4,20.85064380165317,5.549356198346828,26.4,
2020-09-06 01:00:00+00:00,S_Wilson_Garage_01,0.0,0.0,11.411506586155207,7.9880546103086445,capacity_p95_plus_10percent,uncontrolled,22.095557646355246,20.85064380165317,1.2449138447020758,22.095557646355246,
2020-09-08 03:00:00+00:00,S_Wilson_Garage_01,0.0,0.0,11.411506586155207,7.9880546103086445,capacity_p95_plus_10percent,uncontrolled,27.713072289156628,20.85064380165317,6.862428487503458,27.713072289156628,
2020-09-08 15:00:00+00:00,S_Wilson_Garage_01,5.470987272049804,5.470987272049804,16.882493858205013,13.459041882358449,capacity_p95_plus_10percent,uncontrolled,31.313581973407977,20.85064380165317,10.462938171754807,31.313581973407977,
2020-09-09 16:00:00+00:00,S_Wilson_Garage_01,8.979810119872345,8.979810119872345,20.391316706027556,16.96786473018099,capacity_p95_plus_10percent,uncontrolled,45.32352071005917,20.85064380165317,24.472876908406,45.32352071005917,
2020-09-09 17:00:00+00:00,S_Wilson_Garage_01,7.520952575120286,7.520952575120286,18.932459161275496,15.509007185428931,capacity_p95_plus_10percent,uncontrolled,38.78533525864999,20.85064380165317,17.934691456996816,38.78533525864999,
2020-09-10 21:00:00+00:00,S_Wilson_Garage_01,1.4653632856648824,1.4653632856648824,12.876869871820093,9.45341789597353,capacity_p95_plus_10percent,uncontrolled,22.613833333333332,20.85064380165317,1.7631895316801618,22.613833333333332,
2020-09-11 15:00:00+00:00,S_Wilson_Garage_01,3.226349165003289,3.226349165003289,14.637855751158495,11.214403775311933,capacity_p95_plus_10percent,uncontrolled,33.807294408402846,20.85064380165317,12.956650606749676,33.807294408402846,
2020-09-19 18:00:00+00:00,S_Wilson_Garage_01,6.188671149744065,6.188671149744065,17.600177735899273,14.17672576005271,capacity_p95_plus_10percent,uncontrolled,22.226999999999997,20.85064380165317,1.3763561983468264,22.226999999999997,
2020-09-21 16:00:00+00:00,S_Wilson_Garage_01,12.402998354361594,12.402998354361594,31.73346533741291,25.93432524249751,capacity_p95_plus_10percent,uncontrolled,21.425390083630987,20.85064380165317,0.5747462819778164,21.425390083630987,
2020-09-21 17:00:00+00:00,S_Wilson_Garage_01,9.514954517705718,9.514954517705718,28.84542150075703,23.046281405841633,capacity_p95_plus_10percent,uncontrolled,26.4,20.85064380165317,5.549356198346828,26.4,
2020-09-21 18:00:00+00:00,S_Wilson_Garage_01,9.171530421253737,9.171530421253737,20.583037007408947,17.159585031562383,capacity_p95_plus_10percent,uncontrolled,22.764333333333333,20.85064380165317,1.9136895316801628,22.764333333333333,
2020-09-23 15:00:00+00:00,S_Wilson_Garage_01,6.936667890604884,6.936667890604884,18.348174476760093,14.92472250091353,capacity_p95_plus_10percent,uncontrolled,30.908500000000004,20.85064380165317,10.057856198346833,30.908500000000004,
2020-09-23 16:00:00+00:00,S_Wilson_Garage_01,9.42313136094508,9.42313136094508,28.753598343996394,22.954458249081,capacity_p95_plus_10percent,uncontrolled,24.486776569624695,20.85064380165317,3.6361327679715245,24.486776569624695,
2020-09-29 15:00:00+00:00,S_Wilson_Garage_01,12.723202708467127,16.370874210860467,32.05366969151844,27.348831047321045,capacity_p95_plus_10percent,uncontrolled,26.4,20.85064380165317,5.549356198346828,26.4,
2020-09-29 16:00:00+00:00,S_Wilson_Garage_01,12.105088534568864,15.752760036962204,31.435555517620177,26.730716873422786,capacity_p95_plus_10percent,uncontrolled,31.946398430021066,20.85064380165317,11.095754628367896,31.946398430021066,
2020-09-29 17:00:00+00:00,S_Wilson_Garage_01,11.804382317999718,15.452053820393058,31.13484930105103,26.43001065685364,capacity_p95_plus_10percent,uncontrolled,51.527813813786366,20.85064380165317,30.677170012133196,51.527813813786366,
2020-09-29 18:00:00+00:00,S_Wilson_Garage_01,10.371552753059785,10.371552753059785,29.702019736111097,23.902879641195703,capacity_p95_plus_10percent,uncontrolled,27.054499999999997,20.85064380165317,6.203856198346827,27.054499999999997,
2020-10-01 02:00:00+00:00,S_Wilson_Garage_01,5.419248729515298,5.419248729515298,16.83075531567051,13.407303339823944,capacity_p95_plus_10percent,uncontrolled,25.087833333333336,20.85064380165317,4.2371895316801655,25.087833333333336,
2020-10-01 03:00:00+00:00,S_Wilson_Garage_01,5.243054794683878,5.243054794683878,16.654561380839088,13.231109404992525,capacity_p95_plus_10percent,uncontrolled,26.057848238482382,20.85064380165317,5.207204436829212,26.057848238482382,
2020-10-04 22:00:00+00:00,S_Wilson_Garage_01,1.374365950609053,1.374365950609053,12.785872536764264,9.3624205609177,capacity_p95_plus_10percent,uncontrolled,26.32509586706434,20.85064380165317,5.474452065411171,26.32509586706434,
2020-10-04 23:00:00+00:00,S_Wilson_Garage_01,7.602082597707803,7.602082597707803,19.01358918386301,15.590137208016447,capacity_p95_plus_10percent,uncontrolled,22.917999999999996,20.85064380165317,2.0673561983468254,22.917999999999996,
2020-10-07 15:00:00+00:00,S_Wilson_Garage_01,3.645854493923624,3.645854493923624,15.057361080078833,11.63390910423227,capacity_p95_plus_10percent,uncontrolled,27.271472650771386,20.85064380165317,6.420828849118216,27.271472650771386,
2020-10-09 15:00:00+00:00,S_Wilson_Garage_01,0.0851262532888694,0.0851262532888694,11.49663283944408,8.073180863597516,capacity_p95_plus_10percent,uncontrolled,30.72328754685757,20.85064380165317,9.8726437452044,30.72328754685757,
2020-10-09 16:00:00+00:00,S_Wilson_Garage_01,7.693419980721273,11.341091483114614,19.10492656687648,16.775776041747918,capacity_p95_plus_10percent,uncontrolled,23.267833333333332,20.85064380165317,2.4171895316801617,23.267833333333332,
2020-10-14 15:00:00+00:00,S_Wilson_Garage_01,7.03662404514478,7.03662404514478,18.44813063129999,15.024678655453425,capacity_p95_plus_10percent,uncontrolled,22.51228132640001,20.85064380165317,1.6616375247468405,22.51228132640001,
2020-10-14 16:00:00+00:00,S_Wilson_Garage_01,9.864421428814106,9.864421428814106,29.19488841186542,23.395748316950026,capacity_p95_plus_10percent,uncontrolled,28.301906824146982,20.85064380165317,7.451263022493812,28.301906824146982,
2020-10-14 17:00:00+00:00,S_Wilson_Garage_01,10.671794459053432,10.671794459053432,30.002261442104743,24.20312134718935,capacity_p95_plus_10percent,uncontrolled,24.670513513513512,20.85064380165317,3.819869711860342,24.670513513513512,
2020-10-15 16:00:00+00:00,S_Wilson_Garage_01,15.596566086126728,19.24423758852007,36.81297851295193,31.542356235622368,capacity_p95_plus_10percent,uncontrolled,23.403135249366017,20.85064380165317,2.552491447712846,23.403135249366017,
2020-10-19 16:00:00+00:00,S_Wilson_Garage_01,9.692752599641196,9.692752599641196,29.02321958269251,23.224079487777114,capacity_p95_plus_10percent,uncontrolled,30.81851606164446,20.85064380165317,9.967872259991289,30.81851606164446,
2020-10-20 14:00:00+00:00,S_Wilson_Garage_01,6.496219890511105,6.496219890511105,17.907726476666312,14.48427450081975,capacity_p95_plus_10percent,uncontrolled,33.542631284916204,20.85064380165317,12.691987483263034,33.542631284916204,
2020-10-20 15:00:00+00:00,S_Wilson_Garage_01,9.653999731689778,9.653999731689778,28.98446671474109,23.185326619825695,capacity_p95_plus_10percent,uncontrolled,49.295666666666676,20.85064380165317,28.445022865013506,49.295666666666676,
2020-10-20 16:00:00+00:00,S_Wilson_Garage_01,9.363687474392863,9.363687474392863,20.775194060548078,17.351742084701513,capacity_p95_plus_10percent,uncontrolled,40.75625943910784,20.85064380165317,19.905615637454673,40.75625943910784,
2020-10-21 16:00:00+00:00,S_Wilson_Garage_01,10.546822447168942,10.546822447168942,29.87728943022025,24.078149335304857,capacity_p95_plus_10percent,uncontrolled,30.975634297427696,20.85064380165317,10.124990495774526,30.975634297427696,
2020-10-22 15:00:00+00:00,S_Wilson_Garage_01,10.546375925795283,14.194047428188624,29.8768429088466,25.172004264649207,capacity_p95_plus_10percent,uncontrolled,23.575179836833115,20.85064380165317,2.724536035179945,23.575179836833115,
2020-10-22 16:00:00+00:00,S_Wilson_Garage_01,18.860234092404845,22.507905594798185,40.07664651923005,34.80602424190049,capacity_p95_plus_10percent,uncontrolled,22.329481198589896,20.85064380165317,1.4788373969367257,22.329481198589896,
2020-10-26 15:00:00+00:00,S_Wilson_Garage_01,8.413522775996254,8.413522775996254,19.82502936215146,16.401577386304897,capacity_p95_plus_10percent,uncontrolled,39.6,20.85064380165317,18.74935619834683,39.6,
2020-10-26 16:00:00+00:00,S_Wilson_Garage_01,13.325246077372787,13.325246077372787,34.54165850419799,28.17673477615043,capacity_p95_plus_10percent,uncontrolled,30.457833333333333,20.85064380165317,9.607189531680163,30.457833333333333,
2020-10-26 17:00:00+00:00,S_Wilson_Garage_01,11.945803118714108,11.945803118714108,31.27627010176542,25.477130006850025,capacity_p95_plus_10percent,uncontrolled,26.39433333333333,20.85064380165317,5.543689531680158,26.39433333333333,
2020-11-04 15:00:00+00:00,S_Wilson_Garage_01,6.639069392540756,6.639069392540756,18.050575978695964,14.627124002849401,capacity_p95_plus_10percent,uncontrolled,26.4,20.85064380165317,5.549356198346828,26.4,
2020-11-05 15:00:00+00:00,S_Wilson_Garage_01,9.65458972962968,9.65458972962968,28.985056712680997,23.185916617765603,capacity_p95_plus_10percent,uncontrolled,27.296499999999995,20.85064380165317,6.445856198346824,27.296499999999995,
2020-11-05 16:00:00+00:00,S_Wilson_Garage_01,10.977140789156312,14.624812291549652,30.307607772207625,25.60276912801023,capacity_p95_plus_10percent,uncontrolled,29.808368279567432,20.85064380165317,8.957724477914262,29.808368279567432,
2020-11-05 17:00:00+00:00,S_Wilson_Garage_01,15.541464157344867,19.18913565973821,36.75787658417007,31.48725430684051,capacity_p95_plus_10percent,uncontrolled,31.812618644067797,20.85064380165317,10.961974842414627,31.812618644067797,
2020-11-06 15:00:00+00:00,S_Wilson_Garage_01,0.0,0.0,11.411506586155207,7.9880546103086445,capacity_p95_plus_10percent,uncontrolled,26.4,20.85064380165317,5.549356198346828,26.4,
2020-11-06 16:00:00+00:00,S_Wilson_Garage_01,8.532404472481877,8.532404472481877,19.943911058637084,16.520459082790524,capacity_p95_plus_10percent,uncontrolled,25.65626128921061,20.85064380165317,4.805617487557441,25.65626128921061,
2020-11-07 22:00:00+00:00,S_Wilson_Garage_01,5.082793646622301,5.082793646622301,16.494300232777512,13.070848256930947,capacity_p95_plus_10percent,uncontrolled,21.680775280898878,20.85064380165317,0.8301314792457077,21.680775280898878,
2020-11-08 23:00:00+00:00,S_Wilson_Garage_01,1.44848762125407,1.44848762125407,12.85999420740928,9.436542231562717,capacity_p95_plus_10percent,uncontrolled,26.4,20.85064380165317,5.549356198346828,26.4,
2020-11-09 00:00:00+00:00,S_Wilson_Garage_01,6.764499907495974,6.764499907495974,18.176006493651183,14.752554517804619,capacity_p95_plus_10percent,uncontrolled,27.546999999999997,20.85064380165317,6.696356198346827,27.546999999999997,
2020-11-09 15:00:00+00:00,S_Wilson_Garage_01,2.353051916800476,2.353051916800476,13.764558502955683,10.34110652710912,capacity_p95_plus_10percent,uncontrolled,39.27575018076645,20.85064380165317,18.42510637911328,39.27575018076645,
2020-11-09 16:00:00+00:00,S_Wilson_Garage_01,5.649049154584896,5.649049154584896,17.060555740740107,13.637103764893544,capacity_p95_plus_10percent,uncontrolled,21.016333333333336,20.85064380165317,0.1656895316801652,21.016333333333336,
2020-11-13 15:00:00+00:00,S_Wilson_Garage_01,1.6754925698013727,1.6754925698013727,13.08699915595658,9.663547180110017,capacity_p95_plus_10percent,uncontrolled,22.961925365062193,20.85064380165317,2.1112815634090225,22.961925365062193,
2020-11-13 16:00:00+00:00,S_Wilson_Garage_01,12.33664691192362,12.33664691192362,31.66711389497493,25.867973800059534,capacity_p95_plus_10percent,uncontrolled,28.1905,20.85064380165317,7.33985619834683,28.1905,
2020-11-13 17:00:00+00:00,S_Wilson_Garage_01,12.31033256049865,15.958004062891993,31.640799543549964,26.93596089935257,capacity_p95_plus_10percent,uncontrolled,38.731500000000004,20.85064380165317,17.880856198346834,38.731500000000004,
2020-11-16 15:00:00+00:00,S_Wilson_Garage_01,1.4390598315713818,1.4390598315713818,12.85056641772659,9.427114441880027,capacity_p95_plus_10percent,uncontrolled,32.42431259044862,20.85064380165317,11.573668788795452,32.42431259044862,
2020-11-17 16:00:00+00:00,S_Wilson_Garage_01,9.976913634955848,9.976913634955848,29.30738061800716,23.508240523091764,capacity_p95_plus_10percent,uncontrolled,21.752166666666668,20.85064380165317,0.9015228650134972,21.752166666666668,
2020-11-17 17:00:00+00:00,S_Wilson_Garage_01,8.892771424992413,8.892771424992413,20.304278011147623,16.88082603530106,capacity_p95_plus_10percent,uncontrolled,25.177777777777784,20.85064380165317,4.327133976124614,25.177777777777784,
2020-11-17 18:00:00+00:00,S_Wilson_Garage_01,13.080626615340677,13.080626615340677,34.29703904216588,27.932115314118317,capacity_p95_plus_10percent,uncontrolled,22.745333333333328,20.85064380165317,1.8946895316801573,22.745333333333328,
2020-11-18 17:00:00+00:00,S_Wilson_Garage_01,9.410472746911886,9.410472746911886,28.7409397299632,22.941799635047804,capacity_p95_plus_10percent,uncontrolled,20.888666666666666,20.85064380165317,0.03802286501349528,20.888666666666666,
2020-11-20 03:00:00+00:00,S_Wilson_Garage_01,0.0432240512857574,0.0432240512857574,11.454730637440967,8.031278661594403,capacity_p95_plus_10percent,uncontrolled,21.569333333333333,20.85064380165317,0.7186895316801625,21.569333333333333,
2020-11-20 16:00:00+00:00,S_Wilson_Garage_01,0.8304066939042843,0.8304066939042843,12.241913280059494,8.818461304212931,capacity_p95_plus_10percent,uncontrolled,21.393135926993274,20.85064380165317,0.5424921253401038,21.393135926993274,
2020-11-23 15:00:00+00:00,S_Wilson_Garage_01,0.0,0.0,11.411506586155207,7.9880546103086445,capacity_p95_plus_10percent,uncontrolled,25.02616666666667,20.85064380165317,4.175522865013498,25.02616666666667,
2020-11-24 01:00:00+00:00,S_Wilson_Garage_01,5.269604851290881,5.269604851290881,16.68111143744609,13.257659461599527,capacity_p95_plus_10percent,uncontrolled,25.777859778597783,20.85064380165317,4.927215976944613,25.777859778597783,
2020-11-24 15:00:00+00:00,S_Wilson_Garage_01,3.007454000508833,3.007454000508833,14.418960586664042,10.99550861081748,capacity_p95_plus_10percent,uncontrolled,34.68773014804845,20.85064380165317,13.837086346395282,34.68773014804845,
2020-11-24 16:00:00+00:00,S_Wilson_Garage_01,9.562775193424187,9.562775193424187,28.8932421764755,23.094102081560106,capacity_p95_plus_10percent,uncontrolled,45.08280137673209,20.85064380165317,24.232157575078922,45.08280137673209,
2020-11-24 17:00:00+00:00,S_Wilson_Garage_01,11.31404595552294,11.31404595552294,30.64451293857425,24.845372843658854,capacity_p95_plus_10percent,uncontrolled,29.81,20.85064380165317,8.959356198346828,29.81,
2020-11-25 15:00:00+00:00,S_Wilson_Garage_01,2.6141922172291023,2.6141922172291023,14.025698803384312,10.60224682753775,capacity_p95_plus_10percent,uncontrolled,27.101499999999998,20.85064380165317,6.250856198346828,27.101499999999998,
2020-11-27 15:00:00+00:00,S_Wilson_Garage_01,0.0,0.0,11.411506586155207,7.9880546103086445,capacity_p95_plus_10percent,uncontrolled,26.4,20.85064380165317,5.549356198346828,26.4,
2020-11-27 16:00:00+00:00,S_Wilson_Garage_01,0.0,0.0,11.411506586155207,7.9880546103086445,capacity_p95_plus_10percent,uncontrolled,25.659,20.85064380165317,4.808356198346829,25.659,
2020-11-28 03:00:00+00:00,S_Wilson_Garage_01,0.0,0.0,11.411506586155207,7.9880546103086445,capacity_p95_plus_10percent,uncontrolled,21.076811013767205,20.85064380165317,0.226167212114035,21.076811013767205,
2020-11-29 22:00:00+00:00,S_Wilson_Garage_01,3.544451067477932,3.544451067477932,14.955957653633142,11.532505677786578,capacity_p95_plus_10percent,uncontrolled,23.819787501503665,20.85064380165317,2.9691436998504948,23.819787501503665,
2020-11-30 15:00:00+00:00,S_Wilson_Garage_01,5.816405128816694,5.816405128816694,17.227911714971903,13.804459739125338,capacity_p95_plus_10percent,uncontrolled,29.866372072470167,20.85064380165317,9.015728270816997,29.866372072470167,
2020-11-30 16:00:00+00:00,S_Wilson_Garage_01,9.011652188853722,9.011652188853722,20.42315877500893,16.999706799162368,capacity_p95_plus_10percent,uncontrolled,43.41366666666667,20.85064380165317,22.5630228650135,43.41366666666667,
2020-11-30 17:00:00+00:00,S_Wilson_Garage_01,7.979486334474289,7.979486334474289,19.390992920629497,15.967540944782934,capacity_p95_plus_10percent,uncontrolled,22.494707443804362,20.85064380165317,1.6440636421511918,22.494707443804362,
2020-09-29 19:00:00+00:00,S_Wilson_Garage_01,6.004350068616616,6.004350068616616,17.415856654771826,13.992404678925263,capacity_p95_plus_10percent,point_forecast,24.70848351220239,20.85064380165317,3.857839710549218,24.70848351220239,
2020-09-29 19:00:00+00:00,S_Wilson_Garage_01,6.004350068616616,6.004350068616616,17.415856654771826,13.992404678925263,capacity_p95_plus_10percent,peak_sensitive,24.70848351220239,20.85064380165317,3.857839710549218,24.70848351220239,
2020-09-29 19:00:00+00:00,S_Wilson_Garage_01,6.004350068616616,6.004350068616616,17.415856654771826,13.992404678925263,capacity_p95_plus_10percent,uncertainty_aware,24.70848351220239,20.85064380165317,3.857839710549218,24.70848351220239,
2020-09-29 19:00:00+00:00,S_Wilson_Garage_01,6.004350068616616,6.004350068616616,17.415856654771826,13.992404678925263,capacity_p95_plus_10percent,hybrid_uncertainty_peak,24.70848351220239,20.85064380165317,3.857839710549218,24.70848351220239,
2020-11-10 15:00:00+00:00,Arroyo_Garage_01,99.84316180009267,99.84316180009267,121.05957422691787,114.69465049887032,capacity_mean_plus_2std,uncontrolled,119.6001576186549,116.64360606051338,2.956551558141527,119.6001576186549,
2020-11-10 16:00:00+00:00,Arroyo_Garage_01,95.37068712192897,95.37068712192897,116.58709954875415,110.2221758207066,capacity_mean_plus_2std,uncontrolled,181.24409371562157,116.64360606051338,64.6004876551082,181.24409371562157,
2020-11-10 17:00:00+00:00,Arroyo_Garage_01,97.50980439824914,97.50980439824914,118.72621682507436,112.36129309702679,capacity_mean_plus_2std,uncontrolled,119.1291157553187,116.64360606051338,2.485509694805316,119.1291157553187,
2020-11-11 15:00:00+00:00,Arroyo_Garage_01,87.60661282495495,87.60661282495495,108.82302525178017,102.4581015237326,capacity_mean_plus_2std,uncontrolled,200.27224045848268,116.64360606051338,83.62863439796931,200.27224045848268,
2020-11-11 16:00:00+00:00,Arroyo_Garage_01,92.55787544788691,92.55787544788691,113.77428787471212,107.40936414666456,capacity_mean_plus_2std,uncontrolled,201.2820159422906,116.64360606051338,84.63840988177722,201.2820159422906,
2020-11-12 15:00:00+00:00,Arroyo_Garage_01,108.90923162132292,108.90923162132292,130.12564404814813,123.76072032010056,capacity_mean_plus_2std,uncontrolled,202.8263047618328,116.64360606051338,86.18269870131942,202.8263047618328,
2020-11-12 16:00:00+00:00,Arroyo_Garage_01,99.73606116314754,99.73606116314754,120.95247358997274,114.58754986192517,capacity_mean_plus_2std,uncontrolled,191.09306877101625,116.64360606051338,74.44946271050287,191.09306877101625,
2020-11-15 00:00:00+00:00,Arroyo_Garage_01,0.4369145761062454,0.4369145761062454,21.65332700293145,15.288403274883889,capacity_mean_plus_2std,uncontrolled,118.1487046450241,116.64360606051338,1.5050985845107192,118.1487046450241,
2020-11-16 15:00:00+00:00,Arroyo_Garage_01,89.14598539545342,89.14598539545342,110.36239782227862,103.99747409423107,capacity_mean_plus_2std,uncontrolled,158.95474486149683,116.64360606051338,42.31113880098346,158.95474486149683,
2020-11-16 16:00:00+00:00,Arroyo_Garage_01,93.93350264963962,93.93350264963962,115.14991507646482,108.78499134841725,capacity_mean_plus_2std,uncontrolled,132.0567879526692,116.64360606051338,15.41318189215582,132.0567879526692,
2020-11-17 15:00:00+00:00,Arroyo_Garage_01,90.2084654573265,90.2084654573265,111.4248778841517,105.05995415610413,capacity_mean_plus_2std,uncontrolled,173.80358846987804,116.64360606051338,57.15998240936466,173.80358846987804,
2020-11-18 16:00:00+00:00,Arroyo_Garage_01,80.58841732515012,80.58841732515012,101.80482975197532,95.43990602392775,capacity_mean_plus_2std,uncontrolled,146.36300240628813,116.64360606051338,29.719396345774754,146.36300240628813,
2020-11-24 14:00:00+00:00,Arroyo_Garage_01,52.91203180589397,52.91203180589397,74.12844423271918,67.76352050467162,capacity_mean_plus_2std,uncontrolled,118.84541858371273,116.64360606051338,2.201812523199351,118.84541858371273,
2020-11-24 15:00:00+00:00,Arroyo_Garage_01,78.91365682046352,78.91365682046352,100.13006924728872,93.76514551924114,capacity_mean_plus_2std,uncontrolled,165.29704760871445,116.64360606051338,48.65344154820107,165.29704760871445,
2020-11-24 16:00:00+00:00,Arroyo_Garage_01,86.09501529469833,86.09501529469833,107.31142772152351,100.94650399347596,capacity_mean_plus_2std,uncontrolled,165.06026855612632,116.64360606051338,48.41666249561294,165.06026855612632,
2020-11-25 15:00:00+00:00,Arroyo_Garage_01,61.961865563862304,61.961865563862304,83.1782779906875,76.81335426263993,capacity_mean_plus_2std,uncontrolled,170.97908722194492,116.64360606051338,54.335481161431545,170.97908722194492,
2020-11-25 16:00:00+00:00,Arroyo_Garage_01,78.8229613996642,78.8229613996642,100.0393738264894,93.67445009844182,capacity_mean_plus_2std,uncontrolled,146.77996044501978,116.64360606051338,30.136354384506404,146.77996044501978,
2020-11-26 15:00:00+00:00,Arroyo_Garage_01,6.823413429649324,6.823413429649324,28.03982585647453,21.674902128426965,capacity_mean_plus_2std,uncontrolled,177.13173003261173,116.64360606051338,60.48812397209835,177.13173003261173,
2020-11-26 16:00:00+00:00,Arroyo_Garage_01,5.506995241223683,5.506995241223683,26.723407668048885,20.358483940001324,capacity_mean_plus_2std,uncontrolled,226.52997661415012,116.64360606051338,109.88637055363674,226.52997661415012,
2020-11-26 17:00:00+00:00,Arroyo_Garage_01,5.760404480933631,5.760404480933631,26.976816907758835,20.611893179711274,capacity_mean_plus_2std,uncontrolled,156.25640432283248,116.64360606051338,39.6127982623191,156.25640432283248,
2020-11-27 15:00:00+00:00,Arroyo_Garage_01,27.83464306217736,27.83464306217736,49.051055489002565,42.686131760955,capacity_mean_plus_2std,uncontrolled,217.74038564082318,116.64360606051338,101.0967795803098,217.74038564082318,
2020-11-27 16:00:00+00:00,Arroyo_Garage_01,27.127351109148243,27.127351109148243,48.34376353597345,41.97883980792588,capacity_mean_plus_2std,uncontrolled,243.35788108868672,116.64360606051338,126.71427502817335,243.35788108868672,
2020-11-27 17:00:00+00:00,Arroyo_Garage_01,18.51067952150552,18.51067952150552,39.72709194833072,33.36216822028315,capacity_mean_plus_2std,uncontrolled,131.49349999999995,116.64360606051338,14.849893939486577,131.49349999999995,
2020-11-30 15:00:00+00:00,Arroyo_Garage_01,65.93768200257242,65.93768200257242,87.15409442939762,80.78917070135005,capacity_mean_plus_2std,uncontrolled,119.66768966816605,116.64360606051338,3.0240836076526705,119.66768966816605,
2020-11-30 16:00:00+00:00,Arroyo_Garage_01,81.94355431671235,81.94355431671235,103.15996674353757,96.79504301549,capacity_mean_plus_2std,uncontrolled,159.23171390939245,116.64360606051338,42.588107848879076,159.23171390939245,
2020-11-30 17:00:00+00:00,Arroyo_Garage_01,89.93105008829434,89.93105008829434,111.14746251511954,104.78253878707199,capacity_mean_plus_2std,uncontrolled,117.77863201911497,116.64360606051338,1.135025958601588,117.77863201911497,
2020-07-15 13:00:00+00:00,California_Garage_01,0.0,0.0,1.3514136808139638,0.9459895765697747,capacity_mean_plus_2std,uncontrolled,113.95471404553888,101.11314814853247,12.841565897006404,,113.95471404553888
2020-07-16 14:00:00+00:00,California_Garage_01,0.0,0.0,1.3514136808139638,0.9459895765697747,capacity_mean_plus_2std,uncontrolled,101.59405359346813,101.11314814853247,0.480905444935658,,101.59405359346813
2020-07-22 13:00:00+00:00,California_Garage_01,0.0,0.0,1.3514136808139638,0.9459895765697747,capacity_mean_plus_2std,uncontrolled,132.6561509173375,101.11314814853247,31.543002768805025,,132.6561509173375
2020-07-22 14:00:00+00:00,California_Garage_01,0.0,0.0,1.3514136808139638,0.9459895765697747,capacity_mean_plus_2std,uncontrolled,122.69643296028086,101.11314814853247,21.583284811748385,,122.69643296028086
2020-07-23 13:00:00+00:00,California_Garage_01,0.0,0.0,1.3514136808139638,0.9459895765697747,capacity_mean_plus_2std,uncontrolled,147.09112797578416,101.11314814853247,45.97797982725169,,147.09112797578416
2020-07-23 14:00:00+00:00,California_Garage_01,0.0,0.0,1.3514136808139638,0.9459895765697747,capacity_mean_plus_2std,uncontrolled,104.41218174482432,101.11314814853247,3.2990335962918493,,104.41218174482432
2020-07-24 13:00:00+00:00,California_Garage_01,0.0,0.0,1.3514136808139638,0.9459895765697747,capacity_mean_plus_2std,uncontrolled,135.24606240956547,101.11314814853247,34.132914261032994,,135.24606240956547
2020-07-24 14:00:00+00:00,California_Garage_01,0.0,0.0,1.3514136808139638,0.9459895765697747,capacity_mean_plus_2std,uncontrolled,146.6548004440018,101.11314814853247,45.54165229546933,,146.6548004440018
2020-07-27 13:00:00+00:00,California_Garage_01,0.0,0.0,1.3514136808139638,0.9459895765697747,capacity_mean_plus_2std,uncontrolled,131.40654355495778,101.11314814853247,30.293395406425304,,131.40654355495778
2020-07-28 13:00:00+00:00,California_Garage_01,0.0,0.0,1.3514136808139638,0.9459895765697747,capacity_mean_plus_2std,uncontrolled,130.0217468049889,101.11314814853247,28.908598656456434,,130.0217468049889
2020-07-28 14:00:00+00:00,California_Garage_01,0.0,0.0,1.3514136808139638,0.9459895765697747,capacity_mean_plus_2std,uncontrolled,130.80923060369162,101.11314814853247,29.696082455159143,,130.80923060369162
2020-07-29 13:00:00+00:00,California_Garage_01,0.0,0.0,1.3514136808139638,0.9459895765697747,capacity_mean_plus_2std,uncontrolled,128.77744929352713,101.11314814853247,27.664301144994653,,128.77744929352713
2020-07-29 14:00:00+00:00,California_Garage_01,0.0,0.0,1.3514136808139638,0.9459895765697747,capacity_mean_plus_2std,uncontrolled,134.48026529860826,101.11314814853247,33.367117150075785,,134.48026529860826
2020-07-30 13:00:00+00:00,California_Garage_01,0.0,0.0,1.3514136808139638,0.9459895765697747,capacity_mean_plus_2std,uncontrolled,145.25229799079972,101.11314814853247,44.139149842267244,,145.25229799079972
2020-07-30 14:00:00+00:00,California_Garage_01,0.0,0.0,1.3514136808139638,0.9459895765697747,capacity_mean_plus_2std,uncontrolled,104.47999999999998,101.11314814853247,3.3668518514675014,,104.47999999999998
2020-07-31 13:00:00+00:00,California_Garage_01,0.0,0.0,1.3514136808139638,0.9459895765697747,capacity_mean_plus_2std,uncontrolled,120.98264544756614,101.11314814853247,19.869497299033668,,120.98264544756614
2020-07-31 14:00:00+00:00,California_Garage_01,0.0,0.0,1.3514136808139638,0.9459895765697747,capacity_mean_plus_2std,uncontrolled,114.21039241062807,101.11314814853247,13.0972442620956,,114.21039241062807
2020-08-03 13:00:00+00:00,California_Garage_01,0.0,0.0,1.3514136808139638,0.9459895765697747,capacity_mean_plus_2std,uncontrolled,130.65173657478113,101.11314814853247,29.53858842624865,,130.65173657478113
2020-08-03 14:00:00+00:00,California_Garage_01,0.0,0.0,1.3514136808139638,0.9459895765697747,capacity_mean_plus_2std,uncontrolled,130.92681119235993,101.11314814853247,29.81366304382746,,130.92681119235993
2020-08-05 13:00:00+00:00,California_Garage_01,0.0,0.0,1.3514136808139638,0.9459895765697747,capacity_mean_plus_2std,uncontrolled,134.65895106444754,101.11314814853247,33.54580291591506,,134.65895106444754
2020-08-05 14:00:00+00:00,California_Garage_01,0.0,0.0,1.3514136808139638,0.9459895765697747,capacity_mean_plus_2std,uncontrolled,112.6219773472615,101.11314814853247,11.508829198729032,,112.6219773472615
2020-08-06 13:00:00+00:00,California_Garage_01,0.0,0.0,1.3514136808139638,0.9459895765697747,capacity_mean_plus_2std,uncontrolled,137.47831158118166,101.11314814853247,36.36516343264918,,137.47831158118166
2020-08-06 14:00:00+00:00,California_Garage_01,0.0,0.0,1.3514136808139638,0.9459895765697747,capacity_mean_plus_2std,uncontrolled,134.26710983338555,101.11314814853247,33.15396168485307,,134.26710983338555
2020-08-07 13:00:00+00:00,California_Garage_01,0.0,0.0,1.3514136808139638,0.9459895765697747,capacity_mean_plus_2std,uncontrolled,114.26911389167334,101.11314814853247,13.155965743140868,,114.26911389167334
2020-08-07 14:00:00+00:00,California_Garage_01,0.0,0.0,1.3514136808139638,0.9459895765697747,capacity_mean_plus_2std,uncontrolled,128.97009204667583,101.11314814853247,27.856943898143356,,128.97009204667583
2020-08-07 15:00:00+00:00,California_Garage_01,6.01879143387786,6.01879143387786,7.370205114691824,6.964781010447635,capacity_mean_plus_2std,uncontrolled,102.35520489977725,101.11314814853247,1.2420567512447747,,102.35520489977725
2020-08-10 13:00:00+00:00,California_Garage_01,0.0,0.0,1.3514136808139638,0.9459895765697747,capacity_mean_plus_2std,uncontrolled,125.33066666666662,101.11314814853247,24.217518518134142,,125.33066666666662
2020-08-10 14:00:00+00:00,California_Garage_01,0.0,0.0,1.3514136808139638,0.9459895765697747,capacity_mean_plus_2std,uncontrolled,123.9796101499423,101.11314814853247,22.86646200140983,,123.9796101499423
2020-08-11 13:00:00+00:00,California_Garage_01,0.0,0.0,1.3514136808139638,0.9459895765697747,capacity_mean_plus_2std,uncontrolled,119.22452161100192,101.11314814853247,18.111373462469444,,119.22452161100192
2020-08-11 14:00:00+00:00,California_Garage_01,0.0,0.0,1.3514136808139638,0.9459895765697747,capacity_mean_plus_2std,uncontrolled,154.87749320150775,101.11314814853247,53.76434505297527,,154.87749320150775
2020-08-11 15:00:00+00:00,California_Garage_01,0.0,0.0,1.3514136808139638,0.9459895765697747,capacity_mean_plus_2std,uncontrolled,107.97058758806699,101.11314814853247,6.857439439534517,,107.97058758806699
2020-08-12 13:00:00+00:00,California_Garage_01,0.0,0.0,1.3514136808139638,0.9459895765697747,capacity_mean_plus_2std,uncontrolled,146.42034625740436,101.11314814853247,45.30719810887189,,146.42034625740436
2020-08-12 14:00:00+00:00,California_Garage_01,0.0,0.0,1.3514136808139638,0.9459895765697747,capacity_mean_plus_2std,uncontrolled,123.65416666666661,101.11314814853247,22.541018518134138,,123.65416666666661
2020-08-13 13:00:00+00:00,California_Garage_01,0.0,0.0,1.3514136808139638,0.9459895765697747,capacity_mean_plus_2std,uncontrolled,130.1860658190299,101.11314814853247,29.072917670497418,,130.1860658190299
2020-08-13 14:00:00+00:00,California_Garage_01,0.0,0.0,1.3514136808139638,0.9459895765697747,capacity_mean_plus_2std,uncontrolled,136.8827374592004,101.11314814853247,35.769589310667925,,136.8827374592004
2020-08-14 13:00:00+00:00,California_Garage_01,0.0,0.0,1.3514136808139638,0.9459895765697747,capacity_mean_plus_2std,uncontrolled,145.2566894484412,101.11314814853247,44.14354129990872,,145.2566894484412
2020-08-14 14:00:00+00:00,California_Garage_01,0.0,0.0,1.3514136808139638,0.9459895765697747,capacity_mean_plus_2std,uncontrolled,160.9356609905147,101.11314814853247,59.82251284198222,,160.9356609905147
2020-08-18 13:00:00+00:00,California_Garage_01,0.6712489938365588,0.6712489938365588,2.0226626746505225,1.6172385704063332,capacity_mean_plus_2std,uncontrolled,156.81693843830823,101.11314814853247,55.70379028977575,,156.81693843830823
2020-08-18 14:00:00+00:00,California_Garage_01,0.0496043109289832,0.0496043109289832,1.401017991742947,0.9955938874987578,capacity_mean_plus_2std,uncontrolled,146.91931266400294,101.11314814853247,45.80616451547047,,146.91931266400294
2020-08-18 15:00:00+00:00,California_Garage_01,5.902199835789199,5.902199835789199,7.2536135166031634,6.848189412358974,capacity_mean_plus_2std,uncontrolled,132.89624523737524,101.11314814853247,31.783097088842766,,132.89624523737524
2020-08-19 13:00:00+00:00,California_Garage_01,0.0,0.0,1.3514136808139638,0.9459895765697747,capacity_mean_plus_2std,uncontrolled,105.03470786516851,101.11314814853247,3.9215597166360396,,105.03470786516851
2020-08-19 14:00:00+00:00,California_Garage_01,6.029162500123973,6.029162500123973,7.380576180937936,6.975152076693747,capacity_mean_plus_2std,uncontrolled,150.82951845769648,101.11314814853247,49.716370309164006,,150.82951845769648
2020-08-19 15:00:00+00:00,California_Garage_01,4.5170292459040615,4.5170292459040615,5.868442926718025,5.463018822473836,capacity_mean_plus_2std,uncontrolled,109.26746468327275,101.11314814853247,8.154316534740275,,109.26746468327275
2020-08-20 13:00:00+00:00,California_Garage_01,0.0,0.0,1.3514136808139638,0.9459895765697747,capacity_mean_plus_2std,uncontrolled,119.19124073571109,101.11314814853247,18.078092587178617,,119.19124073571109
2020-08-20 14:00:00+00:00,California_Garage_01,0.0,0.0,1.3514136808139638,0.9459895765697747,capacity_mean_plus_2std,uncontrolled,145.09366581838154,101.11314814853247,43.980517669849064,,145.09366581838154
2020-08-20 15:00:00+00:00,California_Garage_01,0.0,0.0,1.3514136808139638,0.9459895765697747,capacity_mean_plus_2std,uncontrolled,106.92502469146946,101.11314814853247,5.811876542936986,,106.92502469146946
2020-08-21 13:00:00+00:00,California_Garage_01,0.0,0.0,1.3514136808139638,0.9459895765697747,capacity_mean_plus_2std,uncontrolled,121.56916666666663,101.11314814853247,20.456018518134158,,121.56916666666663
2020-08-21 14:00:00+00:00,California_Garage_01,0.0,0.0,1.3514136808139638,0.9459895765697747,capacity_mean_plus_2std,uncontrolled,116.8502924631881,101.11314814853247,15.737144314655623,,116.8502924631881
2020-08-21 15:00:00+00:00,California_Garage_01,5.757273508760158,5.757273508760158,7.1086871895741215,6.703263085329932,capacity_mean_plus_2std,uncontrolled,119.70016477249084,101.11314814853247,18.587016623958363,,119.70016477249084
2020-08-24 13:00:00+00:00,California_Garage_01,0.0,0.0,1.3514136808139638,0.9459895765697747,capacity_mean_plus_2std,uncontrolled,116.39676242161116,101.11314814853247,15.283614273078683,,116.39676242161116
2020-08-24 14:00:00+00:00,California_Garage_01,0.0,0.0,1.3514136808139638,0.9459895765697747,capacity_mean_plus_2std,uncontrolled,103.83866666666664,101.11314814853247,2.725518518134166,,103.83866666666664
2020-08-24 15:00:00+00:00,California_Garage_01,6.0960085263506505,6.0960085263506505,7.447422207164614,7.041998102920424,capacity_mean_plus_2std,uncontrolled,103.06166666666664,101.11314814853247,1.9485185181341649,,103.06166666666664
2020-08-25 13:00:00+00:00,California_Garage_01,4.197305698630038,4.197305698630038,5.548719379444002,5.1432952751998124,capacity_mean_plus_2std,uncontrolled,159.4049649873592,101.11314814853247,58.29181683882672,,159.4049649873592
2020-08-25 14:00:00+00:00,California_Garage_01,0.3830848352074468,0.3830848352074468,1.7344985160214106,1.3290744117772215,capacity_mean_plus_2std,uncontrolled,182.64176059746916,101.11314814853247,81.52861244893668,,182.64176059746916
2020-08-25 15:00:00+00:00,California_Garage_01,0.0,0.0,1.3514136808139638,0.9459895765697747,capacity_mean_plus_2std,uncontrolled,114.4479115413819,101.11314814853247,13.334763392849425,,114.4479115413819
2020-08-26 13:00:00+00:00,California_Garage_01,0.0,0.0,1.3514136808139638,0.9459895765697747,capacity_mean_plus_2std,uncontrolled,132.63710039489743,101.11314814853247,31.523952246364956,,132.63710039489743
2020-08-26 14:00:00+00:00,California_Garage_01,5.625461110661372,5.625461110661372,6.976874791475336,6.571450687231147,capacity_mean_plus_2std,uncontrolled,126.13974826280331,101.11314814853247,25.026600114270835,,126.13974826280331
2020-08-26 15:00:00+00:00,California_Garage_01,4.64036395461464,4.64036395461464,5.991777635428603,5.586353531184414,capacity_mean_plus_2std,uncontrolled,117.93057792207792,101.11314814853247,16.81742977354544,,117.93057792207792
2020-08-27 13:00:00+00:00,California_Garage_01,0.6576208238325467,0.6576208238325467,2.0090345046465106,1.6036104004023213,capacity_mean_plus_2std,uncontrolled,162.37826626985722,101.11314814853247,61.26511812132475,,162.37826626985722
2020-08-27 14:00:00+00:00,California_Garage_01,1.0753576885323246,1.0753576885323246,2.426771369346288,2.021347265102099,capacity_mean_plus_2std,uncontrolled,121.78294716711495,101.11314814853247,20.66979901858248,,121.78294716711495
2020-08-28 13:00:00+00:00,California_Garage_01,0.64291549972328,0.64291549972328,1.994329180537244,1.5889050762930548,capacity_mean_plus_2std,uncontrolled,142.70125921908888,101.11314814853247,41.58811107055641,,142.70125921908888
2020-08-28 14:00:00+00:00,California_Garage_01,0.8016655372648047,0.8016655372648047,2.1530792180787683,1.7476551138345793,capacity_mean_plus_2std,uncontrolled,136.64107453203582,101.11314814853247,35.52792638350334,,136.64107453203582
2020-08-31 13:00:00+00:00,California_Garage_01,0.6712198096363519,0.6712198096363519,2.022633490450316,1.6172093862061265,capacity_mean_plus_2std,uncontrolled,127.65176210355489,101.11314814853247,26.538613955022413,,127.65176210355489
2020-08-31 14:00:00+00:00,California_Garage_01,0.7357928092751853,0.7357928092751853,2.087206490089149,1.6817823858449596,capacity_mean_plus_2std,uncontrolled,148.2534047335516,101.11314814853247,47.14025658501913,,148.2534047335516
2020-08-31 15:00:00+00:00,California_Garage_01,1.9531400082897687,1.9531400082897687,3.3045536891037326,2.8991295848595433,capacity_mean_plus_2std,uncontrolled,125.32772794266099,101.11314814853247,24.21457979412851,,125.32772794266099
2020-09-01 13:00:00+00:00,California_Garage_01,0.9429450546507232,0.9429450546507232,2.2943587354646877,1.8889346312204984,capacity_mean_plus_2std,uncontrolled,135.76397114100837,101.11314814853247,34.650822992475895,,135.76397114100837
2020-09-01 14:00:00+00:00,California_Garage_01,0.0540111709038475,0.0540111709038475,1.4054248517178114,1.000000747473622,capacity_mean_plus_2std,uncontrolled,126.79357093574814,101.11314814853247,25.68042278721566,,126.79357093574814
2020-09-02 13:00:00+00:00,California_Garage_01,0.0,0.0,1.3514136808139638,0.9459895765697747,capacity_mean_plus_2std,uncontrolled,137.58442858729825,101.11314814853247,36.471280438765774,,137.58442858729825
2020-09-02 14:00:00+00:00,California_Garage_01,0.0110427757017779,0.0110427757017779,1.3624564565157418,0.9570323522715526,capacity_mean_plus_2std,uncontrolled,135.84934728311407,101.11314814853247,34.7361991345816,,135.84934728311407
2020-09-02 15:00:00+00:00,California_Garage_01,5.898251476349363,5.898251476349363,7.249665157163326,6.844241052919137,capacity_mean_plus_2std,uncontrolled,119.08712071453995,101.11314814853247,17.973972566007475,,119.08712071453995
2020-09-03 13:00:00+00:00,California_Garage_01,0.6642212094147282,0.6642212094147282,2.015634890228692,1.6102107859845027,capacity_mean_plus_2std,uncontrolled,129.2195075070807,101.11314814853247,28.106359358548218,,129.2195075070807
2020-09-03 14:00:00+00:00,California_Garage_01,0.7150041047668917,0.7150041047668917,2.0664177855808554,1.6609936813366661,capacity_mean_plus_2std,uncontrolled,115.23399162118822,101.11314814853247,14.12084347265575,,115.23399162118822
2020-09-04 13:00:00+00:00,California_Garage_01,0.0,0.0,1.3514136808139638,0.9459895765697747,capacity_mean_plus_2std,uncontrolled,118.96003485844263,101.11314814853247,17.84688670991015,,118.96003485844263
2020-09-04 14:00:00+00:00,California_Garage_01,0.0,0.0,1.3514136808139638,0.9459895765697747,capacity_mean_plus_2std,uncontrolled,142.8781594511616,101.11314814853247,41.76501130262912,,142.8781594511616
2020-09-07 13:00:00+00:00,California_Garage_01,0.0,0.0,1.3514136808139638,0.9459895765697747,capacity_mean_plus_2std,uncontrolled,131.33165508365505,101.11314814853247,30.218506935122576,,131.33165508365505
2020-09-07 14:00:00+00:00,California_Garage_01,0.0,0.0,1.3514136808139638,0.9459895765697747,capacity_mean_plus_2std,uncontrolled,132.64549999999994,101.11314814853247,31.532351851467467,,132.64549999999994
2020-09-07 15:00:00+00:00,California_Garage_01,0.0,0.0,1.3514136808139638,0.9459895765697747,capacity_mean_plus_2std,uncontrolled,101.64299999999997,101.11314814853247,0.5298518514674981,,101.64299999999997
2020-09-08 13:00:00+00:00,California_Garage_01,0.0,0.0,1.3514136808139638,0.9459895765697747,capacity_mean_plus_2std,uncontrolled,133.2417547486137,101.11314814853247,32.12860660008121,,133.2417547486137
2020-09-08 14:00:00+00:00,California_Garage_01,0.0,0.0,1.3514136808139638,0.9459895765697747,capacity_mean_plus_2std,uncontrolled,135.84028280637796,101.11314814853247,34.72713465784548,,135.84028280637796
2020-09-09 13:00:00+00:00,California_Garage_01,0.0,0.0,1.3514136808139638,0.9459895765697747,capacity_mean_plus_2std,uncontrolled,138.61249999999995,101.11314814853247,37.49935185146748,,138.61249999999995
2020-09-09 14:00:00+00:00,California_Garage_01,0.0,0.0,1.3514136808139638,0.9459895765697747,capacity_mean_plus_2std,uncontrolled,145.3511304825717,101.11314814853247,44.23798233403923,,145.3511304825717
2020-09-09 15:00:00+00:00,California_Garage_01,0.0,0.0,1.3514136808139638,0.9459895765697747,capacity_mean_plus_2std,uncontrolled,108.00061416824794,101.11314814853247,6.887466019715461,,108.00061416824794
2020-09-10 13:00:00+00:00,California_Garage_01,0.9729744596772129,0.9729744596772129,2.324388140491177,1.9189640362469875,capacity_mean_plus_2std,uncontrolled,140.67441692947764,101.11314814853247,39.56126878094517,,140.67441692947764
2020-09-11 13:00:00+00:00,California_Garage_01,0.0491985948774085,0.0491985948774085,1.4006122756913724,0.9951881714471831,capacity_mean_plus_2std,uncontrolled,134.1913944128392,101.11314814853247,33.07824626430673,,134.1913944128392
2020-09-11 14:00:00+00:00,California_Garage_01,0.0491985948774085,0.0491985948774085,1.4006122756913724,0.9951881714471831,capacity_mean_plus_2std,uncontrolled,162.91560222402398,101.11314814853247,61.80245407549151,,162.91560222402398
2020-09-14 13:00:00+00:00,California_Garage_01,0.8022864006943788,0.8022864006943788,2.153700081508343,1.7482759772641536,capacity_mean_plus_2std,uncontrolled,115.14074989987982,101.11314814853247,14.027601751347348,,115.14074989987982
2020-09-15 13:00:00+00:00,California_Garage_01,0.7483004917639381,0.7483004917639381,2.099714172577902,1.6942900683337125,capacity_mean_plus_2std,uncontrolled,148.8593993952006,101.11314814853247,47.74625124666812,,148.8593993952006
2020-09-15 14:00:00+00:00,California_Garage_01,0.8949235932817121,0.8949235932817121,2.246337274095676,1.8409131698514867,capacity_mean_plus_2std,uncontrolled,133.4207572712272,101.11314814853247,32.307609122694714,,133.4207572712272
2020-09-16 13:00:00+00:00,California_Garage_01,0.0,0.0,1.3514136808139638,0.9459895765697747,capacity_mean_plus_2std,uncontrolled,102.05749999999998,101.11314814853247,0.944351851467502,,102.05749999999998
2020-09-16 14:00:00+00:00,California_Garage_01,0.0,0.0,1.3514136808139638,0.9459895765697747,capacity_mean_plus_2std,uncontrolled,136.6710394556347,101.11314814853247,35.55789130710224,,136.6710394556347
2020-09-16 15:00:00+00:00,California_Garage_01,0.3273648468448722,0.3273648468448722,1.678778527658836,1.2733544234146468,capacity_mean_plus_2std,uncontrolled,109.88616666666664,101.11314814853247,8.773018518134165,,109.88616666666664
2020-09-17 13:00:00+00:00,California_Garage_01,0.0,0.0,1.3514136808139638,0.9459895765697747,capacity_mean_plus_2std,uncontrolled,122.48764403789937,101.11314814853247,21.374495889366898,,122.48764403789937
2020-09-17 14:00:00+00:00,California_Garage_01,0.0,0.0,1.3514136808139638,0.9459895765697747,capacity_mean_plus_2std,uncontrolled,143.54139775907817,101.11314814853247,42.42824961054569,,143.54139775907817
2020-09-18 14:00:00+00:00,California_Garage_01,0.0,0.0,1.3514136808139638,0.9459895765697747,capacity_mean_plus_2std,uncontrolled,110.5856265825583,101.11314814853247,9.472478434025831,,110.5856265825583
2020-09-21 13:00:00+00:00,California_Garage_01,0.0,0.0,1.3514136808139638,0.9459895765697747,capacity_mean_plus_2std,uncontrolled,103.13594117647055,101.11314814853247,2.0227930279380786,,103.13594117647055
2020-09-21 14:00:00+00:00,California_Garage_01,5.971446048372485,5.971446048372485,7.322859729186449,6.91743562494226,capacity_mean_plus_2std,uncontrolled,111.43916666666664,101.11314814853247,10.326018518134163,,111.43916666666664
2020-09-21 15:00:00+00:00,California_Garage_01,4.228461343862626,4.228461343862626,5.579875024676589,5.1744509204324,capacity_mean_plus_2std,uncontrolled,109.02820488835242,101.11314814853247,7.915056739819946,,109.02820488835242
2020-09-22 14:00:00+00:00,California_Garage_01,0.0110427757017779,0.0110427757017779,1.3624564565157418,0.9570323522715526,capacity_mean_plus_2std,uncontrolled,119.08074092363759,101.11314814853247,17.967592775105118,,119.08074092363759
2020-09-24 13:00:00+00:00,California_Garage_01,0.0,0.0,1.3514136808139638,0.9459895765697747,capacity_mean_plus_2std,uncontrolled,101.69149999999998,101.11314814853247,0.5783518514675023,,101.69149999999998
2020-09-25 14:00:00+00:00,California_Garage_01,0.0,0.0,1.3514136808139638,0.9459895765697747,capacity_mean_plus_2std,uncontrolled,106.13100527370457,101.11314814853247,5.0178571251721,,106.13100527370457
2020-09-25 15:00:00+00:00,California_Garage_01,0.0,0.0,1.3514136808139638,0.9459895765697747,capacity_mean_plus_2std,uncontrolled,111.90184450203625,101.11314814853247,10.78869635350378,,111.90184450203625
2020-09-28 13:00:00+00:00,California_Garage_01,0.0,0.0,1.3514136808139638,0.9459895765697747,capacity_mean_plus_2std,uncontrolled,148.00135015290516,101.11314814853247,46.88820200437269,,148.00135015290516
2020-09-28 14:00:00+00:00,California_Garage_01,5.643896261496291,5.643896261496291,6.995309942310255,6.589885838066065,capacity_mean_plus_2std,uncontrolled,123.1043333333333,101.11314814853247,21.991185184800827,,123.1043333333333
2020-09-28 15:00:00+00:00,California_Garage_01,4.278516936934414,4.278516936934414,5.6299306177483786,5.224506513504189,capacity_mean_plus_2std,uncontrolled,104.15511161255411,101.11314814853247,3.0419634640216344,,104.15511161255411
2020-09-29 13:00:00+00:00,California_Garage_01,0.64291549972328,0.64291549972328,1.994329180537244,1.5889050762930548,capacity_mean_plus_2std,uncontrolled,111.26137210790752,101.11314814853247,10.148223959375045,,111.26137210790752
2020-09-29 14:00:00+00:00,California_Garage_01,0.067786607208934,0.067786607208934,1.4192002880228978,1.0137761837787087,capacity_mean_plus_2std,uncontrolled,139.36697576545527,101.11314814853247,38.25382761692279,,139.36697576545527
2020-09-30 13:00:00+00:00,California_Garage_01,0.0,0.0,1.3514136808139638,0.9459895765697747,capacity_mean_plus_2std,uncontrolled,137.55135083565432,101.11314814853247,36.438202687121844,,137.55135083565432
2020-09-30 14:00:00+00:00,California_Garage_01,0.0,0.0,1.3514136808139638,0.9459895765697747,capacity_mean_plus_2std,uncontrolled,116.57669865935404,101.11314814853247,15.463550510821563,,116.57669865935404
2020-10-01 13:00:00+00:00,California_Garage_01,0.0,0.0,1.3514136808139638,0.9459895765697747,capacity_mean_plus_2std,uncontrolled,126.74241250930747,101.11314814853247,25.629264360774997,,126.74241250930747
2020-10-01 14:00:00+00:00,California_Garage_01,0.0,0.0,1.3514136808139638,0.9459895765697747,capacity_mean_plus_2std,uncontrolled,140.39769642780104,101.11314814853247,39.28454827926856,,140.39769642780104
2020-10-01 15:00:00+00:00,California_Garage_01,0.0,0.0,1.3514136808139638,0.9459895765697747,capacity_mean_plus_2std,uncontrolled,114.44112576109818,101.11314814853247,13.327977612565704,,114.44112576109818
2020-10-02 13:00:00+00:00,California_Garage_01,0.0,0.0,1.3514136808139638,0.9459895765697747,capacity_mean_plus_2std,uncontrolled,132.8739229107942,101.11314814853247,31.76077476226172,,132.8739229107942
2020-10-02 14:00:00+00:00,California_Garage_01,5.940989536546429,5.940989536546429,7.292403217360393,6.886979113116203,capacity_mean_plus_2std,uncontrolled,135.8735415430267,101.11314814853247,34.76039339449423,,135.8735415430267
2020-10-02 15:00:00+00:00,California_Garage_01,4.066879713470066,4.066879713470066,5.41829339428403,5.01286929003984,capacity_mean_plus_2std,uncontrolled,112.16625889931717,101.11314814853247,11.053110750784697,,112.16625889931717
2020-10-05 13:00:00+00:00,California_Garage_01,0.0,0.0,1.3514136808139638,0.9459895765697747,capacity_mean_plus_2std,uncontrolled,107.04426173488544,101.11314814853247,5.931113586352964,,107.04426173488544
2020-10-05 14:00:00+00:00,California_Garage_01,0.0110427757017779,0.0110427757017779,1.3624564565157418,0.9570323522715526,capacity_mean_plus_2std,uncontrolled,128.59341654021242,101.11314814853247,27.480268391679942,,128.59341654021242
2020-10-07 13:00:00+00:00,California_Garage_01,0.0,0.0,1.3514136808139638,0.9459895765697747,capacity_mean_plus_2std,uncontrolled,110.04530760569347,101.11314814853247,8.932159457160992,,110.04530760569347
2020-10-07 14:00:00+00:00,California_Garage_01,0.0,0.0,1.3514136808139638,0.9459895765697747,capacity_mean_plus_2std,uncontrolled,112.42709009997236,101.11314814853247,11.313941951439887,,112.42709009997236
2020-10-07 15:00:00+00:00,California_Garage_01,0.0,0.0,1.3514136808139638,0.9459895765697747,capacity_mean_plus_2std,uncontrolled,102.14092672260497,101.11314814853247,1.0277785740724994,,102.14092672260497
2020-10-08 13:00:00+00:00,California_Garage_01,0.0,0.0,1.3514136808139638,0.9459895765697747,capacity_mean_plus_2std,uncontrolled,124.60876936508345,101.11314814853247,23.495621216550973,,124.60876936508345
2020-10-08 14:00:00+00:00,California_Garage_01,0.0,0.0,1.3514136808139638,0.9459895765697747,capacity_mean_plus_2std,uncontrolled,136.00843083613162,101.11314814853247,34.89528268759915,,136.00843083613162
2020-10-09 13:00:00+00:00,California_Garage_01,0.0,0.0,1.3514136808139638,0.9459895765697747,capacity_mean_plus_2std,uncontrolled,142.67281893091177,101.11314814853247,41.5596707823793,,142.67281893091177
2020-10-09 14:00:00+00:00,California_Garage_01,0.0110427757017779,0.0110427757017779,1.3624564565157418,0.9570323522715526,capacity_mean_plus_2std,uncontrolled,151.38615044103506,101.11314814853247,50.27300229250258,,151.38615044103506
2020-10-09 15:00:00+00:00,California_Garage_01,0.0,0.0,1.3514136808139638,0.9459895765697747,capacity_mean_plus_2std,uncontrolled,125.67533333333328,101.11314814853247,24.56218518480081,,125.67533333333328
2020-10-12 13:00:00+00:00,California_Garage_01,2.454093039087406,2.454093039087406,3.80550671990137,3.4000826156571806,capacity_mean_plus_2std,uncontrolled,126.97369306930689,101.11314814853247,25.860544920774416,,126.97369306930689
2020-10-12 14:00:00+00:00,California_Garage_01,3.1642526105849,3.1642526105849,4.515666291398864,4.110242187154674,capacity_mean_plus_2std,uncontrolled,164.69183257226396,101.11314814853247,63.57868442373149,,164.69183257226396
2020-10-12 15:00:00+00:00,California_Garage_01,3.741862541757091,3.741862541757091,5.093276222571054,4.687852118326865,capacity_mean_plus_2std,uncontrolled,145.24145238095232,101.11314814853247,44.12830423241985,,145.24145238095232
2020-10-13 13:00:00+00:00,California_Garage_01,0.0,0.0,1.3514136808139638,0.9459895765697747,capacity_mean_plus_2std,uncontrolled,142.97137116157694,101.11314814853247,41.858223013044466,,142.97137116157694
2020-10-13 14:00:00+00:00,California_Garage_01,0.0,0.0,1.3514136808139638,0.9459895765697747,capacity_mean_plus_2std,uncontrolled,181.26375757328535,101.11314814853247,80.15060942475287,,181.26375757328535
2020-10-13 15:00:00+00:00,California_Garage_01,0.0,0.0,1.3514136808139638,0.9459895765697747,capacity_mean_plus_2std,uncontrolled,102.92849999999999,101.11314814853247,1.8153518514675113,,102.92849999999999
2020-10-14 13:00:00+00:00,California_Garage_01,0.2144341191710971,0.2144341191710971,1.5658477999850609,1.1604236957408716,capacity_mean_plus_2std,uncontrolled,112.66939471440747,101.11314814853247,11.556246565875,,112.66939471440747
2020-10-14 14:00:00+00:00,California_Garage_01,0.0,0.0,1.3514136808139638,0.9459895765697747,capacity_mean_plus_2std,uncontrolled,149.6356150314053,101.11314814853247,48.522466882872834,,149.6356150314053
2020-10-15 13:00:00+00:00,California_Garage_01,0.0226152916830087,0.0226152916830087,1.3740289724969723,0.9686048682527831,capacity_mean_plus_2std,uncontrolled,132.6292564938196,101.11314814853247,31.516108345287137,,132.6292564938196
2020-10-15 14:00:00+00:00,California_Garage_01,0.0226152916830087,0.0226152916830087,1.3740289724969723,0.9686048682527831,capacity_mean_plus_2std,uncontrolled,135.1109569021937,101.11314814853247,33.99780875366122,,135.1109569021937
2020-10-16 13:00:00+00:00,California_Garage_01,0.0226152916830087,0.0226152916830087,1.3740289724969723,0.9686048682527831,capacity_mean_plus_2std,uncontrolled,150.8010582275752,101.11314814853247,49.68791007904272,,150.8010582275752
2020-10-16 14:00:00+00:00,California_Garage_01,0.0226152916830087,0.0226152916830087,1.3740289724969723,0.9686048682527831,capacity_mean_plus_2std,uncontrolled,156.81400278349898,101.11314814853247,55.700854634966504,,156.81400278349898
2020-10-19 13:00:00+00:00,California_Garage_01,3.323119945475512,3.323119945475512,4.674533626289476,4.269109522045286,capacity_mean_plus_2std,uncontrolled,107.28432808657153,101.11314814853247,6.17117993803906,,107.28432808657153
2020-10-19 14:00:00+00:00,California_Garage_01,4.464529673583613,4.464529673583613,5.815943354397577,5.410519250153388,capacity_mean_plus_2std,uncontrolled,139.18733857126506,101.11314814853247,38.074190422732585,,139.18733857126506
2020-10-19 15:00:00+00:00,California_Garage_01,3.016310855057029,3.016310855057029,4.367724535870993,3.9623004316268036,capacity_mean_plus_2std,uncontrolled,111.1693333333333,101.11314814853247,10.056185184800825,,111.1693333333333
2020-10-20 13:00:00+00:00,California_Garage_01,0.0153659102906917,0.0153659102906917,1.3667795911046556,0.9613554868604665,capacity_mean_plus_2std,uncontrolled,126.2278333333333,101.11314814853247,25.11468518480082,,126.2278333333333
2020-10-20 14:00:00+00:00,California_Garage_01,0.2222977143966836,0.2222977143966836,1.5737113952106474,1.1682872909664581,capacity_mean_plus_2std,uncontrolled,123.79870511039287,101.11314814853247,22.6855569618604,,123.79870511039287
2020-10-21 13:00:00+00:00,California_Garage_01,0.0371432080326219,0.0371432080326219,1.3885568888465858,0.9831327846023965,capacity_mean_plus_2std,uncontrolled,136.29387923817492,101.11314814853247,35.18073108964245,,136.29387923817492
2020-10-21 14:00:00+00:00,California_Garage_01,7.198165814845721,7.198165814845721,8.549579495659685,8.144155391415495,capacity_mean_plus_2std,uncontrolled,126.788853947716,101.11314814853247,25.675705799183532,,126.788853947716
2020-10-22 13:00:00+00:00,California_Garage_01,0.153544401926288,0.153544401926288,1.5049580827402518,1.0995339784960625,capacity_mean_plus_2std,uncontrolled,138.04827633632559,101.11314814853247,36.93512818779311,,138.04827633632559
2020-10-22 14:00:00+00:00,California_Garage_01,0.3340970872685831,0.3340970872685831,1.685510768082547,1.280086663838358,capacity_mean_plus_2std,uncontrolled,127.4459667520148,101.11314814853247,26.332818603482323,,127.4459667520148
2020-10-22 15:00:00+00:00,California_Garage_01,6.934203340350411,6.934203340350411,8.285617021164375,7.880192916920186,capacity_mean_plus_2std,uncontrolled,105.32840504793386,101.11314814853247,4.215256899401382,,105.32840504793386
2020-10-23 13:00:00+00:00,California_Garage_01,0.0226152916830087,0.0226152916830087,1.3740289724969723,0.9686048682527831,capacity_mean_plus_2std,uncontrolled,110.536552125459,101.11314814853247,9.423403976926522,,110.536552125459
2020-10-23 14:00:00+00:00,California_Garage_01,6.733030046942848,6.733030046942848,8.084443727756812,7.679019623512622,capacity_mean_plus_2std,uncontrolled,124.34126482138002,101.11314814853247,23.22811667284755,,124.34126482138002
2020-10-23 15:00:00+00:00,California_Garage_01,5.6117337874191655,5.6117337874191655,6.96314746823313,6.55772336398894,capacity_mean_plus_2std,uncontrolled,108.60049999999998,101.11314814853247,7.487351851467508,,108.60049999999998
2020-10-26 13:00:00+00:00,California_Garage_01,6.267521568742416,6.267521568742416,7.61893524955638,7.21351114531219,capacity_mean_plus_2std,uncontrolled,108.32504813477735,101.11314814853247,7.211899986244873,,108.32504813477735
2020-10-26 14:00:00+00:00,California_Garage_01,33.88319952061399,33.88319952061399,35.234613201427955,34.829189097183765,capacity_mean_plus_2std,uncontrolled,133.95959613375126,101.11314814853247,32.84644798521879,,133.95959613375126
2020-10-26 15:00:00+00:00,California_Garage_01,27.17894565310449,27.17894565310449,28.53035933391845,28.12493522967426,capacity_mean_plus_2std,uncontrolled,118.89033333333327,101.11314814853247,17.7771851848008,,118.89033333333327
2020-10-27 13:00:00+00:00,California_Garage_01,0.9566121761365532,0.9566121761365532,2.308025856950517,1.9026017527063277,capacity_mean_plus_2std,uncontrolled,123.83021541501972,101.11314814853247,22.71706726648725,,123.83021541501972
2020-10-27 14:00:00+00:00,California_Garage_01,0.1514773785580043,0.1514773785580043,1.5028910593719682,1.097466955127779,capacity_mean_plus_2std,uncontrolled,157.1889300204602,101.11314814853247,56.07578187192772,,157.1889300204602
2020-10-28 13:00:00+00:00,California_Garage_01,0.0097003274465307,0.0097003274465307,1.3611140082604944,0.9556899040163052,capacity_mean_plus_2std,uncontrolled,115.81180311497461,101.11314814853247,14.698654966442135,,115.81180311497461
2020-10-28 14:00:00+00:00,California_Garage_01,0.0097003274465307,0.0097003274465307,1.3611140082604944,0.9556899040163052,capacity_mean_plus_2std,uncontrolled,113.17070902310633,101.11314814853247,12.057560874573852,,113.17070902310633
2020-10-29 14:00:00+00:00,California_Garage_01,7.32151776053393,7.32151776053393,8.672931441347894,8.267507337103703,capacity_mean_plus_2std,uncontrolled,138.81726180012856,101.11314814853247,37.70411365159609,,138.81726180012856
2020-10-29 15:00:00+00:00,California_Garage_01,11.2194724451637,11.2194724451637,12.570886125977664,12.165462021733473,capacity_mean_plus_2std,uncontrolled,106.46133333333331,101.11314814853247,5.34818518480084,,106.46133333333331
2020-10-30 14:00:00+00:00,California_Garage_01,6.872047517264327,6.872047517264327,8.22346119807829,7.818037093834101,capacity_mean_plus_2std,uncontrolled,121.55622005530263,101.11314814853247,20.443071906770157,,121.55622005530263
2020-10-30 15:00:00+00:00,California_Garage_01,3.1324912249845864,3.1324912249845864,4.48390490579855,4.0784808015543605,capacity_mean_plus_2std,uncontrolled,124.39507296078735,101.11314814853247,23.28192481225487,,124.39507296078735
2020-11-02 13:00:00+00:00,California_Garage_01,0.3237182604504705,0.3237182604504705,1.6751319412644343,1.269707837020245,capacity_mean_plus_2std,uncontrolled,133.88651492992074,101.11314814853247,32.77336678138826,,133.88651492992074
2020-11-02 14:00:00+00:00,California_Garage_01,0.3701873985071186,0.3701873985071186,1.7216010793210823,1.3161769750768932,capacity_mean_plus_2std,uncontrolled,164.71769743754425,101.11314814853247,63.60454928901177,,164.71769743754425
2020-11-02 15:00:00+00:00,California_Garage_01,0.0628474456949359,0.0628474456949359,1.4142611265088998,1.0088370222647105,capacity_mean_plus_2std,uncontrolled,104.74535714285712,101.11314814853247,3.6322089943246425,,104.74535714285712
2020-11-03 13:00:00+00:00,California_Garage_01,0.0,0.0,1.3514136808139638,0.9459895765697747,capacity_mean_plus_2std,uncontrolled,123.6173328133846,101.11314814853247,22.504184664852133,,123.6173328133846
2020-11-03 14:00:00+00:00,California_Garage_01,0.0,0.0,1.3514136808139638,0.9459895765697747,capacity_mean_plus_2std,uncontrolled,161.287871323065,101.11314814853247,60.17472317453252,,161.287871323065
2020-11-03 15:00:00+00:00,California_Garage_01,0.0,0.0,1.3514136808139638,0.9459895765697747,capacity_mean_plus_2std,uncontrolled,103.0326135881104,101.11314814853247,1.9194654395779196,,103.0326135881104
2020-11-04 13:00:00+00:00,California_Garage_01,0.0,0.0,1.3514136808139638,0.9459895765697747,capacity_mean_plus_2std,uncontrolled,141.88184485541728,101.11314814853247,40.76869670688481,,141.88184485541728
2020-11-04 14:00:00+00:00,California_Garage_01,0.0,0.0,1.3514136808139638,0.9459895765697747,capacity_mean_plus_2std,uncontrolled,162.76153137967967,101.11314814853247,61.64838323114719,,162.76153137967967
2020-11-05 13:00:00+00:00,California_Garage_01,0.0,0.0,1.3514136808139638,0.9459895765697747,capacity_mean_plus_2std,uncontrolled,157.96566170869067,101.11314814853247,56.8525135601582,,157.96566170869067
2020-11-05 14:00:00+00:00,California_Garage_01,0.0,0.0,1.3514136808139638,0.9459895765697747,capacity_mean_plus_2std,uncontrolled,124.77392411787699,101.11314814853247,23.660775969344513,,124.77392411787699
2020-11-06 13:00:00+00:00,California_Garage_01,0.0,0.0,1.3514136808139638,0.9459895765697747,capacity_mean_plus_2std,uncontrolled,130.64469832221116,101.11314814853247,29.53155017367868,,130.64469832221116
2020-11-06 14:00:00+00:00,California_Garage_01,0.0110427757017779,0.0110427757017779,1.3624564565157418,0.9570323522715526,capacity_mean_plus_2std,uncontrolled,115.98383705152351,101.11314814853247,14.870688902991034,,115.98383705152351
2020-11-09 13:00:00+00:00,California_Garage_01,0.0741913725957317,0.0741913725957317,1.4256050534096956,1.0201809491655063,capacity_mean_plus_2std,uncontrolled,156.89876962142193,101.11314814853247,55.78562147288946,,156.89876962142193
2020-11-09 14:00:00+00:00,California_Garage_01,0.0,0.0,1.3514136808139638,0.9459895765697747,capacity_mean_plus_2std,uncontrolled,165.65515456703653,101.11314814853247,64.54200641850406,,165.65515456703653
2020-11-09 15:00:00+00:00,California_Garage_01,0.0,0.0,1.3514136808139638,0.9459895765697747,capacity_mean_plus_2std,uncontrolled,101.50033333333332,101.11314814853247,0.38718518480084185,,101.50033333333332
2020-11-10 13:00:00+00:00,California_Garage_01,0.0,0.0,1.3514136808139638,0.9459895765697747,capacity_mean_plus_2std,uncontrolled,136.51062389809837,101.11314814853247,35.3974757495659,,136.51062389809837
2020-11-10 14:00:00+00:00,California_Garage_01,0.0,0.0,1.3514136808139638,0.9459895765697747,capacity_mean_plus_2std,uncontrolled,163.96261824712175,101.11314814853247,62.84947009858928,,163.96261824712175
2020-11-10 15:00:00+00:00,California_Garage_01,0.0,0.0,1.3514136808139638,0.9459895765697747,capacity_mean_plus_2std,uncontrolled,105.32233333333332,101.11314814853247,4.209185184800845,,105.32233333333332
2020-11-11 13:00:00+00:00,California_Garage_01,0.0,0.0,1.3514136808139638,0.9459895765697747,capacity_mean_plus_2std,uncontrolled,145.09465342570087,101.11314814853247,43.981505277168395,,145.09465342570087
2020-11-11 14:00:00+00:00,California_Garage_01,0.0,0.0,1.3514136808139638,0.9459895765697747,capacity_mean_plus_2std,uncontrolled,144.42405747126432,101.11314814853247,43.310909322731845,,144.42405747126432
2020-11-12 14:00:00+00:00,California_Garage_01,0.0428661841237811,0.0428661841237811,1.394279864937745,0.9888557606935557,capacity_mean_plus_2std,uncontrolled,175.71728041910046,101.11314814853247,74.60413227056799,,175.71728041910046
2020-11-13 13:00:00+00:00,California_Garage_01,0.0,0.0,1.3514136808139638,0.9459895765697747,capacity_mean_plus_2std,uncontrolled,140.17590464948813,101.11314814853247,39.06275650095566,,140.17590464948813
2020-11-13 14:00:00+00:00,California_Garage_01,0.0,0.0,1.3514136808139638,0.9459895765697747,capacity_mean_plus_2std,uncontrolled,171.26423925240312,101.11314814853247,70.15109110387064,,171.26423925240312
2020-11-16 13:00:00+00:00,California_Garage_01,1.852318834865354,1.852318834865354,3.203732515679318,2.7983084114351287,capacity_mean_plus_2std,uncontrolled,123.66853356890455,101.11314814853247,22.555385420372076,,123.66853356890455
2020-11-16 14:00:00+00:00,California_Garage_01,2.0666043926965765,2.0666043926965765,3.4180180735105403,3.012593969266351,capacity_mean_plus_2std,uncontrolled,186.06888915961878,101.11314814853247,84.9557410110863,,186.06888915961878
2020-11-16 15:00:00+00:00,California_Garage_01,2.316911493265964,2.316911493265964,3.668325174079928,3.262901069835739,capacity_mean_plus_2std,uncontrolled,102.50999999999999,101.11314814853247,1.3968518514675168,,102.50999999999999
2020-11-17 13:00:00+00:00,California_Garage_01,0.0278431852735943,0.0278431852735943,1.3792568660875582,0.9738327618433689,capacity_mean_plus_2std,uncontrolled,108.00270389170893,101.11314814853247,6.889555743176459,,108.00270389170893
2020-11-17 14:00:00+00:00,California_Garage_01,0.0043371900323964,0.0043371900323964,1.35575087084636,0.9503267666021707,capacity_mean_plus_2std,uncontrolled,153.72206435220204,101.11314814853247,52.608916203669565,,153.72206435220204
2020-11-18 13:00:00+00:00,California_Garage_01,0.0,0.0,1.3514136808139638,0.9459895765697747,capacity_mean_plus_2std,uncontrolled,159.2411666666666,101.11314814853247,58.12801851813413,,159.2411666666666
2020-11-18 14:00:00+00:00,California_Garage_01,0.0,0.0,1.3514136808139638,0.9459895765697747,capacity_mean_plus_2std,uncontrolled,176.6460700398337,101.11314814853247,75.53292189130121,,176.6460700398337
2020-11-19 13:00:00+00:00,California_Garage_01,0.0404290816880018,0.0404290816880018,1.3918427625019656,0.9864186582577764,capacity_mean_plus_2std,uncontrolled,160.77542609868118,101.11314814853247,59.662277950148706,,160.77542609868118
2020-11-19 14:00:00+00:00,California_Garage_01,0.0404290816880018,0.0404290816880018,1.3918427625019656,0.9864186582577764,capacity_mean_plus_2std,uncontrolled,132.49577033501936,101.11314814853247,31.382622186486884,,132.49577033501936
2020-11-20 13:00:00+00:00,California_Garage_01,6.100202824130182,6.100202824130182,7.451616504944146,7.046192400699956,capacity_mean_plus_2std,uncontrolled,216.23802760061312,101.11314814853247,115.12487945208065,,216.23802760061312
2020-11-20 14:00:00+00:00,California_Garage_01,8.47304767876622,8.47304767876622,9.824461359580184,9.419037255335994,capacity_mean_plus_2std,uncontrolled,158.89768564433146,101.11314814853247,57.784537495798986,,158.89768564433146
2020-11-24 13:00:00+00:00,California_Garage_01,0.0,0.0,1.3514136808139638,0.9459895765697747,capacity_mean_plus_2std,uncontrolled,182.24823520796713,101.11314814853247,81.13508705943465,,182.24823520796713
2020-11-24 14:00:00+00:00,California_Garage_01,0.0,0.0,1.3514136808139638,0.9459895765697747,capacity_mean_plus_2std,uncontrolled,211.4838164717192,101.11314814853247,110.37066832318672,,211.4838164717192
2020-11-24 15:00:00+00:00,California_Garage_01,6.299909477075251,6.299909477075251,7.651323157889214,7.245899053645024,capacity_mean_plus_2std,uncontrolled,130.7321285119667,101.11314814853247,29.61898036343422,,130.7321285119667
2020-11-25 13:00:00+00:00,California_Garage_01,0.0,0.0,1.3514136808139638,0.9459895765697747,capacity_mean_plus_2std,uncontrolled,173.30434749013105,101.11314814853247,72.19119934159858,,173.30434749013105
2020-11-25 14:00:00+00:00,California_Garage_01,0.0,0.0,1.3514136808139638,0.9459895765697747,capacity_mean_plus_2std,uncontrolled,170.97669848941047,101.11314814853247,69.86355034087799,,170.97669848941047
2020-11-26 13:00:00+00:00,California_Garage_01,0.0,0.0,1.3514136808139638,0.9459895765697747,capacity_mean_plus_2std,uncontrolled,147.64164330997963,101.11314814853247,46.528495161447154,,147.64164330997963
2020-11-26 14:00:00+00:00,California_Garage_01,0.0,0.0,1.3514136808139638,0.9459895765697747,capacity_mean_plus_2std,uncontrolled,162.75515380462153,101.11314814853247,61.642005656089054,,162.75515380462153
2020-11-27 13:00:00+00:00,California_Garage_01,1.3803043471582706,1.3803043471582706,2.731718027972234,2.326293923728045,capacity_mean_plus_2std,uncontrolled,187.87500542223438,101.11314814853247,86.7618572737019,,187.87500542223438
2020-11-27 14:00:00+00:00,California_Garage_01,1.59578825227141,1.59578825227141,2.947201933085374,2.5417778288411847,capacity_mean_plus_2std,uncontrolled,192.50201439758013,101.11314814853247,91.38886624904765,,192.50201439758013
2020-11-30 13:00:00+00:00,California_Garage_01,0.0,0.0,1.3514136808139638,0.9459895765697747,capacity_mean_plus_2std,uncontrolled,184.91394483349578,101.11314814853247,83.8007966849633,,184.91394483349578
2020-11-30 14:00:00+00:00,California_Garage_01,0.0,0.0,1.3514136808139638,0.9459895765697747,capacity_mean_plus_2std,uncontrolled,162.67143369258153,101.11314814853247,61.558285544049056,,162.67143369258153
2020-12-01 13:00:00+00:00,California_Garage_01,5.825905479638704,5.825905479638704,7.177319160452669,6.771895056208479,capacity_mean_plus_2std,uncontrolled,207.03386121710005,101.11314814853247,105.92071306856758,,207.03386121710005
2020-12-01 14:00:00+00:00,California_Garage_01,8.163030376388857,8.163030376388857,9.51444405720282,9.10901995295863,capacity_mean_plus_2std,uncontrolled,156.60092461647886,101.11314814853247,55.48777646794639,,156.60092461647886
2020-12-02 13:00:00+00:00,California_Garage_01,0.0573576822617438,0.0573576822617438,1.4087713630757075,1.0033472588315182,capacity_mean_plus_2std,uncontrolled,154.06043435471085,101.11314814853247,52.947286206178376,,154.06043435471085
2020-12-02 14:00:00+00:00,California_Garage_01,0.0573576822617438,0.0573576822617438,1.4087713630757075,1.0033472588315182,capacity_mean_plus_2std,uncontrolled,151.4283278009565,101.11314814853247,50.315179652424035,,151.4283278009565
2020-10-26 21:00:00+00:00,California_Garage_01,1.4089258728543792,1.4089258728543792,2.7603395536683437,2.354915449424154,capacity_mean_plus_2std,point_forecast,107.66830687869121,101.11314814853247,6.5551587301587375,,107.66830687869121
2020-10-26 22:00:00+00:00,California_Garage_01,1.23009294696978,1.23009294696978,2.581506627783744,2.176082523539555,capacity_mean_plus_2std,point_forecast,110.06931481519915,101.11314814853247,8.956166666666675,,110.06931481519915
2020-10-29 22:00:00+00:00,California_Garage_01,0.526396338896554,0.526396338896554,1.8778100197105176,1.4723859154663284,capacity_mean_plus_2std,point_forecast,113.72040164305457,101.11314814853247,12.607253494522098,,113.72040164305457
2020-11-26 23:00:00+00:00,California_Garage_01,0.0693912697570437,0.0693912697570437,1.4208049505710076,1.0153808463268184,capacity_mean_plus_2std,point_forecast,120.91314814853246,101.11314814853247,19.799999999999983,,120.91314814853246
2020-11-27 00:00:00+00:00,California_Garage_01,0.0058357758966162,0.0058357758966162,1.35724945671058,0.9518253524663908,capacity_mean_plus_2std,point_forecast,126.62144288689369,101.11314814853247,25.508294738361215,,126.62144288689369
2020-10-26 21:00:00+00:00,California_Garage_01,1.4089258728543792,1.4089258728543792,2.7603395536683437,2.354915449424154,capacity_mean_plus_2std,peak_sensitive,107.66830687869121,101.11314814853247,6.5551587301587375,,107.66830687869121
2020-10-26 22:00:00+00:00,California_Garage_01,1.23009294696978,1.23009294696978,2.581506627783744,2.176082523539555,capacity_mean_plus_2std,peak_sensitive,110.06931481519915,101.11314814853247,8.956166666666675,,110.06931481519915
2020-10-29 22:00:00+00:00,California_Garage_01,0.526396338896554,0.526396338896554,1.8778100197105176,1.4723859154663284,capacity_mean_plus_2std,peak_sensitive,113.72040164305457,101.11314814853247,12.607253494522098,,113.72040164305457
2020-11-26 23:00:00+00:00,California_Garage_01,0.0693912697570437,0.0693912697570437,1.4208049505710076,1.0153808463268184,capacity_mean_plus_2std,peak_sensitive,120.91314814853246,101.11314814853247,19.799999999999983,,120.91314814853246
2020-11-27 00:00:00+00:00,California_Garage_01,0.0058357758966162,0.0058357758966162,1.35724945671058,0.9518253524663908,capacity_mean_plus_2std,peak_sensitive,126.62144288689369,101.11314814853247,25.508294738361215,,126.62144288689369
2020-10-26 21:00:00+00:00,California_Garage_01,1.4089258728543792,1.4089258728543792,2.7603395536683437,2.354915449424154,capacity_mean_plus_2std,uncertainty_aware,107.66830687869121,101.11314814853247,6.5551587301587375,,107.66830687869121
2020-10-26 22:00:00+00:00,California_Garage_01,1.23009294696978,1.23009294696978,2.581506627783744,2.176082523539555,capacity_mean_plus_2std,uncertainty_aware,110.06931481519915,101.11314814853247,8.956166666666675,,110.06931481519915
2020-10-29 22:00:00+00:00,California_Garage_01,0.526396338896554,0.526396338896554,1.8778100197105176,1.4723859154663284,capacity_mean_plus_2std,uncertainty_aware,113.72040164305457,101.11314814853247,12.607253494522098,,113.72040164305457
2020-11-26 23:00:00+00:00,California_Garage_01,0.0693912697570437,0.0693912697570437,1.4208049505710076,1.0153808463268184,capacity_mean_plus_2std,uncertainty_aware,120.91314814853246,101.11314814853247,19.799999999999983,,120.91314814853246
2020-11-27 00:00:00+00:00,California_Garage_01,0.0058357758966162,0.0058357758966162,1.35724945671058,0.9518253524663908,capacity_mean_plus_2std,uncertainty_aware,126.62144288689369,101.11314814853247,25.508294738361215,,126.62144288689369
2020-10-26 21:00:00+00:00,California_Garage_01,1.4089258728543792,1.4089258728543792,2.7603395536683437,2.354915449424154,capacity_mean_plus_2std,hybrid_uncertainty_peak,107.66830687869121,101.11314814853247,6.5551587301587375,,107.66830687869121
2020-10-26 22:00:00+00:00,California_Garage_01,1.23009294696978,1.23009294696978,2.581506627783744,2.176082523539555,capacity_mean_plus_2std,hybrid_uncertainty_peak,110.06931481519915,101.11314814853247,8.956166666666675,,110.06931481519915
2020-10-29 22:00:00+00:00,California_Garage_01,0.526396338896554,0.526396338896554,1.8778100197105176,1.4723859154663284,capacity_mean_plus_2std,hybrid_uncertainty_peak,113.72040164305457,101.11314814853247,12.607253494522098,,113.72040164305457
2020-11-26 23:00:00+00:00,California_Garage_01,0.0693912697570437,0.0693912697570437,1.4208049505710076,1.0153808463268184,capacity_mean_plus_2std,hybrid_uncertainty_peak,120.91314814853246,101.11314814853247,19.799999999999983,,120.91314814853246
2020-11-27 00:00:00+00:00,California_Garage_01,0.0058357758966162,0.0058357758966162,1.35724945671058,0.9518253524663908,capacity_mean_plus_2std,hybrid_uncertainty_peak,126.62144288689369,101.11314814853247,25.508294738361215,,126.62144288689369
2020-08-16 19:00:00+00:00,California_Garage_02,7.657749912275192,7.657749912275192,20.42194454348426,16.592686154121537,capacity_mean_plus_2std,uncontrolled,82.52302904130279,69.2997758563728,13.223253184929987,82.52302904130279,
2020-08-16 21:00:00+00:00,California_Garage_02,0.0390993900802306,0.0390993900802306,12.803294021289297,8.974035631926576,capacity_mean_plus_2std,uncontrolled,93.74775378776205,69.2997758563728,24.447977931389246,93.74775378776205,
2020-08-17 15:00:00+00:00,California_Garage_02,18.443209966218948,18.443209966218948,31.207404597428013,27.378146208065292,capacity_mean_plus_2std,uncontrolled,82.87892685411028,69.2997758563728,13.579150997737472,82.87892685411028,
2020-08-17 16:00:00+00:00,California_Garage_02,14.992707202961933,14.992707202961933,27.756901834171,23.92764344480828,capacity_mean_plus_2std,uncontrolled,93.33925875235991,69.2997758563728,24.039482895987106,93.33925875235991,
2020-08-17 17:00:00+00:00,California_Garage_02,31.564299225348705,31.564299225348705,44.32849385655777,40.49923546719505,capacity_mean_plus_2std,uncontrolled,77.348,69.2997758563728,8.048224143627195,77.348,
2020-08-19 15:00:00+00:00,California_Garage_02,0.0,0.0,12.764194631209064,8.934936241846344,capacity_mean_plus_2std,uncontrolled,132.5573637256361,69.2997758563728,63.25758786926329,132.5573637256361,
2020-08-19 16:00:00+00:00,California_Garage_02,0.3834589738844178,0.3834589738844178,13.147653605093485,9.318395215730764,capacity_mean_plus_2std,uncontrolled,138.25417114842733,69.2997758563728,68.95439529205453,138.25417114842733,
2020-08-19 17:00:00+00:00,California_Garage_02,0.4116600066715322,0.4116600066715322,13.175854637880596,9.346596248517876,capacity_mean_plus_2std,uncontrolled,74.77778125896185,69.2997758563728,5.478005402589048,74.77778125896185,
2020-08-20 15:00:00+00:00,California_Garage_02,1.3329846960314184,1.3329846960314184,14.097179327240484,10.267920937877765,capacity_mean_plus_2std,uncontrolled,85.62364351057745,69.2997758563728,16.323867654204648,85.62364351057745,
2020-08-20 16:00:00+00:00,California_Garage_02,22.89787181475025,22.89787181475025,35.66206644595931,31.83280805659659,capacity_mean_plus_2std,uncontrolled,75.00786672751107,69.2997758563728,5.708090871138268,75.00786672751107,
2020-08-21 15:00:00+00:00,California_Garage_02,3.7684509720369306,3.7684509720369306,16.532645603245996,12.703387213883275,capacity_mean_plus_2std,uncontrolled,91.04296409838578,69.2997758563728,21.743188242012977,91.04296409838578,
2020-08-21 16:00:00+00:00,California_Garage_02,31.548443603139653,31.548443603139653,44.31263823434872,40.483379844986,capacity_mean_plus_2std,uncontrolled,123.36448113821581,69.2997758563728,54.064705281843004,123.36448113821581,
2020-08-21 17:00:00+00:00,California_Garage_02,31.41556115264378,31.41556115264378,44.17975578385284,40.35049739449012,capacity_mean_plus_2std,uncontrolled,116.142496660595,69.2997758563728,46.842720804222196,116.142496660595,
2020-08-21 18:00:00+00:00,California_Garage_02,23.263104525763545,23.263104525763545,36.02729915697261,32.19804076760989,capacity_mean_plus_2std,uncontrolled,83.23129571084493,69.2997758563728,13.931519854472128,83.23129571084493,
2020-08-24 15:00:00+00:00,California_Garage_02,14.479653359434073,14.479653359434073,27.24384799064314,23.41458960128042,capacity_mean_plus_2std,uncontrolled,80.82728067025732,69.2997758563728,11.52750481388452,80.82728067025732,
2020-08-24 16:00:00+00:00,California_Garage_02,34.19156136288824,34.19156136288824,46.9557559940973,43.12649760473458,capacity_mean_plus_2std,uncontrolled,84.70644735991249,69.2997758563728,15.406671503539684,84.70644735991249,
2020-08-25 15:00:00+00:00,California_Garage_02,5.5936248549535,5.5936248549535,18.357819486162565,14.528561096799846,capacity_mean_plus_2std,uncontrolled,90.97723894228764,69.2997758563728,21.677463085914837,90.97723894228764,
2020-08-25 16:00:00+00:00,California_Garage_02,14.561384756054151,14.561384756054151,27.325579387263215,23.496320997900494,capacity_mean_plus_2std,uncontrolled,95.12308281086729,69.2997758563728,25.823306954494484,95.12308281086729,
2020-08-27 15:00:00+00:00,California_Garage_02,6.228794920933705,6.228794920933705,18.99298955214277,15.16373116278005,capacity_mean_plus_2std,uncontrolled,71.35266735838894,69.2997758563728,2.052891502016138,71.35266735838894,
2020-08-27 16:00:00+00:00,California_Garage_02,15.712813609040984,15.712813609040984,28.47700824025005,24.64774985088733,capacity_mean_plus_2std,uncontrolled,108.21366666666664,69.2997758563728,38.913890810293836,108.21366666666664,
2020-08-27 17:00:00+00:00,California_Garage_02,18.46910334339288,18.46910334339288,31.233297974601943,27.40403958523922,capacity_mean_plus_2std,uncontrolled,83.62432578827135,69.2997758563728,14.324549931898545,83.62432578827135,
2020-08-30 20:00:00+00:00,California_Garage_02,5.619470738553134,5.619470738553134,18.3836653697622,14.554406980399479,capacity_mean_plus_2std,uncontrolled,70.0700964586285,69.2997758563728,0.7703206022556941,70.0700964586285,
2020-08-30 21:00:00+00:00,California_Garage_02,16.6502359704212,16.6502359704212,29.414430601630265,25.585172212267544,capacity_mean_plus_2std,uncontrolled,94.23829724797875,69.2997758563728,24.938521391605946,94.23829724797875,
2020-08-31 15:00:00+00:00,California_Garage_02,6.820341478744414,6.820341478744414,19.58453610995348,15.755277720590758,capacity_mean_plus_2std,uncontrolled,88.20098562628336,69.2997758563728,18.90120976991055,88.20098562628336,
2020-08-31 16:00:00+00:00,California_Garage_02,32.76165132436051,32.76165132436051,45.52584595556957,41.69658756620685,capacity_mean_plus_2std,uncontrolled,116.70706732271174,69.2997758563728,47.40729146633893,116.70706732271174,
2020-08-31 17:00:00+00:00,California_Garage_02,19.08187267889548,19.08187267889548,31.846067310104544,28.016808920741823,capacity_mean_plus_2std,uncontrolled,74.11133333333333,69.2997758563728,4.81155747696053,74.11133333333333,
2020-09-01 15:00:00+00:00,California_Garage_02,3.6342176756816063,3.6342176756816063,16.39841230689067,12.56915391752795,capacity_mean_plus_2std,uncontrolled,122.74027586900912,69.2997758563728,53.44050001263632,122.74027586900912,
2020-09-01 16:00:00+00:00,California_Garage_02,8.59300946650245,8.59300946650245,21.35720409771152,17.527945708348796,capacity_mean_plus_2std,uncontrolled,129.29063653445044,69.2997758563728,59.99086067807764,129.29063653445044,
2020-09-01 17:00:00+00:00,California_Garage_02,20.38922778361294,20.38922778361294,33.153422414822,29.324164025459282,capacity_mean_plus_2std,uncontrolled,77.06178408228794,69.2997758563728,7.762008225915139,77.06178408228794,
2020-09-02 01:00:00+00:00,California_Garage_02,3.904077069177042,3.904077069177042,16.668271700386107,12.839013311023386,capacity_mean_plus_2std,uncontrolled,70.59647276675594,69.2997758563728,1.2966969103831332,70.59647276675594,
2020-09-02 15:00:00+00:00,California_Garage_02,2.313427352470351,2.313427352470351,15.077621983679416,11.248363594316697,capacity_mean_plus_2std,uncontrolled,72.03733896146257,69.2997758563728,2.7375631050897624,72.03733896146257,
2020-09-02 16:00:00+00:00,California_Garage_02,7.826666695627112,7.826666695627112,20.590861326836176,16.761602937473455,capacity_mean_plus_2std,uncontrolled,81.15233985699223,69.2997758563728,11.852564000619424,81.15233985699223,
2020-09-02 17:00:00+00:00,California_Garage_02,32.895149587843704,32.895149587843704,45.65934421905277,41.83008582969005,capacity_mean_plus_2std,uncontrolled,71.20698223350254,69.2997758563728,1.9072063771297394,71.20698223350254,
2020-09-03 02:00:00+00:00,California_Garage_02,4.921574162995251,4.921574162995251,17.685768794204314,13.856510404841595,capacity_mean_plus_2std,uncontrolled,69.7595,69.2997758563728,0.4597241436271986,69.7595,
2020-09-03 16:00:00+00:00,California_Garage_02,18.731589003333188,18.731589003333188,31.495783634542253,27.666525245179532,capacity_mean_plus_2std,uncontrolled,69.96878755752275,69.2997758563728,0.669011701149941,69.96878755752275,
2020-09-07 15:00:00+00:00,California_Garage_02,15.37429353953726,15.37429353953726,28.138488170746328,24.309229781383607,capacity_mean_plus_2std,uncontrolled,96.70485651457895,69.2997758563728,27.405080658206145,96.70485651457895,
2020-09-07 16:00:00+00:00,California_Garage_02,33.83235675700701,33.83235675700701,46.59655138821608,42.76729299885336,capacity_mean_plus_2std,uncontrolled,102.59684350591449,69.2997758563728,33.29706764954169,102.59684350591449,
2020-09-08 16:00:00+00:00,California_Garage_02,7.780695938362727,7.780695938362727,20.54489056957179,16.71563218020907,capacity_mean_plus_2std,uncontrolled,77.2849959111977,69.2997758563728,7.985220054824893,77.2849959111977,
2020-09-10 15:00:00+00:00,California_Garage_02,5.8130967439687335,5.8130967439687335,18.5772913751778,14.74803298581508,capacity_mean_plus_2std,uncontrolled,100.51644105058861,69.2997758563728,31.216665194215807,100.51644105058861,
2020-09-10 16:00:00+00:00,California_Garage_02,17.33644600577768,17.33644600577768,30.100640636986743,26.27138224762402,capacity_mean_plus_2std,uncontrolled,130.44504478659772,69.2997758563728,61.145268930224915,130.44504478659772,
2020-09-12 15:00:00+00:00,California_Garage_02,6.5330449253841785,6.5330449253841785,19.297239556593244,15.467981167230523,capacity_mean_plus_2std,uncontrolled,72.1678431372549,69.2997758563728,2.8680672808821015,72.1678431372549,
2020-09-12 16:00:00+00:00,California_Garage_02,14.565556629900223,14.565556629900223,27.329751261109287,23.500492871746566,capacity_mean_plus_2std,uncontrolled,74.23235441032209,69.2997758563728,4.932578553949284,74.23235441032209,
2020-09-12 17:00:00+00:00,California_Garage_02,6.193350691063575,6.193350691063575,18.95754532227264,15.12828693290992,capacity_mean_plus_2std,uncontrolled,85.86287780470491,69.2997758563728,16.563101948332104,85.86287780470491,
2020-09-12 18:00:00+00:00,California_Garage_02,4.2808646996995225,4.2808646996995225,17.045059330908586,13.215800941545865,capacity_mean_plus_2std,uncontrolled,69.77468164393026,69.2997758563728,0.4749057875574607,69.77468164393026,
2020-09-12 23:00:00+00:00,California_Garage_02,15.604009266385168,15.604009266385168,28.368203897594235,24.538945508231514,capacity_mean_plus_2std,uncontrolled,90.96741558441558,69.2997758563728,21.667639728042772,90.96741558441558,
2020-09-14 15:00:00+00:00,California_Garage_02,10.57076402247866,10.57076402247866,23.334958653687725,19.505700264325004,capacity_mean_plus_2std,uncontrolled,122.7499714649433,69.2997758563728,53.450195608570496,122.7499714649433,
2020-09-14 16:00:00+00:00,California_Garage_02,19.66828991305369,19.66828991305369,32.43248454426276,28.60322615490004,capacity_mean_plus_2std,uncontrolled,113.52881768924827,69.2997758563728,44.22904183287547,113.52881768924827,
2020-09-16 15:00:00+00:00,California_Garage_02,9.294738925151083,9.294738925151083,22.05893355636015,18.229675166997428,capacity_mean_plus_2std,uncontrolled,103.85741262705513,69.2997758563728,34.55763677068232,103.85741262705513,
2020-09-16 16:00:00+00:00,California_Garage_02,21.26879234855374,21.26879234855374,34.0329869797628,30.203728590400083,capacity_mean_plus_2std,uncontrolled,122.95116666666662,69.2997758563728,53.65139081029382,122.95116666666662,
2020-09-16 17:00:00+00:00,California_Garage_02,45.45673701807869,45.45673701807869,58.22093164928776,54.391673259925035,capacity_mean_plus_2std,uncontrolled,92.0692386905278,69.2997758563728,22.769462834154993,92.0692386905278,
2020-09-17 15:00:00+00:00,California_Garage_02,4.7739087169772825,4.7739087169772825,17.538103348186347,13.708844958823628,capacity_mean_plus_2std,uncontrolled,91.32966666666664,69.2997758563728,22.029890810293836,91.32966666666664,
2020-09-17 16:00:00+00:00,California_Garage_02,9.070329709224534,9.070329709224534,21.8345243404336,18.00526595107088,capacity_mean_plus_2std,uncontrolled,87.18833918608465,69.2997758563728,17.888563329711843,87.18833918608465,
2020-09-18 16:00:00+00:00,California_Garage_02,17.00593414596481,17.00593414596481,29.77012877717388,25.94087038781116,capacity_mean_plus_2std,uncontrolled,119.73491245802114,69.2997758563728,50.43513660164834,119.73491245802114,
2020-09-21 15:00:00+00:00,California_Garage_02,11.007155833559157,11.007155833559157,23.771350464768226,19.942092075405505,capacity_mean_plus_2std,uncontrolled,125.71609839656134,69.2997758563728,56.41632254018853,125.71609839656134,
2020-09-21 16:00:00+00:00,California_Garage_02,19.40751089348067,19.40751089348067,32.171705524689735,28.342447135327014,capacity_mean_plus_2std,uncontrolled,148.76872903568224,69.2997758563728,79.46895317930944,148.76872903568224,
2020-09-21 17:00:00+00:00,California_Garage_02,28.53211914493732,28.53211914493732,41.296313776146384,37.46705538678366,capacity_mean_plus_2std,uncontrolled,95.29946686210728,69.2997758563728,25.999691005734476,95.29946686210728,
2020-09-22 16:00:00+00:00,California_Garage_02,19.50372803719153,19.50372803719153,32.267922668400594,28.438664279037873,capacity_mean_plus_2std,uncontrolled,73.18654821677231,69.2997758563728,3.8867723603995046,73.18654821677231,
2020-09-23 15:00:00+00:00,California_Garage_02,5.278147437024263,5.278147437024263,18.042342068233328,14.213083678870609,capacity_mean_plus_2std,uncontrolled,130.99990403130087,69.2997758563728,61.70012817492807,130.99990403130087,
2020-09-23 16:00:00+00:00,California_Garage_02,58.04465299073848,58.04465299073848,70.80884762194754,66.97958923258481,capacity_mean_plus_2std,uncontrolled,93.07607078329717,69.2997758563728,23.776294926924365,93.07607078329717,
2020-09-24 15:00:00+00:00,California_Garage_02,9.322008190703132,9.322008190703132,22.086202821912195,18.256944432549474,capacity_mean_plus_2std,uncontrolled,83.80519189421568,69.2997758563728,14.505416037842878,83.80519189421568,
2020-09-24 16:00:00+00:00,California_Garage_02,17.708238426380365,17.708238426380365,30.47243305758943,26.64317466822671,capacity_mean_plus_2std,uncontrolled,79.14442042444368,69.2997758563728,9.844644568070876,79.14442042444368,
2020-09-25 15:00:00+00:00,California_Garage_02,2.097198913928857,2.097198913928857,14.861393545137922,11.032135155775203,capacity_mean_plus_2std,uncontrolled,108.14405603672179,69.2997758563728,38.84428018034899,108.14405603672179,
2020-09-25 16:00:00+00:00,California_Garage_02,17.082137393561137,17.082137393561137,29.8463320247702,26.017073635407478,capacity_mean_plus_2std,uncontrolled,94.23720985311554,69.2997758563728,24.93743399674274,94.23720985311554,
2020-09-26 18:00:00+00:00,California_Garage_02,9.091827888354944,9.091827888354944,21.856022519564007,18.026764130201286,capacity_mean_plus_2std,uncontrolled,73.21678811980162,69.2997758563728,3.9170122634288163,73.21678811980162,
2020-09-28 15:00:00+00:00,California_Garage_02,9.618417086849396,9.618417086849396,22.382611718058463,18.553353328695742,capacity_mean_plus_2std,uncontrolled,112.84912648507841,69.2997758563728,43.54935062870561,112.84912648507841,
2020-09-28 16:00:00+00:00,California_Garage_02,20.49676153912765,20.49676153912765,33.26095617033671,29.43169778097399,capacity_mean_plus_2std,uncontrolled,107.57330952380951,69.2997758563728,38.27353366743671,107.57330952380951,
2020-09-30 15:00:00+00:00,California_Garage_02,9.224655123392992,9.224655123392992,21.988849754602057,18.159591365239336,capacity_mean_plus_2std,uncontrolled,90.57936216559163,69.2997758563728,21.27958630921883,90.57936216559163,
2020-09-30 16:00:00+00:00,California_Garage_02,23.03360489888489,23.03360489888489,35.797799530093954,31.968541140731233,capacity_mean_plus_2std,uncontrolled,74.77972885572137,69.2997758563728,5.479952999348569,74.77972885572137,
2020-10-01 15:00:00+00:00,California_Garage_02,4.4628047734233895,4.4628047734233895,17.226999404632455,13.397741015269736,capacity_mean_plus_2std,uncontrolled,108.88744497165108,69.2997758563728,39.587669115278274,108.88744497165108,
2020-10-01 16:00:00+00:00,California_Garage_02,19.20152510684223,19.20152510684223,31.96571973805129,28.13646134868857,capacity_mean_plus_2std,uncontrolled,99.57040555337589,69.2997758563728,30.270629697003088,99.57040555337589,
2020-10-02 15:00:00+00:00,California_Garage_02,7.989467734772861,7.989467734772861,20.753662365981924,16.924403976619203,capacity_mean_plus_2std,uncontrolled,74.18965712645563,69.2997758563728,4.8898812700828245,74.18965712645563,
2020-10-02 16:00:00+00:00,California_Garage_02,15.083898082111354,15.083898082111354,27.84809271332042,24.018834323957698,capacity_mean_plus_2std,uncontrolled,95.5495980500192,69.2997758563728,26.249822193646395,95.5495980500192,
2020-10-05 15:00:00+00:00,California_Garage_02,8.619163431149325,8.619163431149325,21.38335806235839,17.55409967299567,capacity_mean_plus_2std,uncontrolled,99.31722907653125,69.2997758563728,30.017453220158444,99.31722907653125,
2020-10-05 16:00:00+00:00,California_Garage_02,21.70456336743523,21.70456336743523,34.46875799864429,30.639499609281575,capacity_mean_plus_2std,uncontrolled,95.20941009526341,69.2997758563728,25.909634238890604,95.20941009526341,
2020-10-09 15:00:00+00:00,California_Garage_02,7.314863437902249,7.314863437902249,20.079058069111312,16.24979967974859,capacity_mean_plus_2std,uncontrolled,70.52690473061762,69.2997758563728,1.227128874244812,70.52690473061762,
2020-10-09 16:00:00+00:00,California_Garage_02,39.88736406239685,39.88736406239685,52.65155869360592,48.8223003042432,capacity_mean_plus_2std,uncontrolled,86.47683333333333,69.2997758563728,17.177057476960528,86.47683333333333,
2020-10-10 23:00:00+00:00,California_Garage_02,17.399722011123732,17.399722011123732,30.1639166423328,26.334658252970076,capacity_mean_plus_2std,uncontrolled,71.86324631324021,69.2997758563728,2.5634704568674067,71.86324631324021,
2020-10-12 16:00:00+00:00,California_Garage_02,22.38539564040957,22.38539564040957,35.149590271618635,31.320331882255914,capacity_mean_plus_2std,uncontrolled,73.47655885956334,69.2997758563728,4.176783003190536,73.47655885956334,
2020-10-14 15:00:00+00:00,California_Garage_02,9.619388704684814,9.619388704684814,22.38358333589388,18.55432494653116,capacity_mean_plus_2std,uncontrolled,97.87769188002613,69.2997758563728,28.57791602365333,97.87769188002613,
2020-10-14 16:00:00+00:00,California_Garage_02,29.825498916733057,29.825498916733057,42.58969354794212,38.7604351585794,capacity_mean_plus_2std,uncontrolled,103.63335057471261,69.2997758563728,34.333574718339804,103.63335057471261,
2020-10-15 15:00:00+00:00,California_Garage_02,5.744579687413125,5.744579687413125,18.50877431862219,14.67951592925947,capacity_mean_plus_2std,uncontrolled,87.81849101554417,69.2997758563728,18.518715159171364,87.81849101554417,
2020-10-15 16:00:00+00:00,California_Garage_02,25.588384533209183,25.588384533209183,38.352579164418245,34.523320775055524,capacity_mean_plus_2std,uncontrolled,85.29077949246015,69.2997758563728,15.991003636087342,85.29077949246015,
2020-10-15 17:00:00+00:00,California_Garage_02,33.45524419552251,33.45524419552251,46.219438826731576,42.390180437368855,capacity_mean_plus_2std,uncontrolled,80.62482619167567,69.2997758563728,11.325050335302862,80.62482619167567,
2020-10-16 16:00:00+00:00,California_Garage_02,24.556048726807425,24.556048726807425,37.32024335801649,33.49098496865377,capacity_mean_plus_2std,uncontrolled,75.87595038613449,69.2997758563728,6.576174529761687,75.87595038613449,
2020-10-17 16:00:00+00:00,California_Garage_02,10.849508327641333,10.849508327641333,23.6137029588504,19.78444456948768,capacity_mean_plus_2std,uncontrolled,75.70142592592593,69.2997758563728,6.401650069553128,75.70142592592593,
2020-10-17 17:00:00+00:00,California_Garage_02,13.476112986275496,13.476112986275496,26.24030761748456,22.41104922812184,capacity_mean_plus_2std,uncontrolled,76.14430770280188,69.2997758563728,6.844531846429078,76.14430770280188,
2020-10-19 16:00:00+00:00,California_Garage_02,24.42197273424269,24.42197273424269,37.18616736545175,33.35690897608903,capacity_mean_plus_2std,uncontrolled,143.73188723249282,69.2997758563728,74.43211137612002,143.73188723249282,
2020-10-19 17:00:00+00:00,California_Garage_02,26.466907781463004,26.466907781463004,39.23110241267207,35.40184402330935,capacity_mean_plus_2std,uncontrolled,85.95833333333333,69.2997758563728,16.658557476960524,85.95833333333333,
2020-10-20 16:00:00+00:00,California_Garage_02,20.131443938679272,20.131443938679272,32.895638569888334,29.066380180525613,capacity_mean_plus_2std,uncontrolled,74.27993300064342,69.2997758563728,4.9801571442706205,74.27993300064342,
2020-10-23 15:00:00+00:00,California_Garage_02,4.912366075197346,4.912366075197346,17.676560706406413,13.847302317043692,capacity_mean_plus_2std,uncontrolled,97.37172540986195,69.2997758563728,28.071949553489148,97.37172540986195,
2020-10-23 16:00:00+00:00,California_Garage_02,22.263812396348577,22.263812396348577,35.02800702755764,31.19874863819492,capacity_mean_plus_2std,uncontrolled,155.72596666912406,69.2997758563728,86.42619081275126,155.72596666912406,
2020-10-23 17:00:00+00:00,California_Garage_02,28.77528793174869,28.77528793174869,41.53948256295776,37.71022417359504,capacity_mean_plus_2std,uncontrolled,110.53688490454059,69.2997758563728,41.23710904816778,110.53688490454059,
2020-10-27 15:00:00+00:00,California_Garage_02,40.17350077062504,40.17350077062504,52.937695401834105,49.108437012471384,capacity_mean_plus_2std,uncontrolled,128.5197441466247,69.2997758563728,59.2199682902519,128.5197441466247,
2020-10-27 16:00:00+00:00,California_Garage_02,18.545896863115093,18.545896863115093,31.31009149432416,27.480833104961437,capacity_mean_plus_2std,uncontrolled,126.02137041943166,69.2997758563728,56.72159456305886,126.02137041943166,
2020-10-28 15:00:00+00:00,California_Garage_02,5.623624904776341,5.623624904776341,18.387819535985408,14.558561146622687,capacity_mean_plus_2std,uncontrolled,74.7955161439112,69.2997758563728,5.495740287538396,74.7955161439112,
2020-10-29 15:00:00+00:00,California_Garage_02,5.908886707214704,5.908886707214704,18.67308133842377,14.84382294906105,capacity_mean_plus_2std,uncontrolled,121.76199999999996,69.2997758563728,52.462224143627154,121.76199999999996,
2020-10-29 16:00:00+00:00,California_Garage_02,18.237049678889736,18.237049678889736,31.0012443100988,27.171985920736084,capacity_mean_plus_2std,uncontrolled,108.41672340622274,69.2997758563728,39.11694754984994,108.41672340622274,
2020-10-31 02:00:00+00:00,California_Garage_02,4.626275503460628,4.626275503460628,17.390470134669695,13.561211745306974,capacity_mean_plus_2std,uncontrolled,69.40983333333334,69.2997758563728,0.11005747696053447,69.40983333333334,
2020-11-01 17:00:00+00:00,California_Garage_02,35.34524181958085,38.99291332197419,48.10943645078992,45.3744795121452,capacity_mean_plus_2std,uncontrolled,78.41917195004804,69.2997758563728,9.119396093675235,78.41917195004804,
2020-11-02 16:00:00+00:00,California_Garage_02,9.546020571560016,9.546020571560016,22.31021520276908,18.480956813406358,capacity_mean_plus_2std,uncontrolled,73.30906187847394,69.2997758563728,4.009286022101136,73.30906187847394,
2020-11-04 16:00:00+00:00,California_Garage_02,17.52243226861557,17.52243226861557,30.28662689982464,26.45736851046192,capacity_mean_plus_2std,uncontrolled,70.91750998621002,69.2997758563728,1.617734129837217,70.91750998621002,
2020-11-05 16:00:00+00:00,California_Garage_02,14.002067655484767,14.002067655484767,26.76626228669383,22.93700389733111,capacity_mean_plus_2std,uncontrolled,75.34276508407517,69.2997758563728,6.042989227702364,75.34276508407517,
2020-11-06 15:00:00+00:00,California_Garage_02,8.998814829721882,8.998814829721882,21.763009460930945,17.933751071568224,capacity_mean_plus_2std,uncontrolled,78.95536197117114,69.2997758563728,9.65558611479834,78.95536197117114,
2020-11-06 16:00:00+00:00,California_Garage_02,13.834199857485968,13.834199857485968,26.598394488695035,22.769136099332314,capacity_mean_plus_2std,uncontrolled,89.20258434977163,69.2997758563728,19.902808493398823,89.20258434977163,
2020-11-09 15:00:00+00:00,California_Garage_02,2.840584945999421,2.840584945999421,15.604779577208486,11.775521187845765,capacity_mean_plus_2std,uncontrolled,112.42092405179692,69.2997758563728,43.12114819542411,112.42092405179692,
2020-11-09 16:00:00+00:00,California_Garage_02,12.056160937694278,12.056160937694278,24.820355568903345,20.991097179540624,capacity_mean_plus_2std,uncontrolled,98.77507940436173,69.2997758563728,29.47530354798893,98.77507940436173,
2020-11-11 15:00:00+00:00,California_Garage_02,0.4777994393077974,0.4777994393077974,13.241994070516864,9.412735681154142,capacity_mean_plus_2std,uncontrolled,74.36607088518622,69.2997758563728,5.066295028813414,74.36607088518622,
2020-11-11 16:00:00+00:00,California_Garage_02,13.213759803012133,13.213759803012133,25.9779544342212,22.14869604485848,capacity_mean_plus_2std,uncontrolled,84.27224191327038,69.2997758563728,14.972466056897574,84.27224191327038,
2020-11-11 17:00:00+00:00,California_Garage_02,15.12497920455323,15.12497920455323,27.889173835762293,24.05991544639957,capacity_mean_plus_2std,uncontrolled,81.15149999999998,69.2997758563728,11.85172414362718,81.15149999999998,
2020-11-12 15:00:00+00:00,California_Garage_02,2.75653879353621,2.75653879353621,15.520733424745275,11.691475035382556,capacity_mean_plus_2std,uncontrolled,74.55840013872105,69.2997758563728,5.258624282348251,74.55840013872105,
2020-11-12 16:00:00+00:00,California_Garage_02,7.244049915219904,7.244049915219904,20.00824454642897,16.178986157066248,capacity_mean_plus_2std,uncontrolled,108.5273697126163,69.2997758563728,39.2275938562435,108.5273697126163,
2020-11-12 17:00:00+00:00,California_Garage_02,32.760608281657774,32.760608281657774,45.52480291286684,41.69554452350412,capacity_mean_plus_2std,uncontrolled,92.06369936604713,69.2997758563728,22.763923509674328,92.06369936604713,
2020-11-13 17:00:00+00:00,California_Garage_02,24.387527560263106,24.387527560263106,37.151722191472174,33.32246380210945,capacity_mean_plus_2std,uncontrolled,74.99201430067386,69.2997758563728,5.692238444301054,74.99201430067386,
2020-11-16 15:00:00+00:00,California_Garage_02,8.46539574232098,8.46539574232098,21.229590373530044,17.400331984167323,capacity_mean_plus_2std,uncontrolled,101.2072795470073,69.2997758563728,31.9075036906345,101.2072795470073,
2020-11-16 16:00:00+00:00,California_Garage_02,13.816121628168244,13.816121628168244,26.58031625937731,22.751057870014588,capacity_mean_plus_2std,uncontrolled,85.22472444230459,69.2997758563728,15.924948585931787,85.22472444230459,
2020-11-17 15:00:00+00:00,California_Garage_02,0.3883676065710582,0.3883676065710582,13.152562237780124,9.323303848417403,capacity_mean_plus_2std,uncontrolled,115.83174884707388,69.2997758563728,46.53197299070108,115.83174884707388,
2020-11-17 16:00:00+00:00,California_Garage_02,10.551509160388028,10.551509160388028,23.31570379159709,19.48644540223437,capacity_mean_plus_2std,uncontrolled,142.54281036601384,69.2997758563728,73.24303450964103,142.54281036601384,
2020-11-17 17:00:00+00:00,California_Garage_02,19.55848553184501,19.55848553184501,32.32268016305407,28.493421773691352,capacity_mean_plus_2std,uncontrolled,93.48298269908527,69.2997758563728,24.183206842712465,93.48298269908527,
2020-11-19 16:00:00+00:00,California_Garage_02,16.29843401739042,16.29843401739042,29.062628648599485,25.233370259236764,capacity_mean_plus_2std,uncontrolled,97.16330213713944,69.2997758563728,27.863526280766635,97.16330213713944,
2020-11-20 15:00:00+00:00,California_Garage_02,4.807288522393739,4.807288522393739,17.571483153602806,13.742224764240085,capacity_mean_plus_2std,uncontrolled,90.35680130288168,69.2997758563728,21.057025446508874,90.35680130288168,
2020-11-20 16:00:00+00:00,California_Garage_02,9.076436740016112,9.076436740016112,21.84063137122518,18.011372981862458,capacity_mean_plus_2std,uncontrolled,100.11887993110163,69.2997758563728,30.819104074728827,100.11887993110163,
2020-11-21 00:00:00+00:00,California_Garage_02,13.025884818914232,13.025884818914232,25.790079450123297,21.960821060760576,capacity_mean_plus_2std,uncontrolled,71.90933588065839,69.2997758563728,2.609560024285585,71.90933588065839,
2020-11-21 16:00:00+00:00,California_Garage_02,30.244339356334017,30.244339356334017,43.00853398754308,39.17927559818036,capacity_mean_plus_2std,uncontrolled,69.93867473117878,69.2997758563728,0.6388988748059745,69.93867473117878,
2020-11-22 01:00:00+00:00,California_Garage_02,8.876431781515986,8.876431781515986,21.64062641272505,17.81136802336233,capacity_mean_plus_2std,uncontrolled,76.91820623705667,69.2997758563728,7.618430380683861,76.91820623705667,
2020-11-22 16:00:00+00:00,California_Garage_02,45.76912384823679,45.76912384823679,58.53331847944585,54.70406009008313,capacity_mean_plus_2std,uncontrolled,81.07281845560796,69.2997758563728,11.773042599235154,81.07281845560796,
2020-11-22 17:00:00+00:00,California_Garage_02,59.59210665010316,59.59210665010316,72.35630128131223,68.5270428919495,capacity_mean_plus_2std,uncontrolled,87.79787472249262,69.2997758563728,18.49809886611982,87.79787472249262,
2020-11-23 15:00:00+00:00,California_Garage_02,11.3171751124606,11.3171751124606,24.081369743669665,20.252111354306944,capacity_mean_plus_2std,uncontrolled,104.64097807645041,69.2997758563728,35.341202220077605,104.64097807645041,
2020-11-23 16:00:00+00:00,California_Garage_02,16.5963384039224,16.5963384039224,29.360533035131464,25.531274645768743,capacity_mean_plus_2std,uncontrolled,147.3296851079851,69.2997758563728,78.02990925161231,147.3296851079851,
2020-11-23 17:00:00+00:00,California_Garage_02,20.122269094970747,20.122269094970747,32.88646372617981,29.05720533681709,capacity_mean_plus_2std,uncontrolled,85.94165959952885,69.2997758563728,16.641883743156043,85.94165959952885,
2020-11-24 16:00:00+00:00,California_Garage_02,0.8276765056170972,0.8276765056170972,13.591871136826162,9.762612747463443,capacity_mean_plus_2std,uncontrolled,91.8164037645592,69.2997758563728,22.516627908186393,91.8164037645592,
2020-08-18 00:00:00+00:00,California_Garage_02,1.3108547688245633,1.3108547688245633,14.07504940003363,10.24579101067091,capacity_mean_plus_2std,point_forecast,70.97310918970614,69.2997758563728,1.673333333333332,70.97310918970614,
2020-08-21 21:00:00+00:00,California_Garage_02,9.232958777369609,9.232958777369609,21.99715340857868,18.16789501921596,capacity_mean_plus_2std,point_forecast,69.59420466897832,69.2997758563728,0.294428812605517,69.59420466897832,
2020-10-23 22:00:00+00:00,California_Garage_02,12.340480795034608,12.340480795034608,25.104675426243677,21.275417036880956,capacity_mean_plus_2std,point_forecast,69.37756142049334,69.2997758563728,0.07778556412053206,69.37756142049334,
2020-12-03 01:00:00+00:00,California_Garage_02,10.118563248103095,10.118563248103095,22.88275787931216,19.053499489949438,capacity_mean_plus_2std,point_forecast,70.66260689154656,69.2997758563728,1.3628310351737554,70.66260689154656,
2020-08-18 00:00:00+00:00,California_Garage_02,1.3108547688245633,1.3108547688245633,14.07504940003363,10.24579101067091,capacity_mean_plus_2std,peak_sensitive,70.97310918970614,69.2997758563728,1.673333333333332,70.97310918970614,
2020-08-21 21:00:00+00:00,California_Garage_02,9.232958777369609,9.232958777369609,21.99715340857868,18.16789501921596,capacity_mean_plus_2std,peak_sensitive,69.59420466897832,69.2997758563728,0.294428812605517,69.59420466897832,
2020-10-23 22:00:00+00:00,California_Garage_02,12.340480795034608,12.340480795034608,25.104675426243677,21.275417036880956,capacity_mean_plus_2std,peak_sensitive,69.37756142049334,69.2997758563728,0.07778556412053206,69.37756142049334,
2020-12-03 01:00:00+00:00,California_Garage_02,10.118563248103095,10.118563248103095,22.88275787931216,19.053499489949438,capacity_mean_plus_2std,peak_sensitive,70.66260689154656,69.2997758563728,1.3628310351737554,70.66260689154656,
2020-08-18 00:00:00+00:00,California_Garage_02,1.3108547688245633,1.3108547688245633,14.07504940003363,10.24579101067091,capacity_mean_plus_2std,uncertainty_aware,70.97310918970614,69.2997758563728,1.673333333333332,70.97310918970614,
2020-08-21 21:00:00+00:00,California_Garage_02,9.232958777369609,9.232958777369609,21.99715340857868,18.16789501921596,capacity_mean_plus_2std,uncertainty_aware,69.59420466897832,69.2997758563728,0.294428812605517,69.59420466897832,
2020-10-23 22:00:00+00:00,California_Garage_02,12.340480795034608,12.340480795034608,25.104675426243677,21.275417036880956,capacity_mean_plus_2std,uncertainty_aware,69.37756142049334,69.2997758563728,0.07778556412053206,69.37756142049334,
2020-12-03 01:00:00+00:00,California_Garage_02,10.118563248103095,10.118563248103095,22.88275787931216,19.053499489949438,capacity_mean_plus_2std,uncertainty_aware,70.66260689154656,69.2997758563728,1.3628310351737554,70.66260689154656,
2020-08-18 00:00:00+00:00,California_Garage_02,1.3108547688245633,1.3108547688245633,14.07504940003363,10.24579101067091,capacity_mean_plus_2std,hybrid_uncertainty_peak,70.97310918970614,69.2997758563728,1.673333333333332,70.97310918970614,
2020-08-21 21:00:00+00:00,California_Garage_02,9.232958777369609,9.232958777369609,21.99715340857868,18.16789501921596,capacity_mean_plus_2std,hybrid_uncertainty_peak,69.59420466897832,69.2997758563728,0.294428812605517,69.59420466897832,
2020-10-23 22:00:00+00:00,California_Garage_02,12.340480795034608,12.340480795034608,25.104675426243677,21.275417036880956,capacity_mean_plus_2std,hybrid_uncertainty_peak,69.37756142049334,69.2997758563728,0.07778556412053206,69.37756142049334,
2020-12-03 01:00:00+00:00,California_Garage_02,10.118563248103095,10.118563248103095,22.88275787931216,19.053499489949438,capacity_mean_plus_2std,hybrid_uncertainty_peak,70.66260689154656,69.2997758563728,1.3628310351737554,70.66260689154656,
2020-10-12 15:00:00+00:00,N_Wilson_Garage_01,22.27264536718371,25.92031686957705,102.05296725905566,79.21317214221207,capacity_mean_plus_2std,uncontrolled,109.16327173490595,87.14157706760275,22.021694667303194,109.16327173490595,
2020-10-12 16:00:00+00:00,N_Wilson_Garage_01,30.895359094813003,30.895359094813003,110.67568098668497,86.74158441912337,capacity_mean_plus_2std,uncontrolled,117.93603183469486,87.14157706760275,30.794454767092105,117.93603183469486,
2020-10-12 17:00:00+00:00,N_Wilson_Garage_01,69.85819922101047,73.5058707234038,149.63852111288242,126.79872599603883,capacity_mean_plus_2std,uncontrolled,91.57765794047397,87.14157706760275,4.436080872871216,91.57765794047397,
2020-10-13 16:00:00+00:00,N_Wilson_Garage_01,51.989326258342416,55.63699776073576,131.76964815021438,108.92985303337079,capacity_mean_plus_2std,uncontrolled,99.20308422380894,87.14157706760275,12.06150715620619,99.20308422380894,
2020-10-14 15:00:00+00:00,N_Wilson_Garage_01,18.373210524297924,18.373210524297924,98.15353241616988,74.21943584860828,capacity_mean_plus_2std,uncontrolled,99.83773828652438,87.14157706760275,12.696161218921631,99.83773828652438,
2020-10-14 16:00:00+00:00,N_Wilson_Garage_01,19.33193286234431,19.33193286234431,99.11225475421624,75.17815818665466,capacity_mean_plus_2std,uncontrolled,105.62526659615051,87.14157706760275,18.483689528547757,105.62526659615051,
2020-10-16 15:00:00+00:00,N_Wilson_Garage_01,19.304188994947697,22.95186049734104,99.08451088681964,76.24471576997605,capacity_mean_plus_2std,uncontrolled,94.21049999999998,87.14157706760275,7.0689229323972285,94.21049999999998,
2020-10-16 16:00:00+00:00,N_Wilson_Garage_01,19.07765810136848,19.07765810136848,98.85797999324043,74.92388342567884,capacity_mean_plus_2std,uncontrolled,104.99804147460944,87.14157706760275,17.856464407006683,104.99804147460944,
2020-10-16 17:00:00+00:00,N_Wilson_Garage_01,21.329187504041744,24.976859006435085,101.10950939591368,78.26971427907009,capacity_mean_plus_2std,uncontrolled,94.17970499999998,87.14157706760275,7.038127932397231,94.17970499999998,
2020-10-17 18:00:00+00:00,N_Wilson_Garage_01,29.857310507527224,29.857310507527224,109.63763239939917,85.70353583183758,capacity_mean_plus_2std,uncontrolled,110.04496656153985,87.14157706760275,22.903389493937098,110.04496656153985,
2020-10-17 21:00:00+00:00,N_Wilson_Garage_01,40.867196134746095,44.51486763713944,120.64751802661804,97.80772290977445,capacity_mean_plus_2std,uncontrolled,87.57364028314026,87.14157706760275,0.4320632155375108,87.57364028314026,
2020-10-19 15:00:00+00:00,N_Wilson_Garage_01,23.756598259237897,23.756598259237897,103.53692015110984,79.60282358354826,capacity_mean_plus_2std,uncontrolled,109.42551867339994,87.14157706760275,22.28394160579718,109.42551867339994,
2020-10-19 16:00:00+00:00,N_Wilson_Garage_01,42.82071223445392,46.46838373684727,122.60103412632589,99.7612390094823,capacity_mean_plus_2std,uncontrolled,160.65648784500067,87.14157706760275,73.51491077739792,160.65648784500067,
2020-10-19 17:00:00+00:00,N_Wilson_Garage_01,53.4253008006023,57.072972302995645,133.20562269247426,110.36582757563068,capacity_mean_plus_2std,uncontrolled,103.67378934820925,87.14157706760275,16.5322122806065,103.67378934820925,
2020-10-20 15:00:00+00:00,N_Wilson_Garage_01,20.64320461366224,24.29087611605558,100.42352650553418,77.5837313886906,capacity_mean_plus_2std,uncontrolled,124.00631148596568,87.14157706760275,36.86473441836293,124.00631148596568,
2020-10-20 16:00:00+00:00,N_Wilson_Garage_01,25.22766044246389,28.87533194485723,105.00798233433584,82.16818721749225,capacity_mean_plus_2std,uncontrolled,147.7737889324203,87.14157706760275,60.63221186481755,147.7737889324203,
2020-10-20 17:00:00+00:00,N_Wilson_Garage_01,32.68289696810988,36.33056847050322,112.46321885998182,89.62342374313823,capacity_mean_plus_2std,uncontrolled,113.62523985212043,87.14157706760275,26.483662784517676,113.62523985212043,
2020-10-21 16:00:00+00:00,N_Wilson_Garage_01,15.110043766915489,15.110043766915489,94.89036565878745,70.95626909122586,capacity_mean_plus_2std,uncontrolled,92.03000332163398,87.14157706760275,4.888426254031231,92.03000332163398,
2020-10-22 15:00:00+00:00,N_Wilson_Garage_01,15.509517877324312,15.509517877324312,95.28983976919626,71.35574320163467,capacity_mean_plus_2std,uncontrolled,120.69542913621697,87.14157706760275,33.55385206861422,120.69542913621697,
2020-10-22 16:00:00+00:00,N_Wilson_Garage_01,18.398774823200466,18.398774823200466,98.17909671507242,74.24500014751084,capacity_mean_plus_2std,uncontrolled,148.0885032750663,87.14157706760275,60.94692620746355,148.0885032750663,
2020-10-22 17:00:00+00:00,N_Wilson_Garage_01,26.535424532568445,26.535424532568445,106.3157464244404,82.38164985687881,capacity_mean_plus_2std,uncontrolled,108.57040529009508,87.14157706760275,21.428828222492328,108.57040529009508,
2020-10-23 15:00:00+00:00,N_Wilson_Garage_01,10.472348653887366,10.472348653887366,90.25267054575932,66.31857397819773,capacity_mean_plus_2std,uncontrolled,117.69386027033042,87.14157706760275,30.552283202727665,117.69386027033042,
2020-10-23 16:00:00+00:00,N_Wilson_Garage_01,19.89259606091914,19.89259606091914,99.6729179527911,75.73882138522951,capacity_mean_plus_2std,uncontrolled,122.60229810812403,87.14157706760275,35.46072104052128,122.60229810812403,
2020-10-23 17:00:00+00:00,N_Wilson_Garage_01,36.86310045030579,40.51077195269913,116.64342234217771,93.80362722533413,capacity_mean_plus_2std,uncontrolled,105.15620060331823,87.14157706760275,18.014623535715472,105.15620060331823,
2020-10-26 15:00:00+00:00,N_Wilson_Garage_01,9.516961989931486,9.516961989931486,89.29728388180344,65.36318731424184,capacity_mean_plus_2std,uncontrolled,108.12255251362184,87.14157706760275,20.980975446019087,108.12255251362184,
2020-10-27 14:00:00+00:00,N_Wilson_Garage_01,2.838366060657209,2.838366060657209,82.61868795252916,58.68459138496757,capacity_mean_plus_2std,uncontrolled,97.76445809565597,87.14157706760275,10.622881028053214,97.76445809565597,
2020-10-27 15:00:00+00:00,N_Wilson_Garage_01,12.18385271985206,12.18385271985206,91.964174611724,68.03007804416242,capacity_mean_plus_2std,uncontrolled,167.99963537378707,87.14157706760275,80.85805830618432,167.99963537378707,
2020-10-27 16:00:00+00:00,N_Wilson_Garage_01,12.770424745217356,12.770424745217356,92.5507466370893,68.61665006952772,capacity_mean_plus_2std,uncontrolled,113.96875115835444,87.14157706760275,26.827174090751683,113.96875115835444,
2020-10-28 15:00:00+00:00,N_Wilson_Garage_01,21.15458111138787,21.15458111138787,100.93490300325982,77.00080643569824,capacity_mean_plus_2std,uncontrolled,113.1295042508163,87.14157706760275,25.987927183213543,113.1295042508163,
2020-10-28 16:00:00+00:00,N_Wilson_Garage_01,26.07422664995853,26.07422664995853,105.85454854183048,81.92045197426889,capacity_mean_plus_2std,uncontrolled,99.87506708222023,87.14157706760275,12.733490014617473,99.87506708222023,
2020-11-02 15:00:00+00:00,N_Wilson_Garage_01,9.849761065992066,9.849761065992066,89.63008295786402,65.69598639030242,capacity_mean_plus_2std,uncontrolled,117.32487371910786,87.14157706760275,30.183296651505103,117.32487371910786,
2020-11-02 16:00:00+00:00,N_Wilson_Garage_01,13.189335324575392,13.189335324575392,92.96965721644736,69.03556064888576,capacity_mean_plus_2std,uncontrolled,96.67867703290516,87.14157706760275,9.537099965302403,96.67867703290516,
2020-11-04 16:00:00+00:00,N_Wilson_Garage_01,20.733096700590423,20.733096700590423,100.51341859246236,76.57932202490078,capacity_mean_plus_2std,uncontrolled,110.93996890364221,87.14157706760275,23.798391836039457,110.93996890364221,
2020-11-05 15:00:00+00:00,N_Wilson_Garage_01,16.79626161209003,16.79626161209003,96.57658350396198,72.64248693640039,capacity_mean_plus_2std,uncontrolled,119.86817705266247,87.14157706760275,32.72659998505972,119.86817705266247,
2020-11-05 16:00:00+00:00,N_Wilson_Garage_01,20.93337132586033,20.93337132586033,100.71369321773228,76.7795966501707,capacity_mean_plus_2std,uncontrolled,138.53877308818534,87.14157706760275,51.397196020582584,138.53877308818534,
2020-11-05 17:00:00+00:00,N_Wilson_Garage_01,35.15240163028192,35.15240163028192,114.93272352215388,90.99862695459228,capacity_mean_plus_2std,uncontrolled,101.52380125568013,87.14157706760275,14.382224188077373,101.52380125568013,
2020-11-06 15:00:00+00:00,N_Wilson_Garage_01,10.442163139665295,10.442163139665295,90.22248503153725,66.28838846397565,capacity_mean_plus_2std,uncontrolled,127.3879450076869,87.14157706760275,40.24636794008414,127.3879450076869,
2020-11-06 16:00:00+00:00,N_Wilson_Garage_01,10.92340321053972,10.92340321053972,90.70372510241168,66.76962853485009,capacity_mean_plus_2std,uncontrolled,180.9154048136013,87.14157706760275,93.77382774599855,180.9154048136013,
2020-11-06 17:00:00+00:00,N_Wilson_Garage_01,28.73668524802333,28.73668524802333,108.51700713989528,84.58291057233369,capacity_mean_plus_2std,uncontrolled,103.31260651809045,87.14157706760275,16.171029450487694,103.31260651809045,
2020-11-10 15:00:00+00:00,N_Wilson_Garage_01,7.18009992770866,7.18009992770866,86.9604218195806,63.02632525201902,capacity_mean_plus_2std,uncontrolled,152.6953846270174,87.14157706760275,65.55380755941465,152.6953846270174,
2020-11-10 16:00:00+00:00,N_Wilson_Garage_01,11.643055897822782,11.643055897822782,91.42337778969473,67.48928122213314,capacity_mean_plus_2std,uncontrolled,125.83312626023272,87.14157706760275,38.691549192629964,125.83312626023272,
2020-11-12 15:00:00+00:00,N_Wilson_Garage_01,6.026816177704493,6.026816177704493,85.80713806957644,61.87304150201486,capacity_mean_plus_2std,uncontrolled,168.57278401583324,87.14157706760275,81.43120694823048,168.57278401583324,
2020-11-12 16:00:00+00:00,N_Wilson_Garage_01,15.86123487276566,15.86123487276566,95.6415567646376,71.70746019707602,capacity_mean_plus_2std,uncontrolled,111.11045379733126,87.14157706760275,23.968876729728507,111.11045379733126,
2020-11-13 15:00:00+00:00,N_Wilson_Garage_01,6.837866383339707,6.837866383339707,86.61818827521165,62.68409170765006,capacity_mean_plus_2std,uncontrolled,87.96491049106156,87.14157706760275,0.8233334234588057,87.96491049106156,
2020-11-16 15:00:00+00:00,N_Wilson_Garage_01,7.677687887997236,7.677687887997236,87.45800977986919,63.5239132123076,capacity_mean_plus_2std,uncontrolled,132.28328571428568,87.14157706760275,45.14170864668293,132.28328571428568,
2020-11-16 16:00:00+00:00,N_Wilson_Garage_01,13.04605278362884,13.04605278362884,92.8263746755008,68.89227810793922,capacity_mean_plus_2std,uncontrolled,161.43415456613917,87.14157706760275,74.29257749853642,161.43415456613917,
2020-11-16 17:00:00+00:00,N_Wilson_Garage_01,32.04430508173783,32.04430508173783,111.82462697360978,87.89053040604819,capacity_mean_plus_2std,uncontrolled,158.39467067578616,87.14157706760275,71.2530936081834,158.39467067578616,
2020-11-17 15:00:00+00:00,N_Wilson_Garage_01,7.867719671587181,7.867719671587181,87.64804156345913,63.71394499589754,capacity_mean_plus_2std,uncontrolled,125.46211603588709,87.14157706760275,38.32053896828434,125.46211603588709,
2020-11-17 16:00:00+00:00,N_Wilson_Garage_01,10.8132326101674,10.8132326101674,90.59355450203935,66.65945793447777,capacity_mean_plus_2std,uncontrolled,114.93893549829778,87.14157706760275,27.797358430695027,114.93893549829778,
2020-11-18 15:00:00+00:00,N_Wilson_Garage_01,7.51434195510137,7.51434195510137,87.29466384697332,63.360567279411725,capacity_mean_plus_2std,uncontrolled,94.9441523813183,87.14157706760275,7.8025753137155505,94.9441523813183,
2020-11-18 16:00:00+00:00,N_Wilson_Garage_01,11.530497774045491,11.530497774045491,91.31081966591744,67.37672309835584,capacity_mean_plus_2std,uncontrolled,149.97156799157887,87.14157706760275,62.82999092397611,149.97156799157887,
2020-11-18 17:00:00+00:00,N_Wilson_Garage_01,38.60011702756988,42.24778852996322,118.38043891944184,95.54064380259825,capacity_mean_plus_2std,uncontrolled,108.83906921887082,87.14157706760275,21.697492151268065,108.83906921887082,
2020-11-19 15:00:00+00:00,N_Wilson_Garage_01,7.1215693385128445,7.1215693385128445,86.90189123038479,62.9677946628232,capacity_mean_plus_2std,uncontrolled,121.85578712279104,87.14157706760275,34.71421005518829,121.85578712279104,
2020-11-19 16:00:00+00:00,N_Wilson_Garage_01,13.76645746627208,13.76645746627208,93.54677935814402,69.61268279058244,capacity_mean_plus_2std,uncontrolled,103.55203145572412,87.14157706760275,16.410454388121366,103.55203145572412,
2020-11-21 18:00:00+00:00,N_Wilson_Garage_01,9.850686174647892,9.850686174647892,89.63100806651984,65.69691149895826,capacity_mean_plus_2std,uncontrolled,93.91132678726325,87.14157706760275,6.769749719660496,93.91132678726325,
2020-11-21 19:00:00+00:00,N_Wilson_Garage_01,13.886376333241293,13.886376333241293,93.66669822511324,69.73260165755164,capacity_mean_plus_2std,uncontrolled,91.05200978478676,87.14157706760275,3.9104327171840083,91.05200978478676,
2020-11-27 16:00:00+00:00,N_Wilson_Garage_01,4.1666947655598925,4.1666947655598925,83.94701665743185,60.01292008987025,capacity_mean_plus_2std,uncontrolled,90.05384688505984,87.14157706760275,2.912269817457087,90.05384688505984,
2020-11-28 19:00:00+00:00,N_Wilson_Garage_01,4.605105260373917,4.605105260373917,84.38542715224587,60.45133058468428,capacity_mean_plus_2std,uncontrolled,95.24248658550331,87.14157706760275,8.100909517900561,95.24248658550331,
2020-11-28 20:00:00+00:00,N_Wilson_Garage_01,6.344229066273458,6.344229066273458,86.1245509581454,62.19045439058382,capacity_mean_plus_2std,uncontrolled,147.60918601145607,87.14157706760275,60.46760894385332,147.60918601145607,
2020-11-28 21:00:00+00:00,N_Wilson_Garage_01,4.8686993409454695,4.8686993409454695,84.64902123281742,60.71492466525583,capacity_mean_plus_2std,uncontrolled,119.87887867346322,87.14157706760275,32.737301605860466,119.87887867346322,
2020-11-29 21:00:00+00:00,N_Wilson_Garage_01,21.20435184745279,21.20435184745279,100.98467373932472,77.05057717176314,capacity_mean_plus_2std,uncontrolled,94.97211621368321,87.14157706760275,7.830539146080454,94.97211621368321,
2020-11-30 15:00:00+00:00,N_Wilson_Garage_01,5.338754655649173,5.338754655649173,85.11907654752112,61.184979979959536,capacity_mean_plus_2std,uncontrolled,161.10605643228578,87.14157706760275,73.96447936468303,161.10605643228578,
2020-11-30 16:00:00+00:00,N_Wilson_Garage_01,9.391250999763235,9.391250999763235,89.17157289163518,65.2374763240736,capacity_mean_plus_2std,uncontrolled,157.36393448213397,87.14157706760275,70.22235741453122,157.36393448213397,
2020-12-01 15:00:00+00:00,N_Wilson_Garage_01,4.26561997452892,4.26561997452892,84.04594186640087,60.111845298839285,capacity_mean_plus_2std,uncontrolled,117.95016078322921,87.14157706760275,30.808583715626455,117.95016078322921,
2020-12-01 16:00:00+00:00,N_Wilson_Garage_01,7.991941022767041,7.991941022767041,87.77226291463899,63.8381663470774,capacity_mean_plus_2std,uncontrolled,99.80493781094526,87.14157706760275,12.663360743342508,99.80493781094526,
2020-12-02 15:00:00+00:00,N_Wilson_Garage_01,3.694930920506285,3.694930920506285,83.47525281237823,59.54115624481664,capacity_mean_plus_2std,uncontrolled,98.42350767009697,87.14157706760275,11.281930602494214,98.42350767009697,
2020-12-02 16:00:00+00:00,N_Wilson_Garage_01,7.941460004772762,7.941460004772762,87.72178189664471,63.787685329083125,capacity_mean_plus_2std,uncontrolled,117.13139626067624,87.14157706760275,29.989819193073487,117.13139626067624,
2020-12-02 17:00:00+00:00,N_Wilson_Garage_01,7.249951485299819,7.249951485299819,87.03027337717177,63.09617680961018,capacity_mean_plus_2std,uncontrolled,116.82508166521436,87.14157706760275,29.683504597611602,116.82508166521436,
2020-12-03 15:00:00+00:00,N_Wilson_Garage_01,2.4321241400079487,2.4321241400079487,82.21244603187989,58.2783494643183,capacity_mean_plus_2std,uncontrolled,89.64378766951572,87.14157706760275,2.5022106019129637,89.64378766951572,
2020-12-03 16:00:00+00:00,N_Wilson_Garage_01,6.046763685190427,6.046763685190427,85.82708557706238,61.89298900950079,capacity_mean_plus_2std,uncontrolled,106.38666666666664,87.14157706760275,19.24508959906389,106.38666666666664,
2020-11-22 04:00:00+00:00,N_Wilson_Garage_01,3.361534929432288,3.361534929432288,83.14185682130423,59.20776025374264,capacity_mean_plus_2std,point_forecast,87.79907706760275,87.14157706760275,0.6574999999999989,87.79907706760275,
2020-12-05 02:00:00+00:00,N_Wilson_Garage_01,2.0872904019795406,2.0872904019795406,81.8676122938515,57.933515726289905,capacity_mean_plus_2std,point_forecast,105.90781515333133,87.14157706760275,18.766238085728574,105.90781515333133,
2020-11-22 04:00:00+00:00,N_Wilson_Garage_01,3.361534929432288,3.361534929432288,83.14185682130423,59.20776025374264,capacity_mean_plus_2std,peak_sensitive,87.79907706760275,87.14157706760275,0.6574999999999989,87.79907706760275,
2020-12-05 02:00:00+00:00,N_Wilson_Garage_01,2.0872904019795406,2.0872904019795406,81.8676122938515,57.933515726289905,capacity_mean_plus_2std,peak_sensitive,105.90781515333133,87.14157706760275,18.766238085728574,105.90781515333133,
2020-11-22 04:00:00+00:00,N_Wilson_Garage_01,3.361534929432288,3.361534929432288,83.14185682130423,59.20776025374264,capacity_mean_plus_2std,uncertainty_aware,87.79907706760275,87.14157706760275,0.6574999999999989,87.79907706760275,
2020-12-05 02:00:00+00:00,N_Wilson_Garage_01,2.0872904019795406,2.0872904019795406,81.8676122938515,57.933515726289905,capacity_mean_plus_2std,uncertainty_aware,105.90781515333133,87.14157706760275,18.766238085728574,105.90781515333133,
2020-11-22 04:00:00+00:00,N_Wilson_Garage_01,3.361534929432288,3.361534929432288,83.14185682130423,59.20776025374264,capacity_mean_plus_2std,hybrid_uncertainty_peak,87.79907706760275,87.14157706760275,0.6574999999999989,87.79907706760275,
2020-12-05 02:00:00+00:00,N_Wilson_Garage_01,2.0872904019795406,2.0872904019795406,81.8676122938515,57.933515726289905,capacity_mean_plus_2std,hybrid_uncertainty_peak,105.90781515333133,87.14157706760275,18.766238085728574,105.90781515333133,
2020-09-03 14:00:00+00:00,Parking_Lot_01,1.0382870920142409,1.0382870920142409,1.0382870920142409,1.0382870920142409,capacity_mean_plus_2std,uncontrolled,19.799999999999997,14.182681542355645,5.617318457644352,19.799999999999997,
2020-09-03 15:00:00+00:00,Parking_Lot_01,1.2950652166245369,1.2950652166245369,1.2950652166245369,1.2950652166245367,capacity_mean_plus_2std,uncontrolled,39.274166666666666,14.182681542355645,25.09148512431102,39.274166666666666,
2020-09-03 16:00:00+00:00,Parking_Lot_01,1.623457903107166,1.623457903107166,1.623457903107166,1.623457903107166,capacity_mean_plus_2std,uncontrolled,34.38244876660342,14.182681542355645,20.199767224247772,34.38244876660342,
2020-09-03 17:00:00+00:00,Parking_Lot_01,4.88656185858224,4.88656185858224,4.88656185858224,4.88656185858224,capacity_mean_plus_2std,uncontrolled,16.721362500000005,14.182681542355645,2.5386809576443596,16.721362500000005,
2020-09-04 23:00:00+00:00,Parking_Lot_01,4.137864603232631,4.137864603232631,4.137864603232631,4.137864603232631,capacity_mean_plus_2std,uncontrolled,17.599113362887906,14.182681542355645,3.41643182053226,17.599113362887906,
2020-09-05 00:00:00+00:00,Parking_Lot_01,0.1296611918633864,0.1296611918633864,0.1296611918633864,0.1296611918633864,capacity_mean_plus_2std,uncontrolled,19.6505,14.182681542355645,5.467818457644356,19.6505,
2020-09-05 22:00:00+00:00,Parking_Lot_01,0.0,0.0,0.0,0.0,capacity_mean_plus_2std,uncontrolled,33.0,14.182681542355645,18.817318457644355,33.0,
2020-09-05 23:00:00+00:00,Parking_Lot_01,0.0,0.0,0.0,0.0,capacity_mean_plus_2std,uncontrolled,26.10216666666667,14.182681542355645,11.919485124311024,26.10216666666667,
2020-09-06 02:00:00+00:00,Parking_Lot_01,0.0,0.0,0.0,0.0,capacity_mean_plus_2std,uncontrolled,19.799999999999997,14.182681542355645,5.617318457644352,19.799999999999997,
2020-09-06 18:00:00+00:00,Parking_Lot_01,0.0,0.0,0.0,0.0,capacity_mean_plus_2std,uncontrolled,19.799999999999997,14.182681542355645,5.617318457644352,19.799999999999997,
2020-09-06 19:00:00+00:00,Parking_Lot_01,0.0,0.0,0.0,0.0,capacity_mean_plus_2std,uncontrolled,14.694333333333333,14.182681542355645,0.5116517909776874,14.694333333333333,
2020-09-06 23:00:00+00:00,Parking_Lot_01,0.0,0.0,0.0,0.0,capacity_mean_plus_2std,uncontrolled,19.799999999999997,14.182681542355645,5.617318457644352,19.799999999999997,
2020-09-10 16:00:00+00:00,Parking_Lot_01,1.788329046261526,1.788329046261526,1.788329046261526,1.788329046261526,capacity_mean_plus_2std,uncontrolled,21.54498745519436,14.182681542355645,7.362305912838714,21.54498745519436,
2020-09-13 02:00:00+00:00,Parking_Lot_01,0.0,0.0,0.0,0.0,capacity_mean_plus_2std,uncontrolled,19.171333333333333,14.182681542355645,4.988651790977688,19.171333333333333,
2020-09-13 20:00:00+00:00,Parking_Lot_01,0.0,0.0,0.0,0.0,capacity_mean_plus_2std,uncontrolled,14.437833333333334,14.182681542355645,0.25515179097768836,14.437833333333334,
2020-09-13 21:00:00+00:00,Parking_Lot_01,0.0,0.0,0.0,0.0,capacity_mean_plus_2std,uncontrolled,15.279,14.182681542355645,1.0963184576443545,15.279,
2020-09-13 23:00:00+00:00,Parking_Lot_01,0.0,0.0,0.0,0.0,capacity_mean_plus_2std,uncontrolled,21.968,14.182681542355645,7.785318457644355,21.968,
2020-09-14 00:00:00+00:00,Parking_Lot_01,0.0,0.0,0.0,0.0,capacity_mean_plus_2std,uncontrolled,14.970333333333333,14.182681542355645,0.7876517909776872,14.970333333333333,
2020-09-15 15:00:00+00:00,Parking_Lot_01,5.545312302437771,5.545312302437771,5.545312302437771,5.545312302437771,capacity_mean_plus_2std,uncontrolled,15.145531914893615,14.182681542355645,0.9628503725379698,15.145531914893615,
2020-09-15 16:00:00+00:00,Parking_Lot_01,5.345040516983975,5.345040516983975,5.345040516983975,5.345040516983975,capacity_mean_plus_2std,uncontrolled,14.658499999999998,14.182681542355645,0.47581845764435293,14.658499999999998,
2020-09-16 15:00:00+00:00,Parking_Lot_01,0.0,0.0,0.0,0.0,capacity_mean_plus_2std,uncontrolled,19.799999999999997,14.182681542355645,5.617318457644352,19.799999999999997,
2020-09-16 16:00:00+00:00,Parking_Lot_01,0.0,0.0,0.0,0.0,capacity_mean_plus_2std,uncontrolled,18.81884791344988,14.182681542355645,4.636166371094234,18.81884791344988,
2020-09-17 15:00:00+00:00,Parking_Lot_01,0.0,0.0,0.0,0.0,capacity_mean_plus_2std,uncontrolled,22.994500000000002,14.182681542355645,8.811818457644357,22.994500000000002,
2020-09-17 16:00:00+00:00,Parking_Lot_01,0.0,0.0,0.0,0.0,capacity_mean_plus_2std,uncontrolled,19.799999999999997,14.182681542355645,5.617318457644352,19.799999999999997,
2020-09-17 17:00:00+00:00,Parking_Lot_01,0.0,0.0,0.0,0.0,capacity_mean_plus_2std,uncontrolled,16.6865,14.182681542355645,2.5038184576443534,16.6865,
2020-09-19 19:00:00+00:00,Parking_Lot_01,0.0,0.0,0.0,0.0,capacity_mean_plus_2std,uncontrolled,19.799999999999997,14.182681542355645,5.617318457644352,19.799999999999997,
2020-09-19 20:00:00+00:00,Parking_Lot_01,0.0,0.0,0.0,0.0,capacity_mean_plus_2std,uncontrolled,18.73817510758027,14.182681542355645,4.555493565224623,18.73817510758027,
2020-09-20 23:00:00+00:00,Parking_Lot_01,0.0,0.0,0.0,0.0,capacity_mean_plus_2std,uncontrolled,23.443666666666665,14.182681542355645,9.26098512431102,23.443666666666665,
2020-09-21 00:00:00+00:00,Parking_Lot_01,0.0,0.0,0.0,0.0,capacity_mean_plus_2std,uncontrolled,18.635644985064225,14.182681542355645,4.45296344270858,18.635644985064225,
2020-09-21 15:00:00+00:00,Parking_Lot_01,5.9493473795075325,5.9493473795075325,5.9493473795075325,5.9493473795075325,capacity_mean_plus_2std,uncontrolled,14.636533475534632,14.182681542355645,0.45385193317898676,14.636533475534632,
2020-09-23 17:00:00+00:00,Parking_Lot_01,0.0,0.0,0.0,0.0,capacity_mean_plus_2std,uncontrolled,19.799999999999997,14.182681542355645,5.617318457644352,19.799999999999997,
2020-09-25 16:00:00+00:00,Parking_Lot_01,5.152746829579136,5.152746829579136,5.152746829579136,5.152746829579135,capacity_mean_plus_2std,uncontrolled,14.194106365159131,14.182681542355645,0.011424822803485668,14.194106365159131,
2020-09-27 20:00:00+00:00,Parking_Lot_01,0.0,0.0,0.0,0.0,capacity_mean_plus_2std,uncontrolled,15.022499999999999,14.182681542355645,0.8398184576443537,15.022499999999999,
2020-09-27 21:00:00+00:00,Parking_Lot_01,0.0,0.0,0.0,0.0,capacity_mean_plus_2std,uncontrolled,20.069000000000003,14.182681542355645,5.886318457644357,20.069000000000003,
2020-09-27 22:00:00+00:00,Parking_Lot_01,0.0,0.0,0.0,0.0,capacity_mean_plus_2std,uncontrolled,16.25,14.182681542355645,2.0673184576443546,16.25,
2020-09-29 15:00:00+00:00,Parking_Lot_01,6.169774510920296,6.169774510920296,6.169774510920296,6.169774510920296,capacity_mean_plus_2std,uncontrolled,19.799999999999997,14.182681542355645,5.617318457644352,19.799999999999997,
2020-10-01 15:00:00+00:00,Parking_Lot_01,0.0,0.0,0.0,0.0,capacity_mean_plus_2std,uncontrolled,26.4,14.182681542355645,12.217318457644353,26.4,
2020-10-01 16:00:00+00:00,Parking_Lot_01,0.0,0.0,0.0,0.0,capacity_mean_plus_2std,uncontrolled,21.61718040620914,14.182681542355645,7.434498863853495,21.61718040620914,
2020-10-01 17:00:00+00:00,Parking_Lot_01,0.0,0.0,0.0,0.0,capacity_mean_plus_2std,uncontrolled,14.241333333333333,14.182681542355645,0.05865179097768802,14.241333333333333,
2020-10-01 20:00:00+00:00,Parking_Lot_01,0.0,0.0,0.0,0.0,capacity_mean_plus_2std,uncontrolled,16.60419016921837,14.182681542355645,2.4215086268627246,16.60419016921837,
2020-10-03 01:00:00+00:00,Parking_Lot_01,0.0295603592557324,0.0295603592557324,0.0295603592557324,0.0295603592557324,capacity_mean_plus_2std,uncontrolled,14.630734225621415,14.182681542355645,0.44805268326576986,14.630734225621415,
2020-10-07 04:00:00+00:00,Parking_Lot_01,0.0003080680987185,0.0003080680987185,0.0003080680987185,0.0003080680987185,capacity_mean_plus_2std,uncontrolled,18.5185,14.182681542355645,4.335818457644354,18.5185,
2020-10-07 15:00:00+00:00,Parking_Lot_01,5.842730443221253,5.842730443221253,5.842730443221253,5.842730443221253,capacity_mean_plus_2std,uncontrolled,22.040333333333333,14.182681542355645,7.8576517909776875,22.040333333333333,
2020-10-07 16:00:00+00:00,Parking_Lot_01,5.58505878951358,5.58505878951358,5.58505878951358,5.58505878951358,capacity_mean_plus_2std,uncontrolled,16.147166666666667,14.182681542355645,1.9644851243110217,16.147166666666667,
2020-10-11 00:00:00+00:00,Parking_Lot_01,0.0,0.0,0.0,0.0,capacity_mean_plus_2std,uncontrolled,19.799999999999997,14.182681542355645,5.617318457644352,19.799999999999997,
2020-10-11 01:00:00+00:00,Parking_Lot_01,0.0,0.0,0.0,0.0,capacity_mean_plus_2std,uncontrolled,20.238333333333333,14.182681542355645,6.055651790977688,20.238333333333333,
2020-10-11 02:00:00+00:00,Parking_Lot_01,0.0,0.0,0.0,0.0,capacity_mean_plus_2std,uncontrolled,16.25886090225564,14.182681542355645,2.076179359899996,16.25886090225564,
2020-10-11 20:00:00+00:00,Parking_Lot_01,0.0,0.0,0.0,0.0,capacity_mean_plus_2std,uncontrolled,15.373499999999998,14.182681542355645,1.1908184576443528,15.373499999999998,
2020-10-11 21:00:00+00:00,Parking_Lot_01,0.0,0.0,0.0,0.0,capacity_mean_plus_2std,uncontrolled,15.863999999999999,14.182681542355645,1.6813184576443536,15.863999999999999,
2020-10-11 22:00:00+00:00,Parking_Lot_01,0.0,0.0,0.0,0.0,capacity_mean_plus_2std,uncontrolled,15.0055,14.182681542355645,0.8228184576443542,15.0055,
2020-10-11 23:00:00+00:00,Parking_Lot_01,0.0,0.0,0.0,0.0,capacity_mean_plus_2std,uncontrolled,21.550666666666665,14.182681542355645,7.367985124311019,21.550666666666665,
2020-10-12 15:00:00+00:00,Parking_Lot_01,5.846126549658303,5.846126549658303,5.846126549658303,5.846126549658303,capacity_mean_plus_2std,uncontrolled,18.663133281371785,14.182681542355645,4.480451739016139,18.663133281371785,
2020-10-15 15:00:00+00:00,Parking_Lot_01,5.941018952455612,5.941018952455612,5.941018952455612,5.941018952455612,capacity_mean_plus_2std,uncontrolled,21.623166666666666,14.182681542355645,7.440485124311021,21.623166666666666,
2020-10-15 16:00:00+00:00,Parking_Lot_01,5.311759126367186,5.311759126367186,5.311759126367186,5.311759126367186,capacity_mean_plus_2std,uncontrolled,31.79487411178122,14.182681542355645,17.612192569425574,31.79487411178122,
2020-10-15 17:00:00+00:00,Parking_Lot_01,4.858066568228227,4.858066568228227,4.858066568228227,4.858066568228226,capacity_mean_plus_2std,uncontrolled,22.515666666666668,14.182681542355645,8.332985124311023,22.515666666666668,
2020-10-15 18:00:00+00:00,Parking_Lot_01,4.905490806997049,4.905490806997049,4.905490806997049,4.905490806997049,capacity_mean_plus_2std,uncontrolled,19.335851498189,14.182681542355645,5.153169955833356,19.335851498189,
2020-10-17 18:00:00+00:00,Parking_Lot_01,0.0,0.0,0.0,0.0,capacity_mean_plus_2std,uncontrolled,16.00834248079034,14.182681542355645,1.8256609384346945,16.00834248079034,
2020-10-17 19:00:00+00:00,Parking_Lot_01,0.0,0.0,0.0,0.0,capacity_mean_plus_2std,uncontrolled,14.626613545816731,14.182681542355645,0.44393200346108586,14.626613545816731,
2020-10-19 15:00:00+00:00,Parking_Lot_01,5.843302493815163,5.843302493815163,5.843302493815163,5.8433024938151625,capacity_mean_plus_2std,uncontrolled,26.4,14.182681542355645,12.217318457644353,26.4,
2020-10-19 16:00:00+00:00,Parking_Lot_01,3.228014412751619,3.228014412751619,3.228014412751619,3.2280144127516186,capacity_mean_plus_2std,uncontrolled,24.269666666666666,14.182681542355645,10.08698512431102,24.269666666666666,
2020-10-23 15:00:00+00:00,Parking_Lot_01,5.487508813551354,5.487508813551354,5.487508813551354,5.487508813551354,capacity_mean_plus_2std,uncontrolled,26.4,14.182681542355645,12.217318457644353,26.4,
2020-10-23 16:00:00+00:00,Parking_Lot_01,5.441854285301474,5.441854285301474,5.441854285301474,5.441854285301474,capacity_mean_plus_2std,uncontrolled,38.11096505375722,14.182681542355645,23.928283511401574,38.11096505375722,
2020-10-23 17:00:00+00:00,Parking_Lot_01,2.2660173553109644,2.2660173553109644,2.2660173553109644,2.2660173553109644,capacity_mean_plus_2std,uncontrolled,32.11,14.182681542355645,17.927318457644354,32.11,
2020-10-23 18:00:00+00:00,Parking_Lot_01,2.103863461052133,2.103863461052133,2.103863461052133,2.103863461052133,capacity_mean_plus_2std,uncontrolled,16.273138888889857,14.182681542355645,2.090457346534212,16.273138888889857,
2020-10-23 22:00:00+00:00,Parking_Lot_01,1.1989180041779377,1.1989180041779377,1.1989180041779377,1.1989180041779377,capacity_mean_plus_2std,uncontrolled,16.90233333333333,14.182681542355645,2.719651790977686,16.90233333333333,
2020-10-23 23:00:00+00:00,Parking_Lot_01,1.0579695097521646,1.0579695097521646,1.0579695097521646,1.0579695097521646,capacity_mean_plus_2std,uncontrolled,15.061088821599798,14.182681542355645,0.8784072792441524,15.061088821599798,
2020-10-24 23:00:00+00:00,Parking_Lot_01,0.0,0.0,0.0,0.0,capacity_mean_plus_2std,uncontrolled,19.799999999999997,14.182681542355645,5.617318457644352,19.799999999999997,
2020-10-27 16:00:00+00:00,Parking_Lot_01,0.0,0.0,0.0,0.0,capacity_mean_plus_2std,uncontrolled,24.391289692435578,14.182681542355645,10.208608150079932,24.391289692435578,
2020-10-28 15:00:00+00:00,Parking_Lot_01,5.688326348156807,5.688326348156807,5.688326348156807,5.688326348156807,capacity_mean_plus_2std,uncontrolled,20.979228171413112,14.182681542355645,6.796546629057467,20.979228171413112,
2020-10-28 16:00:00+00:00,Parking_Lot_01,5.340214213972857,5.340214213972857,5.340214213972857,5.340214213972857,capacity_mean_plus_2std,uncontrolled,18.66044326893591,14.182681542355645,4.477761726580265,18.66044326893591,
2020-10-31 02:00:00+00:00,Parking_Lot_01,0.0038823756579551,0.0038823756579551,0.0038823756579551,0.0038823756579551,capacity_mean_plus_2std,uncontrolled,21.78927576601671,14.182681542355645,7.606594223661066,21.78927576601671,
2020-10-31 03:00:00+00:00,Parking_Lot_01,0.0038823756579551,0.0038823756579551,0.0038823756579551,0.0038823756579551,capacity_mean_plus_2std,uncontrolled,21.861463414634148,14.182681542355645,7.678781872278503,21.861463414634148,
2020-10-31 18:00:00+00:00,Parking_Lot_01,0.0,0.0,0.0,0.0,capacity_mean_plus_2std,uncontrolled,14.851703433922998,14.182681542355645,0.6690218915673523,14.851703433922998,
2020-10-31 23:00:00+00:00,Parking_Lot_01,0.0,0.0,0.0,0.0,capacity_mean_plus_2std,uncontrolled,16.313333333333333,14.182681542355645,2.130651790977687,16.313333333333333,
2020-11-02 15:00:00+00:00,Parking_Lot_01,0.0,0.0,0.0,0.0,capacity_mean_plus_2std,uncontrolled,24.276051989730423,14.182681542355645,10.093370447374777,24.276051989730423,
2020-11-02 16:00:00+00:00,Parking_Lot_01,0.0,0.0,0.0,0.0,capacity_mean_plus_2std,uncontrolled,24.71133333333333,14.182681542355645,10.528651790977683,24.71133333333333,
2020-11-03 15:00:00+00:00,Parking_Lot_01,0.0,0.0,0.0,0.0,capacity_mean_plus_2std,uncontrolled,18.726136363636364,14.182681542355645,4.543454821280719,18.726136363636364,
2020-11-03 16:00:00+00:00,Parking_Lot_01,0.0,0.0,0.0,0.0,capacity_mean_plus_2std,uncontrolled,23.192666666666668,14.182681542355645,9.009985124311022,23.192666666666668,
2020-11-03 17:00:00+00:00,Parking_Lot_01,0.0,0.0,0.0,0.0,capacity_mean_plus_2std,uncontrolled,18.0355,14.182681542355645,3.8528184576443536,18.0355,
2020-11-04 16:00:00+00:00,Parking_Lot_01,5.746813837403156,5.746813837403156,5.746813837403156,5.746813837403156,capacity_mean_plus_2std,uncontrolled,16.40983333333333,14.182681542355645,2.227151790977686,16.40983333333333,
2020-11-06 15:00:00+00:00,Parking_Lot_01,0.0,0.0,0.0,0.0,capacity_mean_plus_2std,uncontrolled,24.651028806584364,14.182681542355645,10.468347264228719,24.651028806584364,
2020-11-06 16:00:00+00:00,Parking_Lot_01,5.8793502973702045,5.8793502973702045,5.8793502973702045,5.8793502973702045,capacity_mean_plus_2std,uncontrolled,19.137999999999998,14.182681542355645,4.955318457644353,19.137999999999998,
2020-11-06 17:00:00+00:00,Parking_Lot_01,5.166349651149974,5.166349651149974,5.166349651149974,5.166349651149974,capacity_mean_plus_2std,uncontrolled,14.270166666666668,14.182681542355645,0.08748512431102284,14.270166666666668,
2020-11-07 18:00:00+00:00,Parking_Lot_01,1.5144356718240393,1.5144356718240393,1.5144356718240393,1.5144356718240393,capacity_mean_plus_2std,uncontrolled,19.8,14.182681542355645,5.617318457644355,19.8,
2020-11-08 21:00:00+00:00,Parking_Lot_01,0.0,0.0,0.0,0.0,capacity_mean_plus_2std,uncontrolled,24.52933333333333,14.182681542355645,10.346651790977685,24.52933333333333,
2020-11-09 15:00:00+00:00,Parking_Lot_01,0.0,0.0,0.0,0.0,capacity_mean_plus_2std,uncontrolled,18.08603702486581,14.182681542355645,3.9033554825101646,18.08603702486581,
2020-11-09 16:00:00+00:00,Parking_Lot_01,5.759563857863416,5.759563857863416,5.759563857863416,5.759563857863416,capacity_mean_plus_2std,uncontrolled,27.298333333333332,14.182681542355645,13.115651790977687,27.298333333333332,
2020-11-09 17:00:00+00:00,Parking_Lot_01,5.319823415931615,5.319823415931615,5.319823415931615,5.319823415931614,capacity_mean_plus_2std,uncontrolled,17.237166666666667,14.182681542355645,3.0544851243110216,17.237166666666667,
2020-11-10 16:00:00+00:00,Parking_Lot_01,0.0,0.0,0.0,0.0,capacity_mean_plus_2std,uncontrolled,20.12381717119891,14.182681542355645,5.941135628843263,20.12381717119891,
2020-11-10 17:00:00+00:00,Parking_Lot_01,0.0,0.0,0.0,0.0,capacity_mean_plus_2std,uncontrolled,26.4,14.182681542355645,12.217318457644353,26.4,
2020-11-10 18:00:00+00:00,Parking_Lot_01,5.916593421613958,5.916593421613958,5.916593421613958,5.916593421613958,capacity_mean_plus_2std,uncontrolled,20.924333333333337,14.182681542355645,6.741651790977691,20.924333333333337,
2020-11-11 15:00:00+00:00,Parking_Lot_01,0.0,0.0,0.0,0.0,capacity_mean_plus_2std,uncontrolled,26.311155220325524,14.182681542355645,12.128473677969879,26.311155220325524,
2020-11-11 16:00:00+00:00,Parking_Lot_01,0.0,0.0,0.0,0.0,capacity_mean_plus_2std,uncontrolled,27.468751412429377,14.182681542355645,13.286069870073732,27.468751412429377,
2020-11-11 17:00:00+00:00,Parking_Lot_01,0.0,0.0,0.0,0.0,capacity_mean_plus_2std,uncontrolled,30.1755,14.182681542355645,15.992818457644354,30.1755,
2020-11-14 20:00:00+00:00,Parking_Lot_01,0.0,0.0,0.0,0.0,capacity_mean_plus_2std,uncontrolled,15.307900067521942,14.182681542355645,1.1252185251662965,15.307900067521942,
2020-11-16 15:00:00+00:00,Parking_Lot_01,0.0,0.0,0.0,0.0,capacity_mean_plus_2std,uncontrolled,18.272000000000002,14.182681542355645,4.089318457644357,18.272000000000002,
2020-11-17 03:00:00+00:00,Parking_Lot_01,0.0,0.0,0.0,0.0,capacity_mean_plus_2std,uncontrolled,15.403,14.182681542355645,1.220318457644355,15.403,
2020-11-19 15:00:00+00:00,Parking_Lot_01,0.0,0.0,0.0,0.0,capacity_mean_plus_2std,uncontrolled,19.799999999999997,14.182681542355645,5.617318457644352,19.799999999999997,
2020-11-19 16:00:00+00:00,Parking_Lot_01,0.0,0.0,0.0,0.0,capacity_mean_plus_2std,uncontrolled,22.487051373953417,14.182681542355645,8.304369831597771,22.487051373953417,
2020-11-19 17:00:00+00:00,Parking_Lot_01,0.0,0.0,0.0,0.0,capacity_mean_plus_2std,uncontrolled,18.251666666666665,14.182681542355645,4.06898512431102,18.251666666666665,
2020-11-25 02:00:00+00:00,Parking_Lot_01,0.1726299342468329,0.1726299342468329,0.1726299342468329,0.1726299342468329,capacity_mean_plus_2std,uncontrolled,15.062333333333333,14.182681542355645,0.8796517909776878,15.062333333333333,
2020-11-25 15:00:00+00:00,Parking_Lot_01,0.0,0.0,0.0,0.0,capacity_mean_plus_2std,uncontrolled,28.164078092707413,14.182681542355645,13.981396550351768,28.164078092707413,
2020-11-25 16:00:00+00:00,Parking_Lot_01,5.904764294371399,5.904764294371399,5.904764294371399,5.9047642943713985,capacity_mean_plus_2std,uncontrolled,21.82207873485868,14.182681542355645,7.639397192503036,21.82207873485868,
2020-11-27 15:00:00+00:00,Parking_Lot_01,0.0,0.0,0.0,0.0,capacity_mean_plus_2std,uncontrolled,19.04443173593035,14.182681542355645,4.861750193574704,19.04443173593035,
2020-11-28 16:00:00+00:00,Parking_Lot_01,0.0,0.0,0.0,0.0,capacity_mean_plus_2std,uncontrolled,19.07106252135292,14.182681542355645,4.888380978997276,19.07106252135292,
2020-11-28 17:00:00+00:00,Parking_Lot_01,0.0,0.0,0.0,0.0,capacity_mean_plus_2std,uncontrolled,19.799999999999997,14.182681542355645,5.617318457644352,19.799999999999997,
2020-11-28 18:00:00+00:00,Parking_Lot_01,0.0,0.0,0.0,0.0,capacity_mean_plus_2std,uncontrolled,23.125833333333333,14.182681542355645,8.943151790977687,23.125833333333333,
2020-11-28 19:00:00+00:00,Parking_Lot_01,0.0,0.0,0.0,0.0,capacity_mean_plus_2std,uncontrolled,21.05165222222222,14.182681542355645,6.868970679866575,21.05165222222222,
2020-11-30 21:00:00+00:00,Parking_Lot_01,4.381599347667707,4.381599347667707,4.381599347667707,4.381599347667707,capacity_mean_plus_2std,uncontrolled,19.8,14.182681542355645,5.617318457644355,19.8,
2020-12-01 16:00:00+00:00,Parking_Lot_01,0.0,0.0,0.0,0.0,capacity_mean_plus_2std,uncontrolled,19.799999999999997,14.182681542355645,5.617318457644352,19.799999999999997,
2020-12-01 17:00:00+00:00,Parking_Lot_01,6.126460523106917,6.126460523106917,6.126460523106917,6.126460523106916,capacity_mean_plus_2std,uncontrolled,19.894253077480087,14.182681542355645,5.711571535124442,19.894253077480087,
2020-12-01 21:00:00+00:00,Parking_Lot_01,0.5672593141331459,0.5672593141331459,0.5672593141331459,0.5672593141331459,capacity_mean_plus_2std,point_forecast,15.735626514362002,14.182681542355645,1.5529449720063564,15.735626514362002,
2020-12-01 21:00:00+00:00,Parking_Lot_01,0.5672593141331459,0.5672593141331459,0.5672593141331459,0.5672593141331459,capacity_mean_plus_2std,peak_sensitive,15.735626514362002,14.182681542355645,1.5529449720063564,15.735626514362002,
2020-12-01 21:00:00+00:00,Parking_Lot_01,0.5672593141331459,0.5672593141331459,0.5672593141331459,0.5672593141331459,capacity_mean_plus_2std,uncertainty_aware,15.735626514362002,14.182681542355645,1.5529449720063564,15.735626514362002,
2020-12-01 21:00:00+00:00,Parking_Lot_01,0.5672593141331459,0.5672593141331459,0.5672593141331459,0.5672593141331459,capacity_mean_plus_2std,hybrid_uncertainty_peak,15.735626514362002,14.182681542355645,1.5529449720063564,15.735626514362002,
2020-09-03 15:00:00+00:00,S_Wilson_Garage_01,7.234714111962115,7.234714111962115,18.646220698117325,15.22276872227076,capacity_mean_plus_2std,uncontrolled,37.33218427748761,18.43796380491152,18.894220472576094,37.33218427748761,
2020-09-03 16:00:00+00:00,S_Wilson_Garage_01,12.680977708616297,12.680977708616297,32.011444691667606,26.21230459675221,capacity_mean_plus_2std,uncontrolled,33.689758064516134,18.43796380491152,15.251794259604615,33.689758064516134,
2020-09-03 17:00:00+00:00,S_Wilson_Garage_01,11.139261179761627,11.139261179761627,30.46972816281294,24.670588067897548,capacity_mean_plus_2std,uncontrolled,23.9468089117395,18.43796380491152,5.50884510682798,23.9468089117395,
2020-09-04 14:00:00+00:00,S_Wilson_Garage_01,2.5023458444528,2.5023458444528,13.91385243060801,10.490400454761446,capacity_mean_plus_2std,uncontrolled,19.734453781512606,18.43796380491152,1.2964899766010873,19.734453781512606,
2020-09-04 15:00:00+00:00,S_Wilson_Garage_01,3.300712966391966,3.300712966391966,14.712219552547175,11.28876757670061,capacity_mean_plus_2std,uncontrolled,30.289345057633575,18.43796380491152,11.851381252722057,30.289345057633575,
2020-09-05 17:00:00+00:00,S_Wilson_Garage_01,9.89218133996933,9.89218133996933,29.222648323020643,23.42350822810525,capacity_mean_plus_2std,uncontrolled,26.4,18.43796380491152,7.96203619508848,26.4,
2020-09-05 18:00:00+00:00,S_Wilson_Garage_01,11.460455503013945,11.460455503013945,30.790922486065256,24.99178239114986,capacity_mean_plus_2std,uncontrolled,26.4,18.43796380491152,7.96203619508848,26.4,
2020-09-05 19:00:00+00:00,S_Wilson_Garage_01,9.259101548227298,9.259101548227298,20.670608134382505,17.24715615853594,capacity_mean_plus_2std,uncontrolled,19.138166666666667,18.43796380491152,0.7002028617551481,19.138166666666667,
2020-09-05 23:00:00+00:00,S_Wilson_Garage_01,0.0850769711128622,0.0850769711128622,11.496583557268073,8.07313158142151,capacity_mean_plus_2std,uncontrolled,20.439095969289827,18.43796380491152,2.0011321643783084,20.439095969289827,
2020-09-06 01:00:00+00:00,S_Wilson_Garage_01,0.0,0.0,11.411506586155207,7.9880546103086445,capacity_mean_plus_2std,uncontrolled,22.095557646355246,18.43796380491152,3.6575938414437275,22.095557646355246,
2020-09-08 01:00:00+00:00,S_Wilson_Garage_01,0.0,0.0,11.411506586155207,7.9880546103086445,capacity_mean_plus_2std,uncontrolled,20.328666666666663,18.43796380491152,1.8907028617551447,20.328666666666663,
2020-09-08 03:00:00+00:00,S_Wilson_Garage_01,0.0,0.0,11.411506586155207,7.9880546103086445,capacity_mean_plus_2std,uncontrolled,27.713072289156628,18.43796380491152,9.27510848424511,27.713072289156628,
2020-09-08 04:00:00+00:00,S_Wilson_Garage_01,0.0,0.0,11.411506586155207,7.9880546103086445,capacity_mean_plus_2std,uncontrolled,19.799999999999997,18.43796380491152,1.3620361950884785,19.799999999999997,
2020-09-08 15:00:00+00:00,S_Wilson_Garage_01,5.470987272049804,5.470987272049804,16.882493858205013,13.459041882358449,capacity_mean_plus_2std,uncontrolled,31.313581973407977,18.43796380491152,12.875618168496459,31.313581973407977,
2020-09-09 16:00:00+00:00,S_Wilson_Garage_01,8.979810119872345,8.979810119872345,20.391316706027556,16.96786473018099,capacity_mean_plus_2std,uncontrolled,45.32352071005917,18.43796380491152,26.885556905147652,45.32352071005917,
2020-09-09 17:00:00+00:00,S_Wilson_Garage_01,7.520952575120286,7.520952575120286,18.932459161275496,15.509007185428931,capacity_mean_plus_2std,uncontrolled,38.78533525864999,18.43796380491152,20.347371453738468,38.78533525864999,
2020-09-09 18:00:00+00:00,S_Wilson_Garage_01,6.763350030156221,6.763350030156221,18.17485661631143,14.751404640464866,capacity_mean_plus_2std,uncontrolled,18.586000000000006,18.43796380491152,0.14803619508848698,18.586000000000006,
2020-09-10 19:00:00+00:00,S_Wilson_Garage_01,5.660702579990151,5.660702579990151,17.07220916614536,13.648757190298797,capacity_mean_plus_2std,uncontrolled,20.775666666666666,18.43796380491152,2.3377028617551474,20.775666666666666,
2020-09-10 21:00:00+00:00,S_Wilson_Garage_01,1.4653632856648824,1.4653632856648824,12.876869871820093,9.45341789597353,capacity_mean_plus_2std,uncontrolled,22.613833333333332,18.43796380491152,4.1758695284218135,22.613833333333332,
2020-09-10 22:00:00+00:00,S_Wilson_Garage_01,1.1468815305976143,1.1468815305976143,12.558388116752823,9.13493614090626,capacity_mean_plus_2std,uncontrolled,18.8735,18.43796380491152,0.4355361950884813,18.8735,
2020-09-11 15:00:00+00:00,S_Wilson_Garage_01,3.226349165003289,3.226349165003289,14.637855751158495,11.214403775311933,capacity_mean_plus_2std,uncontrolled,33.807294408402846,18.43796380491152,15.369330603491328,33.807294408402846,
2020-09-11 16:00:00+00:00,S_Wilson_Garage_01,5.655191584866869,5.655191584866869,17.06669817102208,13.643246195175516,capacity_mean_plus_2std,uncontrolled,19.060479988050705,18.43796380491152,0.6225161831391866,19.060479988050705,
2020-09-14 16:00:00+00:00,S_Wilson_Garage_01,9.231772552416947,9.231772552416947,20.643279138572154,17.219827162725593,capacity_mean_plus_2std,uncontrolled,18.711166666666664,18.43796380491152,0.27320286175514497,18.711166666666664,
2020-09-15 15:00:00+00:00,S_Wilson_Garage_01,12.472459213608625,12.472459213608625,31.80292619665994,26.00378610174454,capacity_mean_plus_2std,uncontrolled,18.979158738080432,18.43796380491152,0.5411949331689136,18.979158738080432,
2020-09-19 18:00:00+00:00,S_Wilson_Garage_01,6.188671149744065,6.188671149744065,17.600177735899273,14.17672576005271,capacity_mean_plus_2std,uncontrolled,22.226999999999997,18.43796380491152,3.789036195088478,22.226999999999997,
2020-09-19 19:00:00+00:00,S_Wilson_Garage_01,8.98283799201241,8.98283799201241,20.39434457816762,16.970892602321054,capacity_mean_plus_2std,uncontrolled,18.919088714818386,18.43796380491152,0.4811249099068675,18.919088714818386,
2020-09-21 15:00:00+00:00,S_Wilson_Garage_01,6.456811256970624,6.456811256970624,17.868317843125833,14.44486586727927,capacity_mean_plus_2std,uncontrolled,19.8,18.43796380491152,1.362036195088482,19.8,
2020-09-21 16:00:00+00:00,S_Wilson_Garage_01,12.402998354361594,12.402998354361594,31.73346533741291,25.93432524249751,capacity_mean_plus_2std,uncontrolled,21.425390083630987,18.43796380491152,2.987426278719468,21.425390083630987,
2020-09-21 17:00:00+00:00,S_Wilson_Garage_01,9.514954517705718,9.514954517705718,28.84542150075703,23.046281405841633,capacity_mean_plus_2std,uncontrolled,26.4,18.43796380491152,7.96203619508848,26.4,
2020-09-21 18:00:00+00:00,S_Wilson_Garage_01,9.171530421253737,9.171530421253737,20.583037007408947,17.159585031562383,capacity_mean_plus_2std,uncontrolled,22.764333333333333,18.43796380491152,4.326369528421814,22.764333333333333,
2020-09-23 15:00:00+00:00,S_Wilson_Garage_01,6.936667890604884,6.936667890604884,18.348174476760093,14.92472250091353,capacity_mean_plus_2std,uncontrolled,30.908500000000004,18.43796380491152,12.470536195088485,30.908500000000004,
2020-09-23 16:00:00+00:00,S_Wilson_Garage_01,9.42313136094508,9.42313136094508,28.753598343996394,22.954458249081,capacity_mean_plus_2std,uncontrolled,24.486776569624695,18.43796380491152,6.048812764713176,24.486776569624695,
2020-09-27 22:00:00+00:00,S_Wilson_Garage_01,1.1646888018225288,1.1646888018225288,12.576195387977736,9.152743412131173,capacity_mean_plus_2std,uncontrolled,19.799999999999997,18.43796380491152,1.3620361950884785,19.799999999999997,
2020-09-28 20:00:00+00:00,S_Wilson_Garage_01,10.609491085496064,10.609491085496064,29.939958068547377,24.140817973631982,capacity_mean_plus_2std,uncontrolled,19.799999999999997,18.43796380491152,1.3620361950884785,19.799999999999997,
2020-09-28 21:00:00+00:00,S_Wilson_Garage_01,11.15705578002716,11.15705578002716,30.487522763078477,24.68838266816308,capacity_mean_plus_2std,uncontrolled,19.799999999999997,18.43796380491152,1.3620361950884785,19.799999999999997,
2020-09-29 15:00:00+00:00,S_Wilson_Garage_01,12.723202708467127,16.370874210860467,32.05366969151844,27.348831047321045,capacity_mean_plus_2std,uncontrolled,26.4,18.43796380491152,7.96203619508848,26.4,
2020-09-29 16:00:00+00:00,S_Wilson_Garage_01,12.105088534568864,15.752760036962204,31.435555517620177,26.730716873422786,capacity_mean_plus_2std,uncontrolled,31.946398430021066,18.43796380491152,13.508434625109548,31.946398430021066,
2020-09-29 17:00:00+00:00,S_Wilson_Garage_01,11.804382317999718,15.452053820393058,31.13484930105103,26.43001065685364,capacity_mean_plus_2std,uncontrolled,51.527813813786366,18.43796380491152,33.08985000887485,51.527813813786366,
2020-09-29 18:00:00+00:00,S_Wilson_Garage_01,10.371552753059785,10.371552753059785,29.702019736111097,23.902879641195703,capacity_mean_plus_2std,uncontrolled,27.054499999999997,18.43796380491152,8.616536195088479,27.054499999999997,
2020-09-30 15:00:00+00:00,S_Wilson_Garage_01,3.7044479576694873,3.7044479576694873,15.115954543824696,11.692502567978133,capacity_mean_plus_2std,uncontrolled,19.803,18.43796380491152,1.3650361950884822,19.803,
2020-09-30 16:00:00+00:00,S_Wilson_Garage_01,10.41560146254741,10.41560146254741,29.746068445598723,23.94692835068333,capacity_mean_plus_2std,uncontrolled,20.078,18.43796380491152,1.6400361950884808,20.078,
2020-10-01 02:00:00+00:00,S_Wilson_Garage_01,5.419248729515298,5.419248729515298,16.83075531567051,13.407303339823944,capacity_mean_plus_2std,uncontrolled,25.087833333333336,18.43796380491152,6.649869528421817,25.087833333333336,
2020-10-01 03:00:00+00:00,S_Wilson_Garage_01,5.243054794683878,5.243054794683878,16.654561380839088,13.231109404992525,capacity_mean_plus_2std,uncontrolled,26.057848238482382,18.43796380491152,7.6198844335708635,26.057848238482382,
2020-10-04 22:00:00+00:00,S_Wilson_Garage_01,1.374365950609053,1.374365950609053,12.785872536764264,9.3624205609177,capacity_mean_plus_2std,uncontrolled,26.32509586706434,18.43796380491152,7.887132062152823,26.32509586706434,
2020-10-04 23:00:00+00:00,S_Wilson_Garage_01,7.602082597707803,7.602082597707803,19.01358918386301,15.590137208016447,capacity_mean_plus_2std,uncontrolled,22.917999999999996,18.43796380491152,4.480036195088477,22.917999999999996,
2020-10-06 17:00:00+00:00,S_Wilson_Garage_01,11.181460975973044,11.181460975973044,30.511927959024355,24.712787864108957,capacity_mean_plus_2std,uncontrolled,19.799999999999997,18.43796380491152,1.3620361950884785,19.799999999999997,
2020-10-07 15:00:00+00:00,S_Wilson_Garage_01,3.645854493923624,3.645854493923624,15.057361080078833,11.63390910423227,capacity_mean_plus_2std,uncontrolled,27.271472650771386,18.43796380491152,8.833508845859868,27.271472650771386,
2020-10-09 01:00:00+00:00,S_Wilson_Garage_01,2.973708901410465,2.973708901410465,14.385215487565674,10.961763511719111,capacity_mean_plus_2std,uncontrolled,20.641333333333336,18.43796380491152,2.203369528421817,20.641333333333336,
2020-10-09 14:00:00+00:00,S_Wilson_Garage_01,0.0,0.0,11.411506586155207,7.9880546103086445,capacity_mean_plus_2std,uncontrolled,18.898833333333332,18.43796380491152,0.4608695284218136,18.898833333333332,
2020-10-09 15:00:00+00:00,S_Wilson_Garage_01,0.0851262532888694,0.0851262532888694,11.49663283944408,8.073180863597516,capacity_mean_plus_2std,uncontrolled,30.72328754685757,18.43796380491152,12.285323741946051,30.72328754685757,
2020-10-09 16:00:00+00:00,S_Wilson_Garage_01,7.693419980721273,11.341091483114614,19.10492656687648,16.775776041747918,capacity_mean_plus_2std,uncontrolled,23.267833333333332,18.43796380491152,4.829869528421813,23.267833333333332,
2020-10-14 15:00:00+00:00,S_Wilson_Garage_01,7.03662404514478,7.03662404514478,18.44813063129999,15.024678655453425,capacity_mean_plus_2std,uncontrolled,22.51228132640001,18.43796380491152,4.074317521488492,22.51228132640001,
2020-10-14 16:00:00+00:00,S_Wilson_Garage_01,9.864421428814106,9.864421428814106,29.19488841186542,23.395748316950026,capacity_mean_plus_2std,uncontrolled,28.301906824146982,18.43796380491152,9.863943019235464,28.301906824146982,
2020-10-14 17:00:00+00:00,S_Wilson_Garage_01,10.671794459053432,10.671794459053432,30.002261442104743,24.20312134718935,capacity_mean_plus_2std,uncontrolled,24.670513513513512,18.43796380491152,6.232549708601994,24.670513513513512,
2020-10-15 15:00:00+00:00,S_Wilson_Garage_01,8.854758003815176,8.854758003815176,20.266264589970383,16.84281261412382,capacity_mean_plus_2std,uncontrolled,19.661833333333334,18.43796380491152,1.2238695284218153,19.661833333333334,
2020-10-15 16:00:00+00:00,S_Wilson_Garage_01,15.596566086126728,19.24423758852007,36.81297851295193,31.542356235622368,capacity_mean_plus_2std,uncontrolled,23.403135249366017,18.43796380491152,4.965171444454498,23.403135249366017,
2020-10-17 21:00:00+00:00,S_Wilson_Garage_01,1.5411149900868244,1.5411149900868244,12.952621576242034,9.52916960039547,capacity_mean_plus_2std,uncontrolled,18.628333333333337,18.43796380491152,0.19036952842181876,18.628333333333337,
2020-10-19 16:00:00+00:00,S_Wilson_Garage_01,9.692752599641196,9.692752599641196,29.02321958269251,23.224079487777114,capacity_mean_plus_2std,uncontrolled,30.81851606164446,18.43796380491152,12.38055225673294,30.81851606164446,
2020-10-20 14:00:00+00:00,S_Wilson_Garage_01,6.496219890511105,6.496219890511105,17.907726476666312,14.48427450081975,capacity_mean_plus_2std,uncontrolled,33.542631284916204,18.43796380491152,15.104667480004686,33.542631284916204,
2020-10-20 15:00:00+00:00,S_Wilson_Garage_01,9.653999731689778,9.653999731689778,28.98446671474109,23.185326619825695,capacity_mean_plus_2std,uncontrolled,49.295666666666676,18.43796380491152,30.857702861755158,49.295666666666676,
2020-10-20 16:00:00+00:00,S_Wilson_Garage_01,9.363687474392863,9.363687474392863,20.775194060548078,17.351742084701513,capacity_mean_plus_2std,uncontrolled,40.75625943910784,18.43796380491152,22.318295634196325,40.75625943910784,
2020-10-21 16:00:00+00:00,S_Wilson_Garage_01,10.546822447168942,10.546822447168942,29.87728943022025,24.078149335304857,capacity_mean_plus_2std,uncontrolled,30.975634297427696,18.43796380491152,12.537670492516177,30.975634297427696,
2020-10-22 15:00:00+00:00,S_Wilson_Garage_01,10.546375925795283,14.194047428188624,29.8768429088466,25.172004264649207,capacity_mean_plus_2std,uncontrolled,23.575179836833115,18.43796380491152,5.1372160319215965,23.575179836833115,
2020-10-22 16:00:00+00:00,S_Wilson_Garage_01,18.860234092404845,22.507905594798185,40.07664651923005,34.80602424190049,capacity_mean_plus_2std,uncontrolled,22.329481198589896,18.43796380491152,3.8915173936783773,22.329481198589896,
2020-10-25 18:00:00+00:00,S_Wilson_Garage_01,2.7256155283642114,2.7256155283642114,14.13712211451942,10.713670138672857,capacity_mean_plus_2std,uncontrolled,19.691166666666668,18.43796380491152,1.253202861755149,19.691166666666668,
2020-10-26 15:00:00+00:00,S_Wilson_Garage_01,8.413522775996254,8.413522775996254,19.82502936215146,16.401577386304897,capacity_mean_plus_2std,uncontrolled,39.6,18.43796380491152,21.162036195088483,39.6,
2020-10-26 16:00:00+00:00,S_Wilson_Garage_01,13.325246077372787,13.325246077372787,34.54165850419799,28.17673477615043,capacity_mean_plus_2std,uncontrolled,30.457833333333333,18.43796380491152,12.019869528421815,30.457833333333333,
2020-10-26 17:00:00+00:00,S_Wilson_Garage_01,11.945803118714108,11.945803118714108,31.27627010176542,25.477130006850025,capacity_mean_plus_2std,uncontrolled,26.39433333333333,18.43796380491152,7.95636952842181,26.39433333333333,
2020-10-29 16:00:00+00:00,S_Wilson_Garage_01,14.833733178577187,18.481404680970527,36.05014560540239,30.77952332807283,capacity_mean_plus_2std,uncontrolled,19.799999999999997,18.43796380491152,1.3620361950884785,19.799999999999997,
2020-10-31 01:00:00+00:00,S_Wilson_Garage_01,0.8109262003661514,0.8109262003661514,12.22243278652136,8.798980810674797,capacity_mean_plus_2std,uncontrolled,19.799999999999997,18.43796380491152,1.3620361950884785,19.799999999999997,
2020-10-31 19:00:00+00:00,S_Wilson_Garage_01,4.274078010274337,4.274078010274337,15.685584596429546,12.262132620582983,capacity_mean_plus_2std,uncontrolled,18.733834586466166,18.43796380491152,0.2958707815546475,18.733834586466166,
2020-11-01 19:00:00+00:00,S_Wilson_Garage_01,8.500854997554457,8.500854997554457,19.912361583709668,16.488909607863103,capacity_mean_plus_2std,uncontrolled,18.680908755048755,18.43796380491152,0.24294495013723605,18.680908755048755,
2020-11-03 15:00:00+00:00,S_Wilson_Garage_01,8.31902419170857,8.31902419170857,19.730530777863777,16.307078802017216,capacity_mean_plus_2std,uncontrolled,19.5045,18.43796380491152,1.0665361950884815,19.5045,
2020-11-03 16:00:00+00:00,S_Wilson_Garage_01,10.095959819767804,13.743631322161145,29.426426802819115,24.72158815862172,capacity_mean_plus_2std,uncontrolled,19.799999999999997,18.43796380491152,1.3620361950884785,19.799999999999997,
2020-11-04 15:00:00+00:00,S_Wilson_Garage_01,6.639069392540756,6.639069392540756,18.050575978695964,14.627124002849401,capacity_mean_plus_2std,uncontrolled,26.4,18.43796380491152,7.96203619508848,26.4,
2020-11-04 16:00:00+00:00,S_Wilson_Garage_01,11.484238243435083,11.484238243435083,30.8147052264864,25.015565131571,capacity_mean_plus_2std,uncontrolled,20.390333333333334,18.43796380491152,1.9523695284218157,20.390333333333334,
2020-11-05 15:00:00+00:00,S_Wilson_Garage_01,9.65458972962968,9.65458972962968,28.985056712680997,23.185916617765603,capacity_mean_plus_2std,uncontrolled,27.296499999999995,18.43796380491152,8.858536195088476,27.296499999999995,
2020-11-05 16:00:00+00:00,S_Wilson_Garage_01,10.977140789156312,14.624812291549652,30.307607772207625,25.60276912801023,capacity_mean_plus_2std,uncontrolled,29.808368279567432,18.43796380491152,11.370404474655913,29.808368279567432,
2020-11-05 17:00:00+00:00,S_Wilson_Garage_01,15.541464157344867,19.18913565973821,36.75787658417007,31.48725430684051,capacity_mean_plus_2std,uncontrolled,31.812618644067797,18.43796380491152,13.374654839156278,31.812618644067797,
2020-11-06 15:00:00+00:00,S_Wilson_Garage_01,0.0,0.0,11.411506586155207,7.9880546103086445,capacity_mean_plus_2std,uncontrolled,26.4,18.43796380491152,7.96203619508848,26.4,
2020-11-06 16:00:00+00:00,S_Wilson_Garage_01,8.532404472481877,8.532404472481877,19.943911058637084,16.520459082790524,capacity_mean_plus_2std,uncontrolled,25.65626128921061,18.43796380491152,7.218297484299093,25.65626128921061,
2020-11-06 19:00:00+00:00,S_Wilson_Garage_01,8.80181141531697,8.80181141531697,20.21331800147218,16.789866025625617,capacity_mean_plus_2std,uncontrolled,18.612257608768395,18.43796380491152,0.17429380385687665,18.612257608768395,
2020-11-07 20:00:00+00:00,S_Wilson_Garage_01,7.964814463566047,7.964814463566047,19.376321049721252,15.952869073874691,capacity_mean_plus_2std,uncontrolled,19.005305555556525,18.43796380491152,0.5673417506450065,19.005305555556525,
2020-11-07 22:00:00+00:00,S_Wilson_Garage_01,5.082793646622301,5.082793646622301,16.494300232777512,13.070848256930947,capacity_mean_plus_2std,uncontrolled,21.680775280898878,18.43796380491152,3.2428114759873594,21.680775280898878,
2020-11-08 23:00:00+00:00,S_Wilson_Garage_01,1.44848762125407,1.44848762125407,12.85999420740928,9.436542231562717,capacity_mean_plus_2std,uncontrolled,26.4,18.43796380491152,7.96203619508848,26.4,
2020-11-09 00:00:00+00:00,S_Wilson_Garage_01,6.764499907495974,6.764499907495974,18.176006493651183,14.752554517804619,capacity_mean_plus_2std,uncontrolled,27.546999999999997,18.43796380491152,9.109036195088478,27.546999999999997,
2020-11-09 01:00:00+00:00,S_Wilson_Garage_01,5.379815834214046,5.379815834214046,16.791322420369255,13.36787044452269,capacity_mean_plus_2std,uncontrolled,19.646166666666666,18.43796380491152,1.2082028617551472,19.646166666666666,
2020-11-09 15:00:00+00:00,S_Wilson_Garage_01,2.353051916800476,2.353051916800476,13.764558502955683,10.34110652710912,capacity_mean_plus_2std,uncontrolled,39.27575018076645,18.43796380491152,20.837786375854932,39.27575018076645,
2020-11-09 16:00:00+00:00,S_Wilson_Garage_01,5.649049154584896,5.649049154584896,17.060555740740107,13.637103764893544,capacity_mean_plus_2std,uncontrolled,21.016333333333336,18.43796380491152,2.578369528421817,21.016333333333336,
2020-11-13 13:00:00+00:00,S_Wilson_Garage_01,1.011713961322274,1.011713961322274,12.423220547477484,8.999768571630922,capacity_mean_plus_2std,uncontrolled,19.014944356120825,18.43796380491152,0.5769805512093065,19.014944356120825,
2020-11-13 15:00:00+00:00,S_Wilson_Garage_01,1.6754925698013727,1.6754925698013727,13.08699915595658,9.663547180110017,capacity_mean_plus_2std,uncontrolled,22.961925365062193,18.43796380491152,4.523961560150674,22.961925365062193,
2020-11-13 16:00:00+00:00,S_Wilson_Garage_01,12.33664691192362,12.33664691192362,31.66711389497493,25.867973800059534,capacity_mean_plus_2std,uncontrolled,28.1905,18.43796380491152,9.752536195088481,28.1905,
2020-11-13 17:00:00+00:00,S_Wilson_Garage_01,12.31033256049865,15.958004062891993,31.640799543549964,26.93596089935257,capacity_mean_plus_2std,uncontrolled,38.731500000000004,18.43796380491152,20.293536195088485,38.731500000000004,
2020-11-15 16:00:00+00:00,S_Wilson_Garage_01,3.935788489683885,3.935788489683885,15.347295075839094,11.923843099992531,capacity_mean_plus_2std,uncontrolled,19.799999999999997,18.43796380491152,1.3620361950884785,19.799999999999997,
2020-11-16 15:00:00+00:00,S_Wilson_Garage_01,1.4390598315713818,1.4390598315713818,12.85056641772659,9.427114441880027,capacity_mean_plus_2std,uncontrolled,32.42431259044862,18.43796380491152,13.986348785537103,32.42431259044862,
2020-11-16 16:00:00+00:00,S_Wilson_Garage_01,9.513388546124736,9.513388546124736,28.843855529176047,23.04471543426065,capacity_mean_plus_2std,uncontrolled,19.419000000000004,18.43796380491152,0.9810361950884854,19.419000000000004,
2020-11-17 16:00:00+00:00,S_Wilson_Garage_01,9.976913634955848,9.976913634955848,29.30738061800716,23.508240523091764,capacity_mean_plus_2std,uncontrolled,21.752166666666668,18.43796380491152,3.314202861755149,21.752166666666668,
2020-11-17 17:00:00+00:00,S_Wilson_Garage_01,8.892771424992413,8.892771424992413,20.304278011147623,16.88082603530106,capacity_mean_plus_2std,uncontrolled,25.177777777777784,18.43796380491152,6.739813972866266,25.177777777777784,
2020-11-17 18:00:00+00:00,S_Wilson_Garage_01,13.080626615340677,13.080626615340677,34.29703904216588,27.932115314118317,capacity_mean_plus_2std,uncontrolled,22.745333333333328,18.43796380491152,4.307369528421809,22.745333333333328,
2020-11-18 15:00:00+00:00,S_Wilson_Garage_01,6.444337566540392,6.444337566540392,17.855844152695603,14.432392176849039,capacity_mean_plus_2std,uncontrolled,20.782037143701075,18.43796380491152,2.3440733387895563,20.782037143701075,
2020-11-18 17:00:00+00:00,S_Wilson_Garage_01,9.410472746911886,9.410472746911886,28.7409397299632,22.941799635047804,capacity_mean_plus_2std,uncontrolled,20.888666666666666,18.43796380491152,2.450702861755147,20.888666666666666,
2020-11-20 03:00:00+00:00,S_Wilson_Garage_01,0.0432240512857574,0.0432240512857574,11.454730637440967,8.031278661594403,capacity_mean_plus_2std,uncontrolled,21.569333333333333,18.43796380491152,3.131369528421814,21.569333333333333,
2020-11-20 16:00:00+00:00,S_Wilson_Garage_01,0.8304066939042843,0.8304066939042843,12.241913280059494,8.818461304212931,capacity_mean_plus_2std,uncontrolled,21.393135926993274,18.43796380491152,2.9551721220817555,21.393135926993274,
2020-11-23 15:00:00+00:00,S_Wilson_Garage_01,0.0,0.0,11.411506586155207,7.9880546103086445,capacity_mean_plus_2std,uncontrolled,25.02616666666667,18.43796380491152,6.58820286175515,25.02616666666667,
2020-11-24 01:00:00+00:00,S_Wilson_Garage_01,5.269604851290881,5.269604851290881,16.68111143744609,13.257659461599527,capacity_mean_plus_2std,uncontrolled,25.777859778597783,18.43796380491152,7.339895973686264,25.777859778597783,
2020-11-24 02:00:00+00:00,S_Wilson_Garage_01,4.989564861291064,4.989564861291064,16.401071447446274,12.977619471599711,capacity_mean_plus_2std,uncontrolled,19.85733333333333,18.43796380491152,1.4193695284218109,19.85733333333333,
2020-11-24 15:00:00+00:00,S_Wilson_Garage_01,3.007454000508833,3.007454000508833,14.418960586664042,10.99550861081748,capacity_mean_plus_2std,uncontrolled,34.68773014804845,18.43796380491152,16.249766343136933,34.68773014804845,
2020-11-24 16:00:00+00:00,S_Wilson_Garage_01,9.562775193424187,9.562775193424187,28.8932421764755,23.094102081560106,capacity_mean_plus_2std,uncontrolled,45.08280137673209,18.43796380491152,26.644837571820574,45.08280137673209,
2020-11-24 17:00:00+00:00,S_Wilson_Garage_01,11.31404595552294,11.31404595552294,30.64451293857425,24.845372843658854,capacity_mean_plus_2std,uncontrolled,29.81,18.43796380491152,11.37203619508848,29.81,
2020-11-25 15:00:00+00:00,S_Wilson_Garage_01,2.6141922172291023,2.6141922172291023,14.025698803384312,10.60224682753775,capacity_mean_plus_2std,uncontrolled,27.101499999999998,18.43796380491152,8.66353619508848,27.101499999999998,
2020-11-25 16:00:00+00:00,S_Wilson_Garage_01,9.37373561010307,9.37373561010307,20.78524219625828,17.361790220411716,capacity_mean_plus_2std,uncontrolled,19.105833333333333,18.43796380491152,0.6678695284218144,19.105833333333333,
2020-11-27 15:00:00+00:00,S_Wilson_Garage_01,0.0,0.0,11.411506586155207,7.9880546103086445,capacity_mean_plus_2std,uncontrolled,26.4,18.43796380491152,7.96203619508848,26.4,
2020-11-27 16:00:00+00:00,S_Wilson_Garage_01,0.0,0.0,11.411506586155207,7.9880546103086445,capacity_mean_plus_2std,uncontrolled,25.659,18.43796380491152,7.22103619508848,25.659,
2020-11-28 03:00:00+00:00,S_Wilson_Garage_01,0.0,0.0,11.411506586155207,7.9880546103086445,capacity_mean_plus_2std,uncontrolled,21.076811013767205,18.43796380491152,2.6388472088556867,21.076811013767205,
2020-11-29 01:00:00+00:00,S_Wilson_Garage_01,0.0,0.0,11.411506586155207,7.9880546103086445,capacity_mean_plus_2std,uncontrolled,19.799999999999997,18.43796380491152,1.3620361950884785,19.799999999999997,
2020-11-29 21:00:00+00:00,S_Wilson_Garage_01,4.231509140870083,4.231509140870083,15.643015727025292,12.219563751178729,capacity_mean_plus_2std,uncontrolled,19.799999999999997,18.43796380491152,1.3620361950884785,19.799999999999997,
2020-11-29 22:00:00+00:00,S_Wilson_Garage_01,3.544451067477932,3.544451067477932,14.955957653633142,11.532505677786578,capacity_mean_plus_2std,uncontrolled,23.819787501503665,18.43796380491152,5.381823696592146,23.819787501503665,
2020-11-30 15:00:00+00:00,S_Wilson_Garage_01,5.816405128816694,5.816405128816694,17.227911714971903,13.804459739125338,capacity_mean_plus_2std,uncontrolled,29.866372072470167,18.43796380491152,11.428408267558648,29.866372072470167,
2020-11-30 16:00:00+00:00,S_Wilson_Garage_01,9.011652188853722,9.011652188853722,20.42315877500893,16.999706799162368,capacity_mean_plus_2std,uncontrolled,43.41366666666667,18.43796380491152,24.975702861755153,43.41366666666667,
2020-11-30 17:00:00+00:00,S_Wilson_Garage_01,7.979486334474289,7.979486334474289,19.390992920629497,15.967540944782934,capacity_mean_plus_2std,uncontrolled,22.494707443804362,18.43796380491152,4.0567436388928435,22.494707443804362,
2020-09-29 16:00:00+00:00,S_Wilson_Garage_01,12.105088534568864,15.752760036962204,31.435555517620177,26.730716873422786,capacity_mean_plus_2std,valley_filling,25.03796380491152,18.43796380491152,6.600000000000001,25.03796380491152,
2020-09-29 20:00:00+00:00,S_Wilson_Garage_01,7.394512175266698,7.394512175266698,18.806018761421907,15.382566785575342,capacity_mean_plus_2std,valley_filling,23.074037141355735,18.43796380491152,4.636073336444216,23.074037141355735,
2020-10-20 14:00:00+00:00,S_Wilson_Garage_01,6.496219890511105,6.496219890511105,17.907726476666312,14.48427450081975,capacity_mean_plus_2std,valley_filling,24.101999999999997,18.43796380491152,5.664036195088478,24.101999999999997,
2020-10-20 15:00:00+00:00,S_Wilson_Garage_01,9.653999731689778,9.653999731689778,28.98446671474109,23.185326619825695,capacity_mean_plus_2std,valley_filling,19.04662833539352,18.43796380491152,0.6086645304820024,19.04662833539352,
2020-11-30 15:00:00+00:00,S_Wilson_Garage_01,5.816405128816694,5.816405128816694,17.227911714971903,13.804459739125338,capacity_mean_plus_2std,valley_filling,18.6799957885284,18.43796380491152,0.24203198361688294,18.6799957885284,
2020-11-30 16:00:00+00:00,S_Wilson_Garage_01,9.011652188853722,9.011652188853722,20.42315877500893,16.999706799162368,capacity_mean_plus_2std,valley_filling,22.030630471578185,18.43796380491152,3.5926666666666662,22.030630471578185,
2020-09-10 22:00:00+00:00,S_Wilson_Garage_01,1.1468815305976143,1.1468815305976143,12.558388116752823,9.13493614090626,capacity_mean_plus_2std,point_forecast,18.718729638244852,18.43796380491152,0.2807658333333336,18.718729638244852,
2020-09-29 19:00:00+00:00,S_Wilson_Garage_01,6.004350068616616,6.004350068616616,17.415856654771826,13.992404678925263,capacity_mean_plus_2std,point_forecast,25.768816602531686,18.43796380491152,7.330852797620167,25.768816602531686,
2020-09-29 20:00:00+00:00,S_Wilson_Garage_01,7.394512175266698,7.394512175266698,18.806018761421907,15.382566785575342,capacity_mean_plus_2std,point_forecast,19.081,18.43796380491152,0.6430361950884809,19.081,
2020-11-30 19:00:00+00:00,S_Wilson_Garage_01,5.650688128023417,5.650688128023417,17.062194714178627,13.638742738332063,capacity_mean_plus_2std,point_forecast,23.220130836554,18.43796380491152,4.78216703164248,23.220130836554,
2020-09-10 22:00:00+00:00,S_Wilson_Garage_01,1.1468815305976143,1.1468815305976143,12.558388116752823,9.13493614090626,capacity_mean_plus_2std,peak_sensitive,18.718729638244852,18.43796380491152,0.2807658333333336,18.718729638244852,
2020-09-29 19:00:00+00:00,S_Wilson_Garage_01,6.004350068616616,6.004350068616616,17.415856654771826,13.992404678925263,capacity_mean_plus_2std,peak_sensitive,25.768816602531686,18.43796380491152,7.330852797620167,25.768816602531686,
2020-09-29 20:00:00+00:00,S_Wilson_Garage_01,7.394512175266698,7.394512175266698,18.806018761421907,15.382566785575342,capacity_mean_plus_2std,peak_sensitive,19.081,18.43796380491152,0.6430361950884809,19.081,
2020-11-30 19:00:00+00:00,S_Wilson_Garage_01,5.650688128023417,5.650688128023417,17.062194714178627,13.638742738332063,capacity_mean_plus_2std,peak_sensitive,23.220130836554,18.43796380491152,4.78216703164248,23.220130836554,
2020-09-10 22:00:00+00:00,S_Wilson_Garage_01,1.1468815305976143,1.1468815305976143,12.558388116752823,9.13493614090626,capacity_mean_plus_2std,uncertainty_aware,18.718729638244852,18.43796380491152,0.2807658333333336,18.718729638244852,
2020-09-29 19:00:00+00:00,S_Wilson_Garage_01,6.004350068616616,6.004350068616616,17.415856654771826,13.992404678925263,capacity_mean_plus_2std,uncertainty_aware,25.768816602531686,18.43796380491152,7.330852797620167,25.768816602531686,
2020-09-29 20:00:00+00:00,S_Wilson_Garage_01,7.394512175266698,7.394512175266698,18.806018761421907,15.382566785575342,capacity_mean_plus_2std,uncertainty_aware,19.081,18.43796380491152,0.6430361950884809,19.081,
2020-11-30 19:00:00+00:00,S_Wilson_Garage_01,5.650688128023417,5.650688128023417,17.062194714178627,13.638742738332063,capacity_mean_plus_2std,uncertainty_aware,23.220130836554,18.43796380491152,4.78216703164248,23.220130836554,
2020-09-10 22:00:00+00:00,S_Wilson_Garage_01,1.1468815305976143,1.1468815305976143,12.558388116752823,9.13493614090626,capacity_mean_plus_2std,hybrid_uncertainty_peak,18.718729638244852,18.43796380491152,0.2807658333333336,18.718729638244852,
2020-09-29 19:00:00+00:00,S_Wilson_Garage_01,6.004350068616616,6.004350068616616,17.415856654771826,13.992404678925263,capacity_mean_plus_2std,hybrid_uncertainty_peak,25.768816602531686,18.43796380491152,7.330852797620167,25.768816602531686,
2020-09-29 20:00:00+00:00,S_Wilson_Garage_01,7.394512175266698,7.394512175266698,18.806018761421907,15.382566785575342,capacity_mean_plus_2std,hybrid_uncertainty_peak,19.081,18.43796380491152,0.6430361950884809,19.081,
2020-11-30 19:00:00+00:00,S_Wilson_Garage_01,5.650688128023417,5.650688128023417,17.062194714178627,13.638742738332063,capacity_mean_plus_2std,hybrid_uncertainty_peak,23.220130836554,18.43796380491152,4.78216703164248,23.220130836554,
